exp_id,stage,event_type,job_id,timestamp_sec,reason,size_or_out_bytes,extra_info
formal_f3_clean_rep01,PRELOAD,FLUSH,2,0.3836,"Write Buffer Full",59991933,"/home/wam/grad/s14-range-delete-study/run-db/formal_v2/db_formal_f3_clean_rep01/000009.sst"
formal_f3_clean_rep01,PRELOAD,FLUSH,3,0.7756,"Write Buffer Full",59992999,"/home/wam/grad/s14-range-delete-study/run-db/formal_v2/db_formal_f3_clean_rep01/000011.sst"
formal_f3_clean_rep01,PRELOAD,FLUSH,4,0.7756,"Manual Flush",15631873,"/home/wam/grad/s14-range-delete-study/run-db/formal_v2/db_formal_f3_clean_rep01/000013.sst"
formal_f3_t0_rep01,PRELOAD,FLUSH,2,0.3817,"Write Buffer Full",59992843,"/home/wam/grad/s14-range-delete-study/run-db/formal_v2/db_formal_f3_t0_rep01/000009.sst"
formal_f3_t0_rep01,PRELOAD,FLUSH,3,0.6731,"Write Buffer Full",59991938,"/home/wam/grad/s14-range-delete-study/run-db/formal_v2/db_formal_f3_t0_rep01/000011.sst"
formal_f3_t0_rep01,PRELOAD,FLUSH,4,0.6731,"Manual Flush",15631721,"/home/wam/grad/s14-range-delete-study/run-db/formal_v2/db_formal_f3_t0_rep01/000013.sst"
formal_f3_t256_rep01,PRELOAD,FLUSH,2,0.3763,"Write Buffer Full",59992843,"/home/wam/grad/s14-range-delete-study/run-db/formal_v2/db_formal_f3_t256_rep01/000009.sst"
formal_f3_t256_rep01,PRELOAD,FLUSH,3,0.6397,"Write Buffer Full",59992998,"/home/wam/grad/s14-range-delete-study/run-db/formal_v2/db_formal_f3_t256_rep01/000011.sst"
formal_f3_t256_rep01,PRELOAD,FLUSH,4,0.6397,"Manual Flush",15632027,"/home/wam/grad/s14-range-delete-study/run-db/formal_v2/db_formal_f3_t256_rep01/000013.sst"
formal_f3_t256_rep01,FOREGROUND,FLUSH,5,0.1206,"Memtable Max Range Deletions",1117696,"/home/wam/grad/s14-range-delete-study/run-db/formal_v2/db_formal_f3_t256_rep01/000015.sst"
formal_f3_t256_rep01,FOREGROUND,FLUSH,7,0.1682,"Memtable Max Range Deletions",1052550,"/home/wam/grad/s14-range-delete-study/run-db/formal_v2/db_formal_f3_t256_rep01/000018.sst"
formal_f3_t256_rep01,FOREGROUND,FLUSH,8,0.2379,"Memtable Max Range Deletions",1158565,"/home/wam/grad/s14-range-delete-study/run-db/formal_v2/db_formal_f3_t256_rep01/000020.sst"
formal_f3_t256_rep01,FOREGROUND,FLUSH,9,0.2969,"Memtable Max Range Deletions",1047395,"/home/wam/grad/s14-range-delete-study/run-db/formal_v2/db_formal_f3_t256_rep01/000022.sst"
formal_f3_t256_rep01,FOREGROUND,FLUSH,10,0.4682,"Memtable Max Range Deletions",948776,"/home/wam/grad/s14-range-delete-study/run-db/formal_v2/db_formal_f3_t256_rep01/000025.sst"
formal_f3_t256_rep01,FOREGROUND,FLUSH,11,0.5179,"Memtable Max Range Deletions",714459,"/home/wam/grad/s14-range-delete-study/run-db/formal_v2/db_formal_f3_t256_rep01/000027.sst"
formal_f3_t256_rep01,FOREGROUND,FLUSH,13,0.6635,"Memtable Max Range Deletions",810211,"/home/wam/grad/s14-range-delete-study/run-db/formal_v2/db_formal_f3_t256_rep01/000030.sst"
formal_f3_t256_rep01,FOREGROUND,FLUSH,14,0.7420,"Memtable Max Range Deletions",767891,"/home/wam/grad/s14-range-delete-study/run-db/formal_v2/db_formal_f3_t256_rep01/000032.sst"
formal_f3_t256_rep01,FOREGROUND,FLUSH,15,0.7943,"Memtable Max Range Deletions",722615,"/home/wam/grad/s14-range-delete-study/run-db/formal_v2/db_formal_f3_t256_rep01/000034.sst"
formal_f3_t256_rep01,FOREGROUND,FLUSH,17,0.8714,"Memtable Max Range Deletions",736552,"/home/wam/grad/s14-range-delete-study/run-db/formal_v2/db_formal_f3_t256_rep01/000037.sst"
formal_f3_t256_rep01,FOREGROUND,FLUSH,19,0.9029,"Memtable Max Range Deletions",725103,"/home/wam/grad/s14-range-delete-study/run-db/formal_v2/db_formal_f3_t256_rep01/000040.sst"
formal_f3_t256_rep01,FOREGROUND,FLUSH,20,0.9226,"Memtable Max Range Deletions",779360,"/home/wam/grad/s14-range-delete-study/run-db/formal_v2/db_formal_f3_t256_rep01/000042.sst"
formal_f3_t256_rep01,FOREGROUND,FLUSH,22,0.9678,"Memtable Max Range Deletions",671398,"/home/wam/grad/s14-range-delete-study/run-db/formal_v2/db_formal_f3_t256_rep01/000045.sst"
formal_f3_t256_rep01,FOREGROUND,FLUSH,23,1.0465,"Memtable Max Range Deletions",718023,"/home/wam/grad/s14-range-delete-study/run-db/formal_v2/db_formal_f3_t256_rep01/000047.sst"
formal_f3_t256_rep01,FOREGROUND,FLUSH,24,1.1838,"Memtable Max Range Deletions",800939,"/home/wam/grad/s14-range-delete-study/run-db/formal_v2/db_formal_f3_t256_rep01/000049.sst"
formal_f3_t256_rep01,FOREGROUND,FLUSH,25,1.1838,"Memtable Max Range Deletions",772906,"/home/wam/grad/s14-range-delete-study/run-db/formal_v2/db_formal_f3_t256_rep01/000051.sst"
formal_f3_t256_rep01,FOREGROUND,FLUSH,26,1.2375,"Memtable Max Range Deletions",677906,"/home/wam/grad/s14-range-delete-study/run-db/formal_v2/db_formal_f3_t256_rep01/000053.sst"
formal_f3_t256_rep01,FOREGROUND,FLUSH,28,1.4188,"Memtable Max Range Deletions",737087,"/home/wam/grad/s14-range-delete-study/run-db/formal_v2/db_formal_f3_t256_rep01/000056.sst"
formal_f3_t256_rep01,FOREGROUND,FLUSH,29,1.5055,"Memtable Max Range Deletions",716095,"/home/wam/grad/s14-range-delete-study/run-db/formal_v2/db_formal_f3_t256_rep01/000058.sst"
formal_f3_t256_rep01,FOREGROUND,FLUSH,31,1.9406,"Memtable Max Range Deletions",698926,"/home/wam/grad/s14-range-delete-study/run-db/formal_v2/db_formal_f3_t256_rep01/000061.sst"
formal_f3_t256_rep01,FOREGROUND,FLUSH,33,1.9939,"Memtable Max Range Deletions",760515,"/home/wam/grad/s14-range-delete-study/run-db/formal_v2/db_formal_f3_t256_rep01/000064.sst"
formal_f3_t256_rep01,FOREGROUND,FLUSH,34,2.0610,"Memtable Max Range Deletions",695366,"/home/wam/grad/s14-range-delete-study/run-db/formal_v2/db_formal_f3_t256_rep01/000066.sst"
formal_f3_t256_rep01,FOREGROUND,FLUSH,35,2.1080,"Memtable Max Range Deletions",785944,"/home/wam/grad/s14-range-delete-study/run-db/formal_v2/db_formal_f3_t256_rep01/000068.sst"
formal_f3_t256_rep01,FOREGROUND,FLUSH,36,2.4529,"Memtable Max Range Deletions",705738,"/home/wam/grad/s14-range-delete-study/run-db/formal_v2/db_formal_f3_t256_rep01/000070.sst"
formal_f3_t256_rep01,FOREGROUND,FLUSH,38,2.5519,"Memtable Max Range Deletions",760293,"/home/wam/grad/s14-range-delete-study/run-db/formal_v2/db_formal_f3_t256_rep01/000074.sst"
formal_f3_t256_rep01,FOREGROUND,FLUSH,39,2.5991,"Memtable Max Range Deletions",720188,"/home/wam/grad/s14-range-delete-study/run-db/formal_v2/db_formal_f3_t256_rep01/000076.sst"
formal_f3_t256_rep01,FOREGROUND,FLUSH,40,2.7705,"Memtable Max Range Deletions",711501,"/home/wam/grad/s14-range-delete-study/run-db/formal_v2/db_formal_f3_t256_rep01/000078.sst"
formal_f3_t256_rep01,FOREGROUND,FLUSH,42,2.8348,"Memtable Max Range Deletions",796653,"/home/wam/grad/s14-range-delete-study/run-db/formal_v2/db_formal_f3_t256_rep01/000081.sst"
formal_f3_t256_rep01,FOREGROUND,FLUSH,43,2.9441,"Memtable Max Range Deletions",485008,"/home/wam/grad/s14-range-delete-study/run-db/formal_v2/db_formal_f3_t256_rep01/000083.sst"
formal_f3_t256_rep01,FOREGROUND,FLUSH,44,3.0111,"Memtable Max Range Deletions",437025,"/home/wam/grad/s14-range-delete-study/run-db/formal_v2/db_formal_f3_t256_rep01/000085.sst"
formal_f3_t256_rep01,FOREGROUND,FLUSH,45,3.0636,"Memtable Max Range Deletions",408910,"/home/wam/grad/s14-range-delete-study/run-db/formal_v2/db_formal_f3_t256_rep01/000087.sst"
formal_f3_t256_rep01,FOREGROUND,FLUSH,48,3.2707,"Memtable Max Range Deletions",448234,"/home/wam/grad/s14-range-delete-study/run-db/formal_v2/db_formal_f3_t256_rep01/000090.sst"
formal_f3_t256_rep01,FOREGROUND,FLUSH,50,3.4408,"Memtable Max Range Deletions",432671,"/home/wam/grad/s14-range-delete-study/run-db/formal_v2/db_formal_f3_t256_rep01/000093.sst"
formal_f3_t256_rep01,FOREGROUND,FLUSH,51,3.4835,"Memtable Max Range Deletions",453388,"/home/wam/grad/s14-range-delete-study/run-db/formal_v2/db_formal_f3_t256_rep01/000095.sst"
formal_f3_t256_rep01,FOREGROUND,FLUSH,53,3.5352,"Memtable Max Range Deletions",407266,"/home/wam/grad/s14-range-delete-study/run-db/formal_v2/db_formal_f3_t256_rep01/000098.sst"
formal_f3_t256_rep01,FOREGROUND,FLUSH,54,3.5786,"Memtable Max Range Deletions",407268,"/home/wam/grad/s14-range-delete-study/run-db/formal_v2/db_formal_f3_t256_rep01/000100.sst"
formal_f3_t256_rep01,FOREGROUND,FLUSH,55,3.6237,"Memtable Max Range Deletions",451774,"/home/wam/grad/s14-range-delete-study/run-db/formal_v2/db_formal_f3_t256_rep01/000102.sst"
formal_f3_t256_rep01,FOREGROUND,FLUSH,56,3.6592,"Memtable Max Range Deletions",426132,"/home/wam/grad/s14-range-delete-study/run-db/formal_v2/db_formal_f3_t256_rep01/000104.sst"
formal_f3_t256_rep01,COOLDOWN,FLUSH,58,3.7289,"Memtable Max Range Deletions",411385,"/home/wam/grad/s14-range-delete-study/run-db/formal_v2/db_formal_f3_t256_rep01/000107.sst"
formal_f3_t256_rep01,FOREGROUND,COMPACTION,12,0.7042,"kLevelL0FilesNum",4203382,"in_level=0;out_level=0;in_bytes=4320753"
formal_f3_t256_rep01,FOREGROUND,COMPACTION,6,0.8154,"kLevelL0FilesNum",135911272,"in_level=0;out_level=6;in_bytes=138454530"
formal_f3_t256_rep01,FOREGROUND,COMPACTION,18,0.8979,"kLevelL0FilesNum",3032151,"in_level=0;out_level=0;in_bytes=3113866"
formal_f3_t256_rep01,FOREGROUND,COMPACTION,27,1.4755,"kLevelL0FilesNum",2983145,"in_level=0;out_level=0;in_bytes=3061506"
formal_f3_t256_rep01,FOREGROUND,COMPACTION,21,1.9043,"kLevelL0FilesNum",121024845,"in_level=0;out_level=6;in_bytes=145461635"
formal_f3_t256_rep01,FOREGROUND,COMPACTION,37,2.4900,"kLevelL0FilesNum",2963786,"in_level=0;out_level=0;in_bytes=3045536"
formal_f3_t256_rep01,FOREGROUND,COMPACTION,32,2.7342,"kLevelL0FilesNum",110694833,"in_level=0;out_level=6;in_bytes=126934653"
formal_f3_t256_rep01,FOREGROUND,COMPACTION,49,3.3104,"kLevelL0FilesNum",1816407,"in_level=0;out_level=0;in_bytes=1862920"
formal_f3_t256_rep01,FOREGROUND,COMPACTION,41,3.4419,"kLevelL0FilesNum",102035864,"in_level=0;out_level=6;in_bytes=115923815"
formal_f3_t256_rep01,FOREGROUND,COMPACTION,57,3.6816,"kLevelL0FilesNum",1737744,"in_level=0;out_level=0;in_bytes=1775117"
formal_f3_t256_rep01,COOLDOWN,COMPACTION,52,4.2298,"kLevelL0FilesNum",93191539,"in_level=0;out_level=6;in_bytes=105601981"
formal_f3_t2048_rep01,PRELOAD,FLUSH,2,0.3928,"Write Buffer Full",59992994,"/home/wam/grad/s14-range-delete-study/run-db/formal_v2/db_formal_f3_t2048_rep01/000009.sst"
formal_f3_t2048_rep01,PRELOAD,FLUSH,3,0.7122,"Write Buffer Full",59993908,"/home/wam/grad/s14-range-delete-study/run-db/formal_v2/db_formal_f3_t2048_rep01/000011.sst"
formal_f3_t2048_rep01,PRELOAD,FLUSH,4,0.7122,"Manual Flush",15631873,"/home/wam/grad/s14-range-delete-study/run-db/formal_v2/db_formal_f3_t2048_rep01/000013.sst"
formal_f3_t2048_rep01,FOREGROUND,FLUSH,5,0.8952,"Memtable Max Range Deletions",7099797,"/home/wam/grad/s14-range-delete-study/run-db/formal_v2/db_formal_f3_t2048_rep01/000015.sst"
formal_f3_t2048_rep01,FOREGROUND,FLUSH,7,1.5221,"Memtable Max Range Deletions",5604978,"/home/wam/grad/s14-range-delete-study/run-db/formal_v2/db_formal_f3_t2048_rep01/000019.sst"
formal_f3_t2048_rep01,FOREGROUND,FLUSH,8,2.2502,"Memtable Max Range Deletions",5477218,"/home/wam/grad/s14-range-delete-study/run-db/formal_v2/db_formal_f3_t2048_rep01/000021.sst"
formal_f3_t2048_rep01,FOREGROUND,FLUSH,9,3.3862,"Memtable Max Range Deletions",4454010,"/home/wam/grad/s14-range-delete-study/run-db/formal_v2/db_formal_f3_t2048_rep01/000023.sst"
formal_f3_t2048_rep01,FOREGROUND,COMPACTION,6,1.4727,"kLevelL0FilesNum",126351685,"in_level=0;out_level=6;in_bytes=144611744"
formal_f3_t2048_rep02,PRELOAD,FLUSH,2,0.3878,"Write Buffer Full",59992994,"/home/wam/grad/s14-range-delete-study/run-db/formal_v2/db_formal_f3_t2048_rep02/000009.sst"
formal_f3_t2048_rep02,PRELOAD,FLUSH,3,0.7402,"Write Buffer Full",59994059,"/home/wam/grad/s14-range-delete-study/run-db/formal_v2/db_formal_f3_t2048_rep02/000011.sst"
formal_f3_t2048_rep02,PRELOAD,FLUSH,4,0.7402,"Manual Flush",15631833,"/home/wam/grad/s14-range-delete-study/run-db/formal_v2/db_formal_f3_t2048_rep02/000013.sst"
formal_f3_t2048_rep02,FOREGROUND,FLUSH,5,0.9822,"Memtable Max Range Deletions",7074220,"/home/wam/grad/s14-range-delete-study/run-db/formal_v2/db_formal_f3_t2048_rep02/000015.sst"
formal_f3_t2048_rep02,FOREGROUND,FLUSH,7,1.5865,"Memtable Max Range Deletions",5652200,"/home/wam/grad/s14-range-delete-study/run-db/formal_v2/db_formal_f3_t2048_rep02/000019.sst"
formal_f3_t2048_rep02,FOREGROUND,FLUSH,8,2.4239,"Memtable Max Range Deletions",5468851,"/home/wam/grad/s14-range-delete-study/run-db/formal_v2/db_formal_f3_t2048_rep02/000021.sst"
formal_f3_t2048_rep02,FOREGROUND,FLUSH,9,3.7200,"Memtable Max Range Deletions",4462135,"/home/wam/grad/s14-range-delete-study/run-db/formal_v2/db_formal_f3_t2048_rep02/000023.sst"
formal_f3_t2048_rep02,FOREGROUND,COMPACTION,6,1.7266,"kLevelL0FilesNum",126353270,"in_level=0;out_level=6;in_bytes=144586016"
formal_f3_t256_rep02,PRELOAD,FLUSH,2,0.3909,"Write Buffer Full",59992085,"/home/wam/grad/s14-range-delete-study/run-db/formal_v2/db_formal_f3_t256_rep02/000009.sst"
formal_f3_t256_rep02,PRELOAD,FLUSH,3,0.6946,"Write Buffer Full",59991785,"/home/wam/grad/s14-range-delete-study/run-db/formal_v2/db_formal_f3_t256_rep02/000011.sst"
formal_f3_t256_rep02,PRELOAD,FLUSH,4,0.6946,"Manual Flush",15632409,"/home/wam/grad/s14-range-delete-study/run-db/formal_v2/db_formal_f3_t256_rep02/000013.sst"
formal_f3_t256_rep02,FOREGROUND,FLUSH,5,0.1157,"Memtable Max Range Deletions",1100531,"/home/wam/grad/s14-range-delete-study/run-db/formal_v2/db_formal_f3_t256_rep02/000015.sst"
formal_f3_t256_rep02,FOREGROUND,FLUSH,7,0.1635,"Memtable Max Range Deletions",1050105,"/home/wam/grad/s14-range-delete-study/run-db/formal_v2/db_formal_f3_t256_rep02/000018.sst"
formal_f3_t256_rep02,FOREGROUND,FLUSH,8,0.2324,"Memtable Max Range Deletions",1140581,"/home/wam/grad/s14-range-delete-study/run-db/formal_v2/db_formal_f3_t256_rep02/000020.sst"
formal_f3_t256_rep02,FOREGROUND,FLUSH,9,0.2890,"Memtable Max Range Deletions",1027730,"/home/wam/grad/s14-range-delete-study/run-db/formal_v2/db_formal_f3_t256_rep02/000022.sst"
formal_f3_t256_rep02,FOREGROUND,FLUSH,10,0.3985,"Memtable Max Range Deletions",995747,"/home/wam/grad/s14-range-delete-study/run-db/formal_v2/db_formal_f3_t256_rep02/000024.sst"
formal_f3_t256_rep02,FOREGROUND,FLUSH,12,0.4263,"Memtable Max Range Deletions",732734,"/home/wam/grad/s14-range-delete-study/run-db/formal_v2/db_formal_f3_t256_rep02/000028.sst"
formal_f3_t256_rep02,FOREGROUND,FLUSH,13,0.4615,"Memtable Max Range Deletions",757833,"/home/wam/grad/s14-range-delete-study/run-db/formal_v2/db_formal_f3_t256_rep02/000030.sst"
formal_f3_t256_rep02,FOREGROUND,FLUSH,14,0.4894,"Memtable Max Range Deletions",804176,"/home/wam/grad/s14-range-delete-study/run-db/formal_v2/db_formal_f3_t256_rep02/000032.sst"
formal_f3_t256_rep02,FOREGROUND,FLUSH,17,0.5197,"Memtable Max Range Deletions",719906,"/home/wam/grad/s14-range-delete-study/run-db/formal_v2/db_formal_f3_t256_rep02/000034.sst"
formal_f3_t256_rep02,FOREGROUND,FLUSH,19,0.5724,"Memtable Max Range Deletions",746377,"/home/wam/grad/s14-range-delete-study/run-db/formal_v2/db_formal_f3_t256_rep02/000037.sst"
formal_f3_t256_rep02,FOREGROUND,FLUSH,20,0.6210,"Memtable Max Range Deletions",705209,"/home/wam/grad/s14-range-delete-study/run-db/formal_v2/db_formal_f3_t256_rep02/000039.sst"
formal_f3_t256_rep02,FOREGROUND,FLUSH,21,0.6322,"Memtable Max Range Deletions",739020,"/home/wam/grad/s14-range-delete-study/run-db/formal_v2/db_formal_f3_t256_rep02/000041.sst"
formal_f3_t256_rep02,FOREGROUND,FLUSH,25,0.6611,"Memtable Max Range Deletions",741177,"/home/wam/grad/s14-range-delete-study/run-db/formal_v2/db_formal_f3_t256_rep02/000045.sst"
formal_f3_t256_rep02,FOREGROUND,FLUSH,26,0.6900,"Memtable Max Range Deletions",675176,"/home/wam/grad/s14-range-delete-study/run-db/formal_v2/db_formal_f3_t256_rep02/000047.sst"
formal_f3_t256_rep02,FOREGROUND,FLUSH,27,0.7202,"Memtable Max Range Deletions",814810,"/home/wam/grad/s14-range-delete-study/run-db/formal_v2/db_formal_f3_t256_rep02/000049.sst"
formal_f3_t256_rep02,FOREGROUND,FLUSH,28,0.7572,"Memtable Max Range Deletions",772597,"/home/wam/grad/s14-range-delete-study/run-db/formal_v2/db_formal_f3_t256_rep02/000051.sst"
formal_f3_t256_rep02,FOREGROUND,FLUSH,30,0.8119,"Memtable Max Range Deletions",700547,"/home/wam/grad/s14-range-delete-study/run-db/formal_v2/db_formal_f3_t256_rep02/000054.sst"
formal_f3_t256_rep02,FOREGROUND,FLUSH,31,0.8405,"Memtable Max Range Deletions",758063,"/home/wam/grad/s14-range-delete-study/run-db/formal_v2/db_formal_f3_t256_rep02/000056.sst"
formal_f3_t256_rep02,FOREGROUND,FLUSH,32,0.8717,"Memtable Max Range Deletions",698082,"/home/wam/grad/s14-range-delete-study/run-db/formal_v2/db_formal_f3_t256_rep02/000058.sst"
formal_f3_t256_rep02,FOREGROUND,FLUSH,35,0.9563,"Memtable Max Range Deletions",746619,"/home/wam/grad/s14-range-delete-study/run-db/formal_v2/db_formal_f3_t256_rep02/000060.sst"
formal_f3_t256_rep02,FOREGROUND,FLUSH,37,1.0419,"Memtable Max Range Deletions",700024,"/home/wam/grad/s14-range-delete-study/run-db/formal_v2/db_formal_f3_t256_rep02/000063.sst"
formal_f3_t256_rep02,FOREGROUND,FLUSH,38,1.1276,"Memtable Max Range Deletions",703021,"/home/wam/grad/s14-range-delete-study/run-db/formal_v2/db_formal_f3_t256_rep02/000066.sst"
formal_f3_t256_rep02,FOREGROUND,FLUSH,41,1.3416,"Memtable Max Range Deletions",730312,"/home/wam/grad/s14-range-delete-study/run-db/formal_v2/db_formal_f3_t256_rep02/000068.sst"
formal_f3_t256_rep02,FOREGROUND,FLUSH,43,1.4053,"Memtable Max Range Deletions",817126,"/home/wam/grad/s14-range-delete-study/run-db/formal_v2/db_formal_f3_t256_rep02/000071.sst"
formal_f3_t256_rep02,FOREGROUND,FLUSH,44,1.4484,"Memtable Max Range Deletions",731519,"/home/wam/grad/s14-range-delete-study/run-db/formal_v2/db_formal_f3_t256_rep02/000073.sst"
formal_f3_t256_rep02,FOREGROUND,FLUSH,45,1.4935,"Memtable Max Range Deletions",736155,"/home/wam/grad/s14-range-delete-study/run-db/formal_v2/db_formal_f3_t256_rep02/000075.sst"
formal_f3_t256_rep02,FOREGROUND,FLUSH,47,1.5703,"Memtable Max Range Deletions",755712,"/home/wam/grad/s14-range-delete-study/run-db/formal_v2/db_formal_f3_t256_rep02/000078.sst"
formal_f3_t256_rep02,FOREGROUND,FLUSH,48,1.6339,"Memtable Max Range Deletions",715420,"/home/wam/grad/s14-range-delete-study/run-db/formal_v2/db_formal_f3_t256_rep02/000080.sst"
formal_f3_t256_rep02,FOREGROUND,FLUSH,49,1.7214,"Memtable Max Range Deletions",463721,"/home/wam/grad/s14-range-delete-study/run-db/formal_v2/db_formal_f3_t256_rep02/000083.sst"
formal_f3_t256_rep02,FOREGROUND,FLUSH,52,1.8039,"Memtable Max Range Deletions",451714,"/home/wam/grad/s14-range-delete-study/run-db/formal_v2/db_formal_f3_t256_rep02/000085.sst"
formal_f3_t256_rep02,FOREGROUND,FLUSH,54,1.8864,"Memtable Max Range Deletions",429904,"/home/wam/grad/s14-range-delete-study/run-db/formal_v2/db_formal_f3_t256_rep02/000088.sst"
formal_f3_t256_rep02,FOREGROUND,FLUSH,55,1.9317,"Memtable Max Range Deletions",433178,"/home/wam/grad/s14-range-delete-study/run-db/formal_v2/db_formal_f3_t256_rep02/000090.sst"
formal_f3_t256_rep02,FOREGROUND,FLUSH,57,1.9731,"Memtable Max Range Deletions",425809,"/home/wam/grad/s14-range-delete-study/run-db/formal_v2/db_formal_f3_t256_rep02/000093.sst"
formal_f3_t256_rep02,FOREGROUND,FLUSH,58,2.0108,"Memtable Max Range Deletions",424156,"/home/wam/grad/s14-range-delete-study/run-db/formal_v2/db_formal_f3_t256_rep02/000095.sst"
formal_f3_t256_rep02,FOREGROUND,FLUSH,59,2.0480,"Memtable Max Range Deletions",432368,"/home/wam/grad/s14-range-delete-study/run-db/formal_v2/db_formal_f3_t256_rep02/000097.sst"
formal_f3_t256_rep02,FOREGROUND,FLUSH,60,2.0927,"Memtable Max Range Deletions",418960,"/home/wam/grad/s14-range-delete-study/run-db/formal_v2/db_formal_f3_t256_rep02/000099.sst"
formal_f3_t256_rep02,FOREGROUND,FLUSH,62,2.1560,"Memtable Max Range Deletions",417859,"/home/wam/grad/s14-range-delete-study/run-db/formal_v2/db_formal_f3_t256_rep02/000102.sst"
formal_f3_t256_rep02,FOREGROUND,FLUSH,63,2.2006,"Memtable Max Range Deletions",422780,"/home/wam/grad/s14-range-delete-study/run-db/formal_v2/db_formal_f3_t256_rep02/000104.sst"
formal_f3_t256_rep02,COOLDOWN,FLUSH,64,2.2683,"Memtable Max Range Deletions",419612,"/home/wam/grad/s14-range-delete-study/run-db/formal_v2/db_formal_f3_t256_rep02/000106.sst"
formal_f3_t256_rep02,FOREGROUND,COMPACTION,11,0.4274,"kLevelL0FilesNum",4212819,"in_level=0;out_level=0;in_bytes=4327777"
formal_f3_t256_rep02,FOREGROUND,COMPACTION,18,0.5423,"kLevelL0FilesNum",3032812,"in_level=0;out_level=0;in_bytes=3113673"
formal_f3_t256_rep02,FOREGROUND,COMPACTION,6,0.6337,"kLevelL0FilesNum",135910656,"in_level=0;out_level=6;in_bytes=138434005"
formal_f3_t256_rep02,FOREGROUND,COMPACTION,29,0.7856,"kLevelL0FilesNum",3014489,"in_level=0;out_level=0;in_bytes=3102480"
formal_f3_t256_rep02,FOREGROUND,COMPACTION,36,0.9975,"kLevelL0FilesNum",2924962,"in_level=0;out_level=0;in_bytes=3000835"
formal_f3_t256_rep02,FOREGROUND,COMPACTION,24,1.3374,"kLevelL0FilesNum",121005224,"in_level=0;out_level=6;in_bytes=145420163"
formal_f3_t256_rep02,FOREGROUND,COMPACTION,46,1.5349,"kLevelL0FilesNum",3031609,"in_level=0;out_level=0;in_bytes=3113985"
formal_f3_t256_rep02,FOREGROUND,COMPACTION,42,1.8389,"kLevelL0FilesNum",108196122,"in_level=0;out_level=6;in_bytes=128395968"
formal_f3_t256_rep02,FOREGROUND,COMPACTION,53,1.8599,"kLevelL0FilesNum",2407084,"in_level=0;out_level=0;in_bytes=2477856"
formal_f3_t256_rep02,FOREGROUND,COMPACTION,61,2.1305,"kLevelL0FilesNum",1749903,"in_level=0;out_level=0;in_bytes=1783946"
formal_f3_t256_rep02,COOLDOWN,COMPACTION,56,2.4472,"kLevelL0FilesNum",95727991,"in_level=0;out_level=6;in_bytes=114539364"
formal_f3_t256_rep02,COOLDOWN,COMPACTION,66,2.9568,"kLevelL0FilesNum",86890657,"in_level=0;out_level=6;in_bytes=98800025"
formal_f3_t0_rep02,PRELOAD,FLUSH,2,0.3862,"Write Buffer Full",59992844,"/home/wam/grad/s14-range-delete-study/run-db/formal_v2/db_formal_f3_t0_rep02/000009.sst"
formal_f3_t0_rep02,PRELOAD,FLUSH,3,0.6650,"Write Buffer Full",59991937,"/home/wam/grad/s14-range-delete-study/run-db/formal_v2/db_formal_f3_t0_rep02/000011.sst"
formal_f3_t0_rep02,PRELOAD,FLUSH,4,0.6650,"Manual Flush",15631721,"/home/wam/grad/s14-range-delete-study/run-db/formal_v2/db_formal_f3_t0_rep02/000013.sst"
formal_f3_clean_rep02,PRELOAD,FLUSH,2,0.3892,"Write Buffer Full",59991933,"/home/wam/grad/s14-range-delete-study/run-db/formal_v2/db_formal_f3_clean_rep02/000009.sst"
formal_f3_clean_rep02,PRELOAD,FLUSH,3,0.6445,"Write Buffer Full",59993908,"/home/wam/grad/s14-range-delete-study/run-db/formal_v2/db_formal_f3_clean_rep02/000011.sst"
formal_f3_clean_rep02,PRELOAD,FLUSH,4,0.6445,"Manual Flush",15632179,"/home/wam/grad/s14-range-delete-study/run-db/formal_v2/db_formal_f3_clean_rep02/000013.sst"
formal_f3_t256_rep03,PRELOAD,FLUSH,2,0.3801,"Write Buffer Full",59992842,"/home/wam/grad/s14-range-delete-study/run-db/formal_v2/db_formal_f3_t256_rep03/000009.sst"
formal_f3_t256_rep03,PRELOAD,FLUSH,3,0.7445,"Write Buffer Full",59992998,"/home/wam/grad/s14-range-delete-study/run-db/formal_v2/db_formal_f3_t256_rep03/000011.sst"
formal_f3_t256_rep03,PRELOAD,FLUSH,4,0.7445,"Manual Flush",15632067,"/home/wam/grad/s14-range-delete-study/run-db/formal_v2/db_formal_f3_t256_rep03/000013.sst"
formal_f3_t256_rep03,FOREGROUND,FLUSH,5,0.1789,"Memtable Max Range Deletions",1121802,"/home/wam/grad/s14-range-delete-study/run-db/formal_v2/db_formal_f3_t256_rep03/000015.sst"
formal_f3_t256_rep03,FOREGROUND,FLUSH,6,0.2378,"Memtable Max Range Deletions",1052525,"/home/wam/grad/s14-range-delete-study/run-db/formal_v2/db_formal_f3_t256_rep03/000017.sst"
formal_f3_t256_rep03,FOREGROUND,FLUSH,8,0.3004,"Memtable Max Range Deletions",1141943,"/home/wam/grad/s14-range-delete-study/run-db/formal_v2/db_formal_f3_t256_rep03/000020.sst"
formal_f3_t256_rep03,FOREGROUND,FLUSH,9,0.3132,"Memtable Max Range Deletions",1017982,"/home/wam/grad/s14-range-delete-study/run-db/formal_v2/db_formal_f3_t256_rep03/000022.sst"
formal_f3_t256_rep03,FOREGROUND,FLUSH,10,0.4080,"Memtable Max Range Deletions",990228,"/home/wam/grad/s14-range-delete-study/run-db/formal_v2/db_formal_f3_t256_rep03/000024.sst"
formal_f3_t256_rep03,FOREGROUND,FLUSH,11,0.5714,"Memtable Max Range Deletions",728624,"/home/wam/grad/s14-range-delete-study/run-db/formal_v2/db_formal_f3_t256_rep03/000026.sst"
formal_f3_t256_rep03,FOREGROUND,FLUSH,13,0.6556,"Memtable Max Range Deletions",740365,"/home/wam/grad/s14-range-delete-study/run-db/formal_v2/db_formal_f3_t256_rep03/000029.sst"
formal_f3_t256_rep03,FOREGROUND,FLUSH,14,0.6981,"Memtable Max Range Deletions",817263,"/home/wam/grad/s14-range-delete-study/run-db/formal_v2/db_formal_f3_t256_rep03/000032.sst"
formal_f3_t256_rep03,FOREGROUND,FLUSH,15,0.7429,"Memtable Max Range Deletions",745565,"/home/wam/grad/s14-range-delete-study/run-db/formal_v2/db_formal_f3_t256_rep03/000034.sst"
formal_f3_t256_rep03,FOREGROUND,FLUSH,17,0.7842,"Memtable Max Range Deletions",646548,"/home/wam/grad/s14-range-delete-study/run-db/formal_v2/db_formal_f3_t256_rep03/000036.sst"
formal_f3_t256_rep03,FOREGROUND,FLUSH,19,0.9197,"Memtable Max Range Deletions",715588,"/home/wam/grad/s14-range-delete-study/run-db/formal_v2/db_formal_f3_t256_rep03/000039.sst"
formal_f3_t256_rep03,FOREGROUND,FLUSH,20,1.1301,"Memtable Max Range Deletions",784581,"/home/wam/grad/s14-range-delete-study/run-db/formal_v2/db_formal_f3_t256_rep03/000041.sst"
formal_f3_t256_rep03,FOREGROUND,FLUSH,23,1.1301,"Memtable Max Range Deletions",724794,"/home/wam/grad/s14-range-delete-study/run-db/formal_v2/db_formal_f3_t256_rep03/000043.sst"
formal_f3_t256_rep03,FOREGROUND,FLUSH,26,1.2062,"Memtable Max Range Deletions",807759,"/home/wam/grad/s14-range-delete-study/run-db/formal_v2/db_formal_f3_t256_rep03/000047.sst"
formal_f3_t256_rep03,FOREGROUND,FLUSH,27,1.2637,"Memtable Max Range Deletions",797929,"/home/wam/grad/s14-range-delete-study/run-db/formal_v2/db_formal_f3_t256_rep03/000049.sst"
formal_f3_t256_rep03,FOREGROUND,FLUSH,28,1.3077,"Memtable Max Range Deletions",660472,"/home/wam/grad/s14-range-delete-study/run-db/formal_v2/db_formal_f3_t256_rep03/000051.sst"
formal_f3_t256_rep03,FOREGROUND,FLUSH,29,1.4375,"Memtable Max Range Deletions",718561,"/home/wam/grad/s14-range-delete-study/run-db/formal_v2/db_formal_f3_t256_rep03/000053.sst"
formal_f3_t256_rep03,FOREGROUND,FLUSH,31,1.6536,"Memtable Max Range Deletions",753152,"/home/wam/grad/s14-range-delete-study/run-db/formal_v2/db_formal_f3_t256_rep03/000057.sst"
formal_f3_t256_rep03,FOREGROUND,FLUSH,32,1.8246,"Memtable Max Range Deletions",706522,"/home/wam/grad/s14-range-delete-study/run-db/formal_v2/db_formal_f3_t256_rep03/000059.sst"
formal_f3_t256_rep03,FOREGROUND,FLUSH,33,2.0361,"Memtable Max Range Deletions",723974,"/home/wam/grad/s14-range-delete-study/run-db/formal_v2/db_formal_f3_t256_rep03/000061.sst"
formal_f3_t256_rep03,FOREGROUND,FLUSH,35,2.1001,"Memtable Max Range Deletions",785349,"/home/wam/grad/s14-range-delete-study/run-db/formal_v2/db_formal_f3_t256_rep03/000064.sst"
formal_f3_t256_rep03,FOREGROUND,FLUSH,36,2.1309,"Memtable Max Range Deletions",675977,"/home/wam/grad/s14-range-delete-study/run-db/formal_v2/db_formal_f3_t256_rep03/000066.sst"
formal_f3_t256_rep03,FOREGROUND,FLUSH,37,2.1730,"Memtable Max Range Deletions",794365,"/home/wam/grad/s14-range-delete-study/run-db/formal_v2/db_formal_f3_t256_rep03/000068.sst"
formal_f3_t256_rep03,FOREGROUND,FLUSH,38,2.2054,"Memtable Max Range Deletions",736009,"/home/wam/grad/s14-range-delete-study/run-db/formal_v2/db_formal_f3_t256_rep03/000070.sst"
formal_f3_t256_rep03,FOREGROUND,FLUSH,40,2.2621,"Memtable Max Range Deletions",722959,"/home/wam/grad/s14-range-delete-study/run-db/formal_v2/db_formal_f3_t256_rep03/000073.sst"
formal_f3_t256_rep03,FOREGROUND,FLUSH,41,2.3030,"Memtable Max Range Deletions",743131,"/home/wam/grad/s14-range-delete-study/run-db/formal_v2/db_formal_f3_t256_rep03/000075.sst"
formal_f3_t256_rep03,FOREGROUND,FLUSH,42,2.3351,"Memtable Max Range Deletions",728759,"/home/wam/grad/s14-range-delete-study/run-db/formal_v2/db_formal_f3_t256_rep03/000077.sst"
formal_f3_t256_rep03,FOREGROUND,FLUSH,45,2.5868,"Memtable Max Range Deletions",760932,"/home/wam/grad/s14-range-delete-study/run-db/formal_v2/db_formal_f3_t256_rep03/000079.sst"
formal_f3_t256_rep03,FOREGROUND,FLUSH,47,2.6390,"Memtable Max Range Deletions",455264,"/home/wam/grad/s14-range-delete-study/run-db/formal_v2/db_formal_f3_t256_rep03/000083.sst"
formal_f3_t256_rep03,FOREGROUND,FLUSH,48,2.7245,"Memtable Max Range Deletions",446831,"/home/wam/grad/s14-range-delete-study/run-db/formal_v2/db_formal_f3_t256_rep03/000085.sst"
formal_f3_t256_rep03,FOREGROUND,FLUSH,50,2.9654,"Memtable Max Range Deletions",413541,"/home/wam/grad/s14-range-delete-study/run-db/formal_v2/db_formal_f3_t256_rep03/000087.sst"
formal_f3_t256_rep03,FOREGROUND,FLUSH,53,3.0452,"Memtable Max Range Deletions",419852,"/home/wam/grad/s14-range-delete-study/run-db/formal_v2/db_formal_f3_t256_rep03/000090.sst"
formal_f3_t256_rep03,FOREGROUND,FLUSH,54,3.1055,"Memtable Max Range Deletions",442716,"/home/wam/grad/s14-range-delete-study/run-db/formal_v2/db_formal_f3_t256_rep03/000092.sst"
formal_f3_t256_rep03,FOREGROUND,FLUSH,55,3.1714,"Memtable Max Range Deletions",452011,"/home/wam/grad/s14-range-delete-study/run-db/formal_v2/db_formal_f3_t256_rep03/000094.sst"
formal_f3_t256_rep03,FOREGROUND,FLUSH,56,3.2492,"Memtable Max Range Deletions",472488,"/home/wam/grad/s14-range-delete-study/run-db/formal_v2/db_formal_f3_t256_rep03/000096.sst"
formal_f3_t256_rep03,FOREGROUND,FLUSH,58,3.2945,"Memtable Max Range Deletions",348021,"/home/wam/grad/s14-range-delete-study/run-db/formal_v2/db_formal_f3_t256_rep03/000099.sst"
formal_f3_t256_rep03,FOREGROUND,FLUSH,59,3.5272,"Memtable Max Range Deletions",443204,"/home/wam/grad/s14-range-delete-study/run-db/formal_v2/db_formal_f3_t256_rep03/000101.sst"
formal_f3_t256_rep03,FOREGROUND,FLUSH,60,3.5467,"Memtable Max Range Deletions",418681,"/home/wam/grad/s14-range-delete-study/run-db/formal_v2/db_formal_f3_t256_rep03/000103.sst"
formal_f3_t256_rep03,COOLDOWN,FLUSH,63,3.6949,"Memtable Max Range Deletions",423006,"/home/wam/grad/s14-range-delete-study/run-db/formal_v2/db_formal_f3_t256_rep03/000107.sst"
formal_f3_t256_rep03,FOREGROUND,COMPACTION,12,0.6310,"kLevelL0FilesNum",4200705,"in_level=0;out_level=0;in_bytes=4316108"
formal_f3_t256_rep03,FOREGROUND,COMPACTION,18,0.8692,"kLevelL0FilesNum",3047054,"in_level=0;out_level=0;in_bytes=3130872"
formal_f3_t256_rep03,FOREGROUND,COMPACTION,7,1.1296,"kLevelL0FilesNum",135909640,"in_level=0;out_level=6;in_bytes=138458833"
formal_f3_t256_rep03,FOREGROUND,COMPACTION,30,1.6189,"kLevelL0FilesNum",3007749,"in_level=0;out_level=0;in_bytes=3083209"
formal_f3_t256_rep03,FOREGROUND,COMPACTION,25,1.9859,"kLevelL0FilesNum",119693624,"in_level=0;out_level=6;in_bytes=146126093"
formal_f3_t256_rep03,FOREGROUND,COMPACTION,39,2.2375,"kLevelL0FilesNum",3009889,"in_level=0;out_level=0;in_bytes=3090393"
formal_f3_t256_rep03,FOREGROUND,COMPACTION,46,2.6164,"kLevelL0FilesNum",2971452,"in_level=0;out_level=0;in_bytes=3054124"
formal_f3_t256_rep03,FOREGROUND,COMPACTION,34,2.9458,"kLevelL0FilesNum",110694160,"in_level=0;out_level=6;in_bytes=124958184"
formal_f3_t256_rep03,FOREGROUND,COMPACTION,57,3.2909,"kLevelL0FilesNum",1769480,"in_level=0;out_level=0;in_bytes=1811117"
formal_f3_t256_rep03,COOLDOWN,COMPACTION,62,3.6784,"kLevelL0FilesNum",1724612,"in_level=0;out_level=0;in_bytes=1764825"
formal_f3_t256_rep03,COOLDOWN,COMPACTION,52,3.8200,"kLevelL0FilesNum",98264946,"in_level=0;out_level=6;in_bytes=117619538"
formal_f3_clean_rep03,PRELOAD,FLUSH,2,0.3899,"Write Buffer Full",59993905,"/home/wam/grad/s14-range-delete-study/run-db/formal_v2/db_formal_f3_clean_rep03/000009.sst"
formal_f3_clean_rep03,PRELOAD,FLUSH,3,0.6389,"Write Buffer Full",59992997,"/home/wam/grad/s14-range-delete-study/run-db/formal_v2/db_formal_f3_clean_rep03/000011.sst"
formal_f3_clean_rep03,PRELOAD,FLUSH,4,0.6389,"Manual Flush",15632067,"/home/wam/grad/s14-range-delete-study/run-db/formal_v2/db_formal_f3_clean_rep03/000013.sst"
formal_f3_t2048_rep03,PRELOAD,FLUSH,2,0.3855,"Write Buffer Full",59991780,"/home/wam/grad/s14-range-delete-study/run-db/formal_v2/db_formal_f3_t2048_rep03/000009.sst"
formal_f3_t2048_rep03,PRELOAD,FLUSH,3,0.6335,"Write Buffer Full",59994062,"/home/wam/grad/s14-range-delete-study/run-db/formal_v2/db_formal_f3_t2048_rep03/000011.sst"
formal_f3_t2048_rep03,PRELOAD,FLUSH,4,0.6335,"Manual Flush",15631685,"/home/wam/grad/s14-range-delete-study/run-db/formal_v2/db_formal_f3_t2048_rep03/000013.sst"
formal_f3_t2048_rep03,FOREGROUND,FLUSH,5,0.8822,"Memtable Max Range Deletions",7087358,"/home/wam/grad/s14-range-delete-study/run-db/formal_v2/db_formal_f3_t2048_rep03/000015.sst"
formal_f3_t2048_rep03,FOREGROUND,FLUSH,7,1.4245,"Memtable Max Range Deletions",5592315,"/home/wam/grad/s14-range-delete-study/run-db/formal_v2/db_formal_f3_t2048_rep03/000019.sst"
formal_f3_t2048_rep03,FOREGROUND,FLUSH,8,2.2155,"Memtable Max Range Deletions",5479687,"/home/wam/grad/s14-range-delete-study/run-db/formal_v2/db_formal_f3_t2048_rep03/000021.sst"
formal_f3_t2048_rep03,FOREGROUND,FLUSH,9,3.3265,"Memtable Max Range Deletions",4485123,"/home/wam/grad/s14-range-delete-study/run-db/formal_v2/db_formal_f3_t2048_rep03/000023.sst"
formal_f3_t2048_rep03,FOREGROUND,COMPACTION,6,1.3378,"kLevelL0FilesNum",126355308,"in_level=0;out_level=6;in_bytes=144596700"
formal_f3_t0_rep03,PRELOAD,FLUSH,2,0.3732,"Write Buffer Full",59991780,"/home/wam/grad/s14-range-delete-study/run-db/formal_v2/db_formal_f3_t0_rep03/000009.sst"
formal_f3_t0_rep03,PRELOAD,FLUSH,3,0.6221,"Write Buffer Full",59992998,"/home/wam/grad/s14-range-delete-study/run-db/formal_v2/db_formal_f3_t0_rep03/000011.sst"
formal_f3_t0_rep03,PRELOAD,FLUSH,4,0.6221,"Manual Flush",15632023,"/home/wam/grad/s14-range-delete-study/run-db/formal_v2/db_formal_f3_t0_rep03/000013.sst"
