exp_id,rep,phase,op_class,op_count,total_latency_ms,p50_us,p95_us,p99_us,materialized_ops,materialization_rate_per_1k,lock_contended_ops,both_count,materialization_or_lock_affected_reads,affected_p50_us,affected_p95_us,affected_p99_us,view_materialization_ms,lock_wait_ms,materialization_and_lock_ratio,active_mem_prep_ms,active_mem_lookup_ms,imm_mem_prep_ms,imm_mem_lookup_ms,active_mem_iter_construct_ms,imm_mem_iter_construct_ms,sst_iter_construct_ms,reseek_count,boundary_advance_count,child_next_count,covered_skip_count,cache_invalidation_count
e9_t0_r1,1,0,GetLive,58535,1164.4013,6.21,120.23,245.03,874,14.9312,4865,0,5739,121.91,310.53,393.55,118.9429,612.2982,0.627998,752.2403,18.2197,0.0,0.0,0.0,0.0,0.0,0,0,0,0,0
e9_t0_r1,1,0,GetDeleted,1465,32.4745,2.52,164.86,304.38,22,15.0171,148,0,170,157.15,335.57,436.78,3.8833,24.2268,0.865608,28.7026,0.6151,0.0,0.0,0.0,0.0,0.0,0,0,0,0,0
e9_t0_r1,1,0,ScanIntersect,2651,190.5864,53.54,197.12,370.86,41,15.4659,213,0,254,202.69,403.94,459.03,7.1149,34.335,0.217486,0.0,0.0,0.0,0.0,43.4406,0.1333,5.3161,5369,5096,585,585,0
e9_t0_r1,1,0,ScanNonIntersect,17349,1227.1406,55.96,162.97,289.63,261,15.0441,1450,0,1711,163.86,358.05,454.05,33.8382,177.8282,0.172487,0.0,0.0,0.0,0.0,224.7738,0.8222,34.4655,43,45,7,7,0
e9_t0_r1,1,0,Put,18800,217.3033,9.03,30.31,45.52,0,0.0,0,0,0,0.0,0.0,0.0,0.0,0.0,0.0,0.0,0.0,0.0,0.0,0.0,0.0,0.0,0,0,0,0,0
e9_t0_r1,1,0,DeleteRange,1200,41.7225,32.18,54.52,65.87,0,0.0,0,0,0,0.0,0.0,0.0,0.0,0.0,0.0,0.0,0.0,0.0,0.0,0.0,0.0,0.0,0,0,0,0,1200
e9_t0_r1,1,0,TOTAL_READS,80000,2614.6027,7.81,135.31,261.6,1198,14.975,6676,0,7874,136.54,324.58,414.85,163.7794,848.6882,0.387236,780.9428,18.8348,0.0,0.0,268.2144,0.9555,39.7816,5412,5141,592,592,0
e9_t0_r1,1,0,TOTAL_ALL,100000,2873.6285,8.39,113.91,242.81,1198,11.98,6676,0,7874,136.54,324.58,414.85,163.7794,848.6882,0.352331,780.9428,18.8348,0.0,0.0,268.2144,0.9555,39.7816,5412,5141,592,592,1200
e9_t0_r1,1,1,GetLive,16858,26566.6366,1081.96,4383.71,4700.08,2961,175.6436,8785,0,11746,2101.99,4499.43,4740.12,7621.9328,18191.8763,0.971663,25901.971,39.8756,0.0,0.0,0.0,0.0,0.0,0,0,0,0,0
e9_t0_r1,1,1,GetDeleted,3142,5816.5474,1623.78,4502.16,4760.27,544,173.1381,1612,0,2156,2992.63,4570.88,4800.82,1656.1732,4084.5389,0.986962,5757.8798,7.9635,0.0,0.0,0.0,0.0,0.0,0,0,0,0,0
e9_t0_r1,1,1,ScanIntersect,6791,13491.9711,1762.19,4688.7,4936.52,1082,159.3285,3654,0,4736,2928.05,4760.27,4993.68,3139.5345,8879.7061,0.890844,0.0,0.0,0.0,0.0,12077.7323,2.3426,85.7446,19257,18031,11344,11344,0
e9_t0_r1,1,1,ScanNonIntersect,3209,4376.423,1022.05,3876.33,4598.66,538,167.6535,1695,0,2233,1700.3,4148.53,4700.08,1042.0667,2701.4783,0.855389,0.0,0.0,0.0,0.0,3767.5913,1.0167,35.6412,61,61,17,17,0
e9_t0_r1,1,1,Put,64000,2994.54,37.84,112.2,173.15,0,0.0,0,0,0,0.0,0.0,0.0,0.0,0.0,0.0,0.0,0.0,0.0,0.0,0.0,0.0,0.0,0,0,0,0,0
e9_t0_r1,1,1,DeleteRange,6000,591.1405,90.38,177.29,245.77,0,0.0,0,0,0,0.0,0.0,0.0,0.0,0.0,0.0,0.0,0.0,0.0,0.0,0.0,0.0,0.0,0,0,0,0,6000
e9_t0_r1,1,1,TOTAL_READS,30000,50251.5781,1220.62,4461.43,4795.01,5125,170.8333,15746,0,20871,2296.43,4570.88,4862.3,13459.7072,33857.5996,0.941608,31659.8508,47.8391,0.0,0.0,15845.3236,3.3594,121.3858,19318,18092,11361,11361,0
e9_t0_r1,1,1,TOTAL_ALL,100000,53837.2586,51.94,3637.39,4581.97,5125,51.25,15746,0,20871,2296.43,4570.88,4862.3,13459.7072,33857.5996,0.878895,31659.8508,47.8391,0.0,0.0,15845.3236,3.3594,121.3858,19318,18092,11361,11361,6000
e9_t0_r1,1,2,GetLive,40770,46020.7307,22.94,6237.35,6695.6,1383,33.922,6962,0,8345,5757.89,6691.54,7122.49,7779.4467,37019.0242,0.973441,44894.4739,81.9408,0.0,0.0,0.0,0.0,0.0,0,0,0,0,0
e9_t0_r1,1,2,GetDeleted,19230,22018.9057,9.99,6294.3,6683.44,659,34.2694,3346,0,4005,5831.62,6675.34,7144.1,3733.8394,17997.6864,0.986948,21776.7686,39.1462,0.0,0.0,0.0,0.0,0.0,0,0,0,0,0
e9_t0_r1,1,2,ScanIntersect,19655,27304.271,194.75,6515.49,6926.7,727,36.988,3558,0,4285,6018.3,6901.56,7467.2,4141.2695,19304.9769,0.858703,0.0,0.0,0.0,0.0,23542.8828,4.8744,190.1585,78139,72770,74873,74873,0
e9_t0_r1,1,2,ScanNonIntersect,345,415.3865,198.8,5963.84,6511.55,5,14.4928,61,0,66,5393.15,6511.55,14228.46,28.7911,317.7106,0.834167,0.0,0.0,0.0,0.0,348.1225,0.0826,3.3797,23,22,28,28,0
e9_t0_r1,1,2,Put,17200,898.9796,46.86,112.68,165.56,0,0.0,0,0,0,0.0,0.0,0.0,0.0,0.0,0.0,0.0,0.0,0.0,0.0,0.0,0.0,0.0,0,0,0,0,0
e9_t0_r1,1,2,DeleteRange,2800,296.7344,98.44,174.31,248.77,0,0.0,0,0,0,0.0,0.0,0.0,0.0,0.0,0.0,0.0,0.0,0.0,0.0,0.0,0.0,0.0,0,0,0,0,2800
e9_t0_r1,1,2,TOTAL_READS,80000,95759.294,27.78,6324.88,6769.03,2774,34.675,13927,0,16701,5835.16,6756.73,7222.44,15683.3468,74639.3981,0.943227,66671.2425,121.087,0.0,0.0,23891.0053,4.957,193.5382,78162,72792,74901,74901,0
e9_t0_r1,1,2,TOTAL_ALL,100000,96955.008,37.06,6207.19,6724.06,2774,27.74,13927,0,16701,5835.16,6756.73,7222.44,15683.3468,74639.3981,0.931594,66671.2425,121.087,0.0,0.0,23891.0053,4.957,193.5382,78162,72792,74901,74901,2800
e9_t512_r1,1,0,GetLive,58535,752.499,6.65,60.48,113.36,861,14.7091,3988,0,4849,69.48,128.05,156.87,49.117,252.2417,0.400477,320.5586,14.2581,0.393,1.6655,0.0,0.0,0.0,0,0,0,0,0
e9_t512_r1,1,0,GetDeleted,1465,12.1802,2.7,62.49,110.92,28,19.1126,88,0,116,73.77,123.18,162.08,1.8701,5.9086,0.638635,8.247,0.3863,0.0134,0.0631,0.0,0.0,0.0,0,0,0,0,0
e9_t512_r1,1,0,ScanIntersect,2651,171.2459,57.93,121.4,166.66,37,13.957,208,0,245,124.6,176.65,196.17,2.4215,13.4162,0.092485,0.0,0.0,0.0,0.0,17.6424,0.2439,6.4932,6283,5096,137,137,0
e9_t512_r1,1,0,ScanNonIntersect,17349,1146.387,59.93,116.14,164.26,271,15.6205,1191,0,1462,121.1,179.67,202.33,14.9365,74.7714,0.078253,0.0,0.0,0.0,0.0,101.7406,1.4099,39.6047,56,45,2,2,0
e9_t512_r1,1,0,Put,18800,215.9418,8.77,30.25,45.38,0,0.0,0,0,0,0.0,0.0,0.0,0.0,0.0,0.0,0.0,0.0,0.0,0.0,0.0,0.0,0.0,0,0,0,0,0
e9_t512_r1,1,0,DeleteRange,1200,41.1536,32.11,52.29,72.22,0,0.0,0,0,0,0.0,0.0,0.0,0.0,0.0,0.0,0.0,0.0,0.0,0.0,0.0,0.0,0.0,0,0,0,0,1200
e9_t512_r1,1,0,TOTAL_READS,80000,2082.3121,7.84,88.48,134.65,1197,14.9625,5475,0,6672,83.18,157.15,185.31,68.3451,346.3379,0.199145,328.8057,14.6445,0.4064,1.7286,119.3829,1.6537,46.0979,6339,5141,139,139,0
e9_t512_r1,1,0,TOTAL_ALL,100000,2339.4076,8.21,82.82,128.44,1197,11.97,5475,0,6672,83.18,157.15,185.31,68.3451,346.3379,0.17726,328.8057,14.6445,0.4064,1.7286,119.3829,1.6537,46.0979,6339,5141,139,139,1200
e9_t512_r1,1,1,GetLive,16858,943.933,40.57,148.0,202.69,3079,182.6433,6269,0,9348,81.78,167.17,219.44,219.245,426.7147,0.684328,667.4978,8.2858,0.8527,3.3316,0.0,0.0,0.0,0,0,0,0,0
e9_t512_r1,1,1,GetDeleted,3142,139.481,29.1,128.98,161.01,581,184.9141,1125,0,1706,71.31,143.84,177.5,40.162,72.6093,0.808507,116.5738,1.5065,0.1624,0.6469,0.0,0.0,0.0,0,0,0,0,0
e9_t512_r1,1,1,ScanIntersect,6791,1038.7067,142.98,255.18,313.37,1079,158.8868,2574,0,3653,181.09,276.59,335.78,73.6722,172.6345,0.237128,0.0,0.0,0.0,0.0,259.2027,2.7462,46.8273,27700,16730,119,118,0
e9_t512_r1,1,1,ScanNonIntersect,3209,498.8611,144.89,272.11,344.02,520,162.0443,1268,0,1788,182.41,295.48,361.54,41.0324,92.0053,0.266683,0.0,0.0,0.0,0.0,139.5918,1.2372,21.76,66,57,0,0,0
e9_t512_r1,1,1,Put,64000,1769.3875,16.52,59.82,102.39,0,0.0,0,0,0,0.0,0.0,0.0,0.0,0.0,0.0,0.0,0.0,0.0,0.0,0.0,0.0,0.0,0,0,0,0,0
e9_t512_r1,1,1,DeleteRange,6000,337.152,43.57,93.61,148.18,0,0.0,0,0,0,0.0,0.0,0.0,0.0,0.0,0.0,0.0,0.0,0.0,0.0,0.0,0.0,0.0,0,0,0,0,6000
e9_t512_r1,1,1,TOTAL_READS,30000,2620.9817,79.0,218.25,282.01,5259,175.3,11236,0,16495,106.5,242.96,303.1,374.1117,763.9638,0.434217,784.0716,9.7923,1.015,3.9785,398.7945,3.9834,68.5873,27766,16787,119,118,0
e9_t512_r1,1,1,TOTAL_ALL,100000,4727.5212,21.33,160.62,256.57,5259,52.59,11236,0,16495,106.5,242.96,303.1,374.1117,763.9638,0.240734,784.0716,9.7923,1.015,3.9785,398.7945,3.9834,68.5873,27766,16787,119,118,6000
e9_t512_r1,1,2,GetLive,40770,1075.9215,13.2,109.71,157.82,1386,33.9956,5230,0,6616,86.94,163.96,219.57,98.2657,387.3397,0.451339,511.3725,16.8177,0.8327,3.4527,0.0,0.0,0.0,0,0,0,0,0
e9_t512_r1,1,2,GetDeleted,19230,359.9301,6.17,99.46,144.02,672,34.9454,2445,0,3117,78.57,150.62,208.3,47.0466,179.6867,0.629937,238.748,7.8365,0.3922,1.6603,0.0,0.0,0.0,0,0,0,0,0
e9_t512_r1,1,2,ScanIntersect,19655,2343.5192,104.33,225.1,309.97,708,36.0214,2600,0,3308,176.97,297.64,380.19,49.7461,193.2693,0.103697,0.0,0.0,0.0,0.0,265.1352,3.9242,133.8791,88212,52613,104,103,0
e9_t512_r1,1,2,ScanNonIntersect,345,48.1735,119.94,267.2,302.36,9,26.087,57,0,66,195.22,293.69,481.25,0.8146,4.2358,0.104836,0.0,0.0,0.0,0.0,5.5235,0.084,3.0489,31,19,1,0,0
e9_t512_r1,1,2,Put,17200,307.3304,12.41,49.28,85.84,0,0.0,0,0,0,0.0,0.0,0.0,0.0,0.0,0.0,0.0,0.0,0.0,0.0,0.0,0.0,0.0,0,0,0,0,0
e9_t512_r1,1,2,DeleteRange,2800,138.2088,41.97,91.98,129.53,0,0.0,0,0,0,0.0,0.0,0.0,0.0,0.0,0.0,0.0,0.0,0.0,0.0,0.0,0.0,0.0,0,0,0,0,2800
e9_t512_r1,1,2,TOTAL_READS,80000,3827.5443,15.09,158.97,240.9,2775,34.6875,10332,0,13107,102.14,231.88,312.42,195.873,764.5315,0.250919,750.1205,24.6543,1.2249,5.1129,270.6587,4.0082,136.928,88243,52632,105,103,0
e9_t512_r1,1,2,TOTAL_ALL,100000,4273.0835,14.79,148.18,230.06,2775,27.75,10332,0,13107,102.14,231.88,312.42,195.873,764.5315,0.224757,750.1205,24.6543,1.2249,5.1129,270.6587,4.0082,136.928,88243,52632,105,103,2800
e9_v2a_r1,1,0,GetLive,58535,1034.7027,6.91,101.34,203.93,866,14.7946,4258,0,5124,114.54,248.77,311.66,90.9583,476.3944,0.548324,587.5337,17.6229,0.3516,1.762,0.0,0.0,0.0,0,0,0,0,0
e9_v2a_r1,1,0,GetDeleted,1465,21.6936,2.82,120.81,216.67,28,19.1126,108,0,136,124.53,246.07,299.08,2.5591,14.5225,0.7874,17.5885,0.5077,0.0156,0.0863,0.0,0.0,0.0,0,0,0,0,0
e9_v2a_r1,1,0,ScanIntersect,2651,185.7725,58.39,165.36,294.23,40,15.0886,192,0,232,175.79,324.18,399.07,4.0666,25.5233,0.15928,0.0,0.0,0.0,0.0,31.5193,0.2836,5.526,5562,5096,494,494,0
e9_v2a_r1,1,0,ScanNonIntersect,17349,1252.3601,60.84,157.34,263.67,263,15.1594,1364,0,1627,161.2,303.83,382.96,24.7885,151.7914,0.140998,0.0,0.0,0.0,0.0,189.4873,1.3516,36.5664,49,45,6,6,0
e9_v2a_r1,1,0,Put,18800,228.2215,9.32,29.91,45.93,0,0.0,0,0,0,0.0,0.0,0.0,0.0,0.0,0.0,0.0,0.0,0.0,0.0,0.0,0.0,0.0,0,0,0,0,0
e9_v2a_r1,1,0,DeleteRange,1200,42.7733,33.7,55.46,68.56,0,0.0,0,0,0,0.0,0.0,0.0,0.0,0.0,0.0,0.0,0.0,0.0,0.0,0.0,0.0,0.0,0,0,0,0,1200
e9_v2a_r1,1,0,TOTAL_READS,80000,2494.529,8.4,119.57,226.19,1197,14.9625,5922,0,7119,127.04,267.04,333.55,122.3725,668.2315,0.316935,605.1222,18.1306,0.3672,1.8483,221.0066,1.6351,42.0924,5611,5141,500,500,0
e9_v2a_r1,1,0,TOTAL_ALL,100000,2765.5237,8.78,105.22,213.02,1197,11.97,5922,0,7119,127.04,267.04,333.55,122.3725,668.2315,0.285879,605.1222,18.1306,0.3672,1.8483,221.0066,1.6351,42.0924,5611,5141,500,500,1200
e9_v2a_r1,1,1,GetLive,16858,2090.3969,68.47,454.88,715.28,3063,181.6942,6854,0,9917,139.13,558.94,804.99,585.0113,1127.6684,0.819308,1740.626,11.3458,0.567,2.3673,0.0,0.0,0.0,0,0,0,0,0
e9_v2a_r1,1,1,GetDeleted,3142,378.4343,65.83,470.58,653.53,570,181.4131,1286,0,1856,140.83,548.21,754.91,115.8785,228.9312,0.911148,349.9929,2.1835,0.1006,0.4376,0.0,0.0,0.0,0,0,0,0,0
e9_v2a_r1,1,1,ScanIntersect,6791,1751.6781,206.41,634.02,916.44,1048,154.3219,2885,0,3933,282.18,733.27,992.76,221.5817,512.1395,0.418868,0.0,0.0,0.0,0.0,751.4624,1.999,66.7949,31559,15687,367,367,0
e9_v2a_r1,1,1,ScanNonIntersect,3209,731.6628,188.36,543.25,827.24,517,161.1094,1379,0,1896,251.95,637.49,944.06,76.8803,221.8709,0.408318,0.0,0.0,0.0,0.0,306.9883,0.9798,27.6118,64,58,1,1,0
e9_v2a_r1,1,1,Put,64000,1621.1213,18.39,66.71,101.9,0,0.0,0,0,0,0.0,0.0,0.0,0.0,0.0,0.0,0.0,0.0,0.0,0.0,0.0,0.0,0.0,0,0,0,0,0
e9_v2a_r1,1,1,DeleteRange,6000,346.5611,50.91,110.85,166.26,0,0.0,0,0,0,0.0,0.0,0.0,0.0,0.0,0.0,0.0,0.0,0.0,0.0,0.0,0.0,0.0,0,0,0,0,6000
e9_v2a_r1,1,1,TOTAL_READS,30000,4952.1722,119.86,516.92,784.76,5198,173.2667,12404,0,17602,188.25,610.65,879.98,999.3517,2090.6099,0.623961,2090.619,13.5293,0.6675,2.8049,1058.4507,2.9788,94.4067,31623,15745,368,368,0
e9_v2a_r1,1,1,TOTAL_ALL,100000,6919.8546,24.82,289.98,596.38,5198,51.98,12404,0,17602,188.25,610.65,879.98,999.3517,2090.6099,0.446536,2090.619,13.5293,0.6675,2.8049,1058.4507,2.9788,94.4067,31623,15745,368,368,6000
e9_v2a_r1,1,2,GetLive,40770,1856.6174,18.13,170.96,582.1,1425,34.9522,5211,0,6636,110.18,656.7,995.16,206.4577,851.2271,0.569684,1088.0332,20.432,1.1019,5.1098,0.0,0.0,0.0,0,0,0,0,0
e9_v2a_r1,1,2,GetDeleted,19230,679.5584,8.79,160.91,602.92,650,33.8014,2511,0,3161,95.21,650.37,912.56,83.4497,412.2897,0.729502,510.0167,9.7361,0.484,2.2864,0.0,0.0,0.0,0,0,0,0,0
e9_v2a_r1,1,2,ScanIntersect,19655,3055.2391,123.03,309.59,762.26,692,35.2073,2655,0,3347,222.52,813.32,1196.45,95.2334,437.9709,0.174521,0.0,0.0,0.0,0.0,562.3216,4.6859,177.2171,49299,32464,355,348,0
e9_v2a_r1,1,2,ScanNonIntersect,345,66.4659,164.46,330.33,1012.81,14,40.5797,56,0,70,236.13,1012.81,1268.11,2.8016,8.1943,0.165437,0.0,0.0,0.0,0.0,11.5899,0.1096,3.4411,21,13,1,0,0
e9_v2a_r1,1,2,Put,17200,379.6579,15.24,58.78,97.43,0,0.0,0,0,0,0.0,0.0,0.0,0.0,0.0,0.0,0.0,0.0,0.0,0.0,0.0,0.0,0.0,0,0,0,0,0
e9_v2a_r1,1,2,DeleteRange,2800,159.8529,49.01,103.95,156.39,0,0.0,0,0,0,0.0,0.0,0.0,0.0,0.0,0.0,0.0,0.0,0.0,0.0,0.0,0.0,0.0,0,0,0,0,2800
e9_v2a_r1,1,2,TOTAL_READS,80000,5657.8809,21.52,243.69,631.72,2781,34.7625,10433,0,13214,137.7,695.19,1009.74,387.9424,1709.682,0.370744,1598.0499,30.1682,1.5858,7.3962,573.9116,4.7955,180.6582,49320,32477,356,348,0
e9_v2a_r1,1,2,TOTAL_ALL,100000,6197.3916,20.39,222.79,553.55,2781,27.81,10433,0,13214,137.7,695.19,1009.74,387.9424,1709.682,0.338469,1598.0499,30.1682,1.5858,7.3962,573.9116,4.7955,180.6582,49320,32477,356,348,2800
e9_t512_r2,2,0,GetLive,58535,754.4864,6.83,59.21,107.93,892,15.2387,3938,0,4830,68.18,125.66,153.02,48.4034,240.8084,0.383323,309.2134,14.2189,0.5964,2.4613,0.0,0.0,0.0,0,0,0,0,0
e9_t512_r2,2,0,GetDeleted,1465,12.6497,2.86,58.35,107.8,19,12.9693,106,0,125,66.39,122.8,142.89,1.2583,6.7276,0.631315,8.4746,0.4,0.0193,0.0916,0.0,0.0,0.0,0,0,0,0,0
e9_t512_r2,2,0,ScanIntersect,2651,167.9556,56.23,116.29,166.46,28,10.5621,185,0,213,126.66,186.21,203.43,1.7525,12.7584,0.086397,0.0,0.0,0.0,0.0,16.3195,0.322,6.2902,6318,5096,174,174,0
e9_t512_r2,2,0,ScanNonIntersect,17349,1166.3533,60.15,120.81,168.59,258,14.8712,1259,0,1517,123.92,182.63,209.18,14.8479,79.6815,0.081047,0.0,0.0,0.0,0.0,107.4858,1.8071,40.1938,57,45,4,4,0
e9_t512_r2,2,0,Put,18800,224.3783,8.74,31.78,47.37,0,0.0,0,0,0,0.0,0.0,0.0,0.0,0.0,0.0,0.0,0.0,0.0,0.0,0.0,0.0,0.0,0,0,0,0,0
e9_t512_r2,2,0,DeleteRange,1200,41.9309,32.73,54.92,67.98,0,0.0,0,0,0,0.0,0.0,0.0,0.0,0.0,0.0,0.0,0.0,0.0,0.0,0.0,0.0,0.0,0,0,0,0,1200
e9_t512_r2,2,0,TOTAL_READS,80000,2101.445,8.07,88.86,135.14,1197,14.9625,5488,0,6685,81.28,158.01,188.36,66.2621,339.9759,0.193314,317.6881,14.619,0.6156,2.5529,123.8053,2.1291,46.484,6375,5141,178,178,0
e9_t512_r2,2,0,TOTAL_ALL,100000,2367.7541,8.36,83.83,129.84,1197,11.97,5488,0,6685,81.28,158.01,188.36,66.2621,339.9759,0.171571,317.6881,14.619,0.6156,2.5529,123.8053,2.1291,46.484,6375,5141,178,178,1200
e9_t512_r2,2,1,GetLive,16858,915.4296,36.93,145.86,199.04,3089,183.2364,6097,0,9186,80.16,168.7,216.4,213.583,416.3451,0.688123,650.3225,7.616,0.8374,3.2505,0.0,0.0,0.0,0,0,0,0,0
e9_t512_r2,2,1,GetDeleted,3142,135.3614,27.71,124.53,177.08,541,172.1833,1156,0,1697,67.9,147.91,212.63,37.1384,72.2795,0.808339,113.0492,1.3841,0.1511,0.6043,0.0,0.0,0.0,0,0,0,0,0
e9_t512_r2,2,1,ScanIntersect,6791,1001.807,135.88,252.1,320.28,1085,159.7703,2560,0,3645,172.63,279.29,351.39,70.482,168.4942,0.238545,0.0,0.0,0.0,0.0,251.0739,2.7182,46.0769,29003,16877,132,130,0
e9_t512_r2,2,1,ScanNonIntersect,3209,489.2561,139.81,269.15,328.33,516,160.7978,1252,0,1768,180.21,290.16,350.11,39.0722,89.3052,0.262393,0.0,0.0,0.0,0.0,134.9007,1.3073,22.1885,72,57,0,0,0
e9_t512_r2,2,1,Put,64000,1589.8062,15.23,56.2,92.65,0,0.0,0,0,0,0.0,0.0,0.0,0.0,0.0,0.0,0.0,0.0,0.0,0.0,0.0,0.0,0.0,0,0,0,0,0
e9_t512_r2,2,1,DeleteRange,6000,297.7508,40.64,86.31,121.69,0,0.0,0,0,0,0.0,0.0,0.0,0.0,0.0,0.0,0.0,0.0,0.0,0.0,0.0,0.0,0.0,0,0,0,0,6000
e9_t512_r2,2,1,TOTAL_READS,30000,2541.8541,76.32,213.02,282.69,5231,174.3667,11065,0,16296,103.58,239.59,306.6,360.2756,746.424,0.435391,763.3717,9.0001,0.9886,3.8548,385.9746,4.0254,68.2654,29075,16934,132,130,0
e9_t512_r2,2,1,TOTAL_ALL,100000,4429.4111,19.78,154.6,250.43,5231,52.31,11065,0,16296,103.58,239.59,306.6,360.2756,746.424,0.249853,763.3717,9.0001,0.9886,3.8548,385.9746,4.0254,68.2654,29075,16934,132,130,6000
e9_t512_r2,2,2,GetLive,40770,1080.6136,13.82,107.48,152.46,1371,33.6277,5236,0,6607,84.65,158.59,221.85,94.2819,376.9344,0.436064,495.5249,15.352,0.7002,2.9485,0.0,0.0,0.0,0,0,0,0,0
e9_t512_r2,2,2,GetDeleted,19230,353.4979,6.1,97.02,138.54,689,35.8294,2411,0,3100,75.49,146.31,216.53,47.93,170.7311,0.618564,229.772,7.0508,0.3102,1.3292,0.0,0.0,0.0,0,0,0,0,0
e9_t512_r2,2,2,ScanIntersect,19655,2399.5913,105.93,238.15,319.7,702,35.7161,2632,0,3334,173.89,311.66,399.07,49.4509,188.9088,0.099333,0.0,0.0,0.0,0.0,261.0768,3.527,136.24,88289,52618,74,68,0
e9_t512_r2,2,2,ScanNonIntersect,345,50.8375,128.28,281.16,361.1,12,34.7826,57,0,69,196.65,361.1,416.36,0.8832,4.4338,0.104589,0.0,0.0,0.0,0.0,5.79,0.0703,3.1732,45,19,1,0,0
e9_t512_r2,2,2,Put,17200,294.0508,12.0,45.99,76.41,0,0.0,0,0,0,0.0,0.0,0.0,0.0,0.0,0.0,0.0,0.0,0.0,0.0,0.0,0.0,0.0,0,0,0,0,0
e9_t512_r2,2,2,DeleteRange,2800,127.5732,39.88,80.94,107.15,0,0.0,0,0,0,0.0,0.0,0.0,0.0,0.0,0.0,0.0,0.0,0.0,0.0,0.0,0.0,0.0,0,0,0,0,2800
e9_t512_r2,2,2,TOTAL_READS,80000,3884.5403,15.52,166.97,252.72,2774,34.675,10336,0,13110,100.3,237.42,328.93,192.546,741.0081,0.240325,725.2969,22.4027,1.0104,4.2778,266.8669,3.5973,139.4132,88334,52637,75,68,0
e9_t512_r2,2,2,TOTAL_ALL,100000,4306.1643,15.04,154.98,241.63,2774,27.74,10336,0,13110,100.3,237.42,328.93,192.546,741.0081,0.216795,725.2969,22.4027,1.0104,4.2778,266.8669,3.5973,139.4132,88334,52637,75,68,2800
e9_v2a_r2,2,0,GetLive,58535,1140.8358,7.11,121.77,209.94,874,14.9312,4470,0,5344,130.55,247.11,344.22,100.4252,551.4302,0.571384,675.259,18.9643,0.3772,1.71,0.0,0.0,0.0,0,0,0,0,0
e9_v2a_r2,2,0,GetDeleted,1465,24.6819,2.88,150.72,220.77,24,16.3823,109,0,133,162.28,293.16,372.21,3.4145,16.5095,0.807231,20.4936,0.5495,0.0166,0.0889,0.0,0.0,0.0,0,0,0,0,0
e9_v2a_r2,2,0,ScanIntersect,2651,202.7129,62.45,207.67,314.7,40,15.0886,215,0,255,210.07,357.62,381.34,5.9865,30.9207,0.182066,0.0,0.0,0.0,0.0,38.9932,0.2717,6.0319,5561,5096,506,506,0
e9_v2a_r2,2,0,ScanNonIntersect,17349,1348.9418,65.59,171.06,264.14,260,14.9865,1355,0,1615,178.15,296.73,384.59,28.1427,158.3105,0.138222,0.0,0.0,0.0,0.0,200.7764,1.4035,40.2031,48,45,6,6,0
e9_v2a_r2,2,0,Put,18800,240.2911,9.75,32.12,48.42,0,0.0,0,0,0,0.0,0.0,0.0,0.0,0.0,0.0,0.0,0.0,0.0,0.0,0.0,0.0,0.0,0,0,0,0,0
e9_v2a_r2,2,0,DeleteRange,1200,45.1792,35.72,58.21,75.31,0,0.0,0,0,0,0.0,0.0,0.0,0.0,0.0,0.0,0.0,0.0,0.0,0.0,0.0,0.0,0.0,0,0,0,0,1200
e9_v2a_r2,2,0,TOTAL_READS,80000,2717.1723,8.77,137.04,232.72,1198,14.975,6149,0,7347,145.16,275.92,364.84,137.9689,757.1709,0.329438,695.7526,19.5137,0.3938,1.7989,239.7696,1.6752,46.235,5609,5141,512,512,0
e9_v2a_r2,2,0,TOTAL_ALL,100000,3002.6426,9.23,117.21,221.58,1198,11.98,6149,0,7347,145.16,275.92,364.84,137.9689,757.1709,0.298117,695.7526,19.5137,0.3938,1.7989,239.7696,1.6752,46.235,5609,5141,512,512,1200
e9_v2a_r2,2,1,GetLive,16858,2061.5765,72.18,428.39,831.76,3065,181.8128,7128,0,10193,136.05,514.11,940.07,532.0501,1161.5015,0.821484,1722.2248,11.5474,0.718,2.9955,0.0,0.0,0.0,0,0,0,0,0
e9_v2a_r2,2,1,GetDeleted,3142,359.0929,63.71,413.85,820.25,531,169.0006,1309,0,1840,134.65,505.76,918.11,99.3296,225.5003,0.904585,330.1907,2.2101,0.1345,0.563,0.0,0.0,0.0,0,0,0,0,0
e9_v2a_r2,2,1,ScanIntersect,6791,1797.0863,215.1,613.99,1045.23,1066,156.9725,2968,0,4034,293.16,747.17,1134.32,217.3226,542.4143,0.42276,0.0,0.0,0.0,0.0,778.0008,2.5458,66.1356,32137,16045,366,366,0
e9_v2a_r2,2,1,ScanNonIntersect,3209,695.6176,174.52,523.54,891.79,534,166.407,1399,0,1933,224.82,612.13,1068.93,82.0016,199.6367,0.404875,0.0,0.0,0.0,0.0,289.8134,1.1744,25.1819,72,60,0,0,0
e9_v2a_r2,2,1,Put,64000,1644.2002,18.65,66.87,98.86,0,0.0,0,0,0,0.0,0.0,0.0,0.0,0.0,0.0,0.0,0.0,0.0,0.0,0.0,0.0,0.0,0,0,0,0,0
e9_v2a_r2,2,1,DeleteRange,6000,348.1588,50.36,106.25,152.65,0,0.0,0,0,0,0.0,0.0,0.0,0.0,0.0,0.0,0.0,0.0,0.0,0.0,0.0,0.0,0.0,0,0,0,0,6000
e9_v2a_r2,2,1,TOTAL_READS,30000,4913.3732,119.36,494.55,898.3,5196,173.2,12804,0,18000,178.69,597.47,998.18,930.7039,2129.0528,0.622741,2052.4155,13.7575,0.8525,3.5586,1067.8142,3.7202,91.3174,32209,16105,366,366,0
e9_v2a_r2,2,1,TOTAL_ALL,100000,6905.7322,25.61,286.31,582.1,5196,51.96,12804,0,18000,178.69,597.47,998.18,930.7039,2129.0528,0.443075,2052.4155,13.7575,0.8525,3.5586,1067.8142,3.7202,91.3174,32209,16105,366,366,6000
e9_v2a_r2,2,2,GetLive,40770,1839.2769,15.76,149.9,769.69,1422,34.8786,5253,0,6675,98.32,833.28,953.84,200.263,902.0018,0.599292,1132.6548,19.2141,1.1585,4.9596,0.0,0.0,0.0,0,0,0,0,0
e9_v2a_r2,2,2,GetDeleted,19230,631.8197,7.61,139.89,626.01,663,34.4774,2440,0,3103,86.31,746.72,921.45,88.2141,380.1097,0.74123,482.0832,8.7241,0.5034,2.2227,0.0,0.0,0.0,0,0,0,0,0
e9_v2a_r2,2,2,ScanIntersect,19655,2822.6703,107.61,310.91,913.67,685,34.8512,2581,0,3266,198.44,992.76,1215.45,107.3997,400.0408,0.179773,0.0,0.0,0.0,0.0,534.5587,4.6528,160.0978,47705,30945,368,361,0
e9_v2a_r2,2,2,ScanNonIntersect,345,74.1052,166.06,416.62,1158.64,13,37.6812,64,0,77,264.95,1158.64,1218.4,1.9907,14.7835,0.226357,0.0,0.0,0.0,0.0,17.478,0.1024,3.7213,21,14,1,0,0
e9_v2a_r2,2,2,Put,17200,362.0076,13.71,54.56,95.67,0,0.0,0,0,0,0.0,0.0,0.0,0.0,0.0,0.0,0.0,0.0,0.0,0.0,0.0,0.0,0.0,0,0,0,0,0
e9_v2a_r2,2,2,DeleteRange,2800,150.2235,45.82,103.14,147.37,0,0.0,0,0,0,0.0,0.0,0.0,0.0,0.0,0.0,0.0,0.0,0.0,0.0,0.0,0.0,0.0,0,0,0,0,2800
e9_v2a_r2,2,2,TOTAL_READS,80000,5367.8721,18.96,237.71,759.5,2783,34.7875,10338,0,13121,124.15,840.89,1084.58,397.8675,1696.9359,0.390248,1614.738,27.9382,1.6619,7.1823,552.0367,4.7552,163.8191,47726,30959,369,361,0
e9_v2a_r2,2,2,TOTAL_ALL,100000,5880.1032,17.99,211.61,563.71,2783,27.83,10338,0,13121,124.15,840.89,1084.58,397.8675,1696.9359,0.356253,1614.738,27.9382,1.6619,7.1823,552.0367,4.7552,163.8191,47726,30959,369,361,2800
e9_t0_r2,2,0,GetLive,58535,1461.9739,7.63,146.93,342.98,859,14.675,4774,0,5633,152.74,425.8,528.0,150.1698,798.7688,0.64908,973.2861,22.1882,0.0,0.0,0.0,0.0,0.0,0,0,0,0,0
e9_t0_r2,2,0,GetDeleted,1465,44.2431,3.23,251.49,448.04,35,23.8908,131,0,166,227.7,488.89,583.52,10.399,28.4216,0.87744,39.5241,0.7072,0.0,0.0,0.0,0.0,0.0,0,0,0,0,0
e9_t0_r2,2,0,ScanIntersect,2651,248.7694,70.92,270.13,452.4,41,15.4659,246,0,287,255.02,525.76,612.13,10.582,49.957,0.243354,0.0,0.0,0.0,0.0,63.0215,0.1605,6.8538,5434,5096,585,585,0
e9_t0_r2,2,0,ScanNonIntersect,17349,1513.4791,69.02,208.05,431.52,264,15.217,1532,0,1796,202.08,505.46,610.65,47.5703,249.8711,0.196528,0.0,0.0,0.0,0.0,313.0074,0.9511,42.4659,44,45,7,7,0
e9_t0_r2,2,0,Put,18800,256.298,10.6,34.8,52.93,0,0.0,0,0,0,0.0,0.0,0.0,0.0,0.0,0.0,0.0,0.0,0.0,0.0,0.0,0.0,0.0,0,0,0,0,0
e9_t0_r2,2,0,DeleteRange,1200,48.618,37.4,64.06,85.06,0,0.0,0,0,0,0.0,0.0,0.0,0.0,0.0,0.0,0.0,0.0,0.0,0.0,0.0,0.0,0.0,0,0,0,0,1200
e9_t0_r2,2,0,TOTAL_READS,80000,3268.4654,9.73,168.9,371.09,1199,14.9875,6683,0,7882,170.03,453.78,569.2,218.721,1127.0186,0.411734,1012.8102,22.8954,0.0,0.0,376.029,1.1116,49.3198,5478,5141,592,592,0
e9_t0_r2,2,0,TOTAL_ALL,100000,3573.3814,10.1,138.54,345.06,1199,11.99,6683,0,7882,170.03,453.78,569.2,218.721,1127.0186,0.376601,1012.8102,22.8954,0.0,0.0,376.029,1.1116,49.3198,5478,5141,592,592,1200
e9_t0_r2,2,1,GetLive,16858,27565.6016,1296.08,4413.03,4754.5,2990,177.3639,8754,0,11744,2261.9,4524.04,4815.39,7866.5323,18918.0221,0.971666,26876.333,41.6536,0.0,0.0,0.0,0.0,0.0,0,0,0,0,0
e9_t0_r2,2,1,GetDeleted,3142,5995.2053,1714.79,4565.35,4812.47,576,183.3227,1587,0,2163,3047.53,4621.01,5011.87,1829.7229,4087.3601,0.986969,5934.8149,8.1115,0.0,0.0,0.0,0.0,0.0,0,0,0,0,0
e9_t0_r2,2,1,ScanIntersect,6791,13521.2607,1786.92,4720.06,5008.84,1044,153.7329,3525,0,4569,3023.61,4815.39,5110.0,3144.5882,8849.0387,0.88702,0.0,0.0,0.0,0.0,12051.9102,2.4722,88.295,19276,18031,11344,11344,0
e9_t0_r2,2,1,ScanNonIntersect,3209,4626.5945,1126.79,3855.25,4742.99,564,175.7557,1722,0,2286,1760.06,4146.02,4824.15,1147.6717,2792.3589,0.851605,0.0,0.0,0.0,0.0,3965.6928,1.1178,38.6605,59,60,17,17,0
e9_t0_r2,2,1,Put,64000,3197.1575,41.51,115.65,182.63,0,0.0,0,0,0,0.0,0.0,0.0,0.0,0.0,0.0,0.0,0.0,0.0,0.0,0.0,0.0,0.0,0,0,0,0,0
e9_t0_r2,2,1,DeleteRange,6000,626.195,94.41,184.86,265.59,0,0.0,0,0,0,0.0,0.0,0.0,0.0,0.0,0.0,0.0,0.0,0.0,0.0,0.0,0.0,0.0,0,0,0,0,6000
e9_t0_r2,2,1,TOTAL_READS,30000,51708.6621,1377.88,4504.89,4871.15,5174,172.4667,15588,0,20762,2425.14,4612.62,4957.5,13988.5151,34646.7797,0.940564,32811.1479,49.7651,0.0,0.0,16017.603,3.59,126.9554,19335,18091,11361,11361,0
e9_t0_r2,2,1,TOTAL_ALL,100000,55532.0146,55.83,3644.0,4621.01,5174,51.74,15588,0,20762,2425.14,4612.62,4957.5,13988.5151,34646.7797,0.875806,32811.1479,49.7651,0.0,0.0,16017.603,3.59,126.9554,19335,18091,11361,11361,6000
e9_t0_r2,2,2,GetLive,40770,46218.3426,23.83,6226.02,6667.26,1409,34.5597,6980,0,8389,5688.53,6663.22,7471.73,7797.8967,37162.0249,0.972772,45059.3298,84.9109,0.0,0.0,0.0,0.0,0.0,0,0,0,0,0
e9_t0_r2,2,2,GetDeleted,19230,21400.8411,10.35,6263.86,6655.15,673,34.9974,3259,0,3932,5750.91,6655.15,6985.71,3772.5249,17332.6969,0.986187,21151.9097,40.4405,0.0,0.0,0.0,0.0,0.0,0,0,0,0,0
e9_t0_r2,2,2,ScanIntersect,19655,26235.8204,200.98,6456.54,6884.85,675,34.3424,3467,0,4142,5927.82,6876.52,7248.75,3743.6339,18515.2098,0.848414,0.0,0.0,0.0,0.0,22350.4733,5.1096,194.3862,78091,72770,74873,74873,0
e9_t0_r2,2,2,ScanNonIntersect,345,425.0628,203.56,5935.0,6409.76,12,34.7826,54,0,66,5425.92,6409.76,20504.17,73.8108,277.323,0.826075,0.0,0.0,0.0,0.0,352.6921,0.087,3.4597,23,22,28,28,0
e9_t0_r2,2,2,Put,17200,970.4823,47.4,117.13,182.41,0,0.0,0,0,0,0.0,0.0,0.0,0.0,0.0,0.0,0.0,0.0,0.0,0.0,0.0,0.0,0.0,0,0,0,0,0
e9_t0_r2,2,2,DeleteRange,2800,304.9785,99.94,185.98,266.07,0,0.0,0,0,0,0.0,0.0,0.0,0.0,0.0,0.0,0.0,0.0,0.0,0.0,0.0,0.0,0.0,0,0,0,0,2800
e9_t0_r2,2,2,TOTAL_READS,80000,94280.0668,29.1,6294.3,6732.21,2769,34.6125,13760,0,16529,5761.38,6728.14,7292.81,15387.8663,73287.2546,0.94055,66211.2395,125.3514,0.0,0.0,22703.1654,5.1966,197.8458,78114,72792,74901,74901,0
e9_t0_r2,2,2,TOTAL_ALL,100000,95555.5276,38.3,6173.43,6695.6,2769,27.69,13760,0,16529,5761.38,6728.14,7292.81,15387.8663,73287.2546,0.927996,66211.2395,125.3514,0.0,0.0,22703.1654,5.1966,197.8458,78114,72792,74901,74901,2800
e9_v2a_r3,3,0,GetLive,58535,1051.6826,7.17,99.94,204.17,871,14.88,4279,0,5150,112.34,235.7,278.78,90.3809,471.194,0.533978,584.8238,18.0212,0.5617,2.598,0.0,0.0,0.0,0,0,0,0,0
e9_v2a_r3,3,0,GetDeleted,1465,20.5216,2.98,105.99,235.42,28,19.1126,104,0,132,125.21,262.55,298.18,2.3407,13.2626,0.760331,16.2065,0.5281,0.0251,0.1335,0.0,0.0,0.0,0,0,0,0,0
e9_v2a_r3,3,0,ScanIntersect,2651,193.174,61.62,169.0,282.01,32,12.0709,193,0,225,189.39,303.1,340.7,3.719,24.8929,0.148114,0.0,0.0,0.0,0.0,30.7049,0.3538,5.9581,5647,5096,435,435,0
e9_v2a_r3,3,0,ScanNonIntersect,17349,1320.8363,63.75,159.45,259.39,268,15.4476,1331,0,1599,161.3,286.49,337.21,25.4655,144.7072,0.128837,0.0,0.0,0.0,0.0,184.6359,1.6558,39.3838,48,45,6,6,0
e9_v2a_r3,3,0,Put,18800,237.8844,9.47,31.76,48.27,0,0.0,0,0,0,0.0,0.0,0.0,0.0,0.0,0.0,0.0,0.0,0.0,0.0,0.0,0.0,0.0,0,0,0,0,0
e9_v2a_r3,3,0,DeleteRange,1200,45.622,35.2,59.64,69.98,0,0.0,0,0,0,0.0,0.0,0.0,0.0,0.0,0.0,0.0,0.0,0.0,0.0,0.0,0.0,0.0,0,0,0,0,1200
e9_v2a_r3,3,0,TOTAL_READS,80000,2586.2146,8.48,121.62,226.19,1199,14.9875,5907,0,7106,129.92,257.2,304.94,121.9061,654.0566,0.300038,601.0303,18.5493,0.5868,2.7315,215.3409,2.0096,45.3419,5695,5141,441,441,0
e9_v2a_r3,3,0,TOTAL_ALL,100000,2869.721,8.88,106.31,216.27,1199,11.99,5907,0,7106,129.92,257.2,304.94,121.9061,654.0566,0.270397,601.0303,18.5493,0.5868,2.7315,215.3409,2.0096,45.3419,5695,5141,441,441,1200
e9_v2a_r3,3,1,GetLive,16858,2350.488,78.62,524.17,899.39,3025,179.44,7268,0,10293,145.6,676.08,956.73,622.6972,1326.3373,0.829204,1979.7374,12.508,0.6752,2.738,0.0,0.0,0.0,0,0,0,0,0
e9_v2a_r3,3,1,GetDeleted,3142,448.3171,71.92,581.05,902.12,542,172.5016,1345,0,1887,156.87,727.07,936.65,127.8375,283.2243,0.9169,416.9016,2.4483,0.1238,0.4875,0.0,0.0,0.0,0,0,0,0,0
e9_v2a_r3,3,1,ScanIntersect,6791,1988.4617,233.15,757.66,1177.75,1109,163.3044,2963,0,4072,304.94,947.5,1232.51,252.6784,611.8136,0.434754,0.0,0.0,0.0,0.0,884.5581,2.4152,72.2443,32142,15887,314,313,0
e9_v2a_r3,3,1,ScanNonIntersect,3209,761.4348,194.51,552.21,961.38,543,169.2116,1452,0,1995,246.07,661.09,1035.14,96.7695,213.2681,0.407176,0.0,0.0,0.0,0.0,319.1022,1.187,27.8927,77,61,1,1,0
e9_v2a_r3,3,1,Put,64000,1735.1895,19.56,70.49,105.54,0,0.0,0,0,0,0.0,0.0,0.0,0.0,0.0,0.0,0.0,0.0,0.0,0.0,0.0,0.0,0.0,0,0,0,0,0
e9_v2a_r3,3,1,DeleteRange,6000,362.8216,53.96,110.65,151.91,0,0.0,0,0,0,0.0,0.0,0.0,0.0,0.0,0.0,0.0,0.0,0.0,0.0,0.0,0.0,0.0,0,0,0,0,6000
e9_v2a_r3,3,1,TOTAL_READS,30000,5548.7015,129.29,595.3,976.05,5219,173.9667,13028,0,18247,194.16,737.73,1043.96,1099.9826,2434.6433,0.637019,2396.639,14.9563,0.799,3.2254,1203.6603,3.6021,100.137,32219,15948,315,314,0
e9_v2a_r3,3,1,TOTAL_ALL,100000,7646.7125,27.03,311.47,724.44,5219,52.19,13028,0,18247,194.16,737.73,1043.96,1099.9826,2434.6433,0.462241,2396.639,14.9563,0.799,3.2254,1203.6603,3.6021,100.137,32219,15948,315,314,6000
e9_v2a_r3,3,2,GetLive,40770,1676.8587,16.31,155.82,548.21,1381,33.8729,4775,0,6156,110.72,630.58,775.78,179.003,753.7448,0.556247,963.8404,20.3957,0.6864,2.6618,0.0,0.0,0.0,0,0,0,0,0
e9_v2a_r3,3,2,GetDeleted,19230,606.1192,7.87,148.54,506.68,691,35.9334,2158,0,2849,102.95,598.56,764.11,83.6401,353.7049,0.72155,451.5701,9.6217,0.3052,1.2138,0.0,0.0,0.0,0,0,0,0,0
e9_v2a_r3,3,2,ScanIntersect,19655,2842.5875,114.26,308.66,712.25,684,34.8003,2392,0,3076,220.77,790.01,960.21,85.9324,376.7427,0.162765,0.0,0.0,0.0,0.0,491.4164,3.6261,180.9771,43210,29045,165,164,0
e9_v2a_r3,3,2,ScanNonIntersect,345,62.6158,155.07,364.84,830.76,19,55.0725,46,0,65,245.62,830.76,917.0,2.9829,6.4632,0.150859,0.0,0.0,0.0,0.0,10.0184,0.059,3.4797,14,12,1,0,0
e9_v2a_r3,3,2,Put,17200,359.0223,14.27,57.65,97.72,0,0.0,0,0,0,0.0,0.0,0.0,0.0,0.0,0.0,0.0,0.0,0.0,0.0,0.0,0.0,0.0,0,0,0,0,0
e9_v2a_r3,3,2,DeleteRange,2800,158.0227,50.67,104.21,144.72,0,0.0,0,0,0,0.0,0.0,0.0,0.0,0.0,0.0,0.0,0.0,0.0,0.0,0.0,0.0,0.0,0,0,0,0,2800
e9_v2a_r3,3,2,TOTAL_READS,80000,5188.1811,19.36,241.05,569.54,2775,34.6875,9371,0,12146,136.96,666.73,866.75,351.5585,1490.6556,0.355079,1415.4105,30.0174,0.9917,3.8756,501.4347,3.6851,184.4568,43224,29057,166,164,0
e9_v2a_r3,3,2,TOTAL_ALL,100000,5705.2261,18.49,217.85,511.62,2775,27.75,9371,0,12146,136.96,666.73,866.75,351.5585,1490.6556,0.322899,1415.4105,30.0174,0.9917,3.8756,501.4347,3.6851,184.4568,43224,29057,166,164,2800
e9_t0_r3,3,0,GetLive,58535,1375.2492,7.6,133.59,319.89,852,14.5554,4605,0,5457,141.51,419.91,536.06,149.1853,713.6122,0.627375,886.8089,22.1023,0.0,0.0,0.0,0.0,0.0,0,0,0,0,0
e9_t0_r3,3,0,GetDeleted,1465,39.0413,3.18,206.29,444.52,26,17.7474,119,0,145,207.54,505.76,554.56,7.5361,26.0405,0.860027,34.2438,0.7174,0.0,0.0,0.0,0.0,0.0,0,0,0,0,0
e9_t0_r3,3,0,ScanIntersect,2651,232.0196,67.53,230.9,498.16,45,16.9747,211,0,256,235.13,552.88,720.5,11.1542,41.2047,0.225666,0.0,0.0,0.0,0.0,54.8238,0.162,6.3674,5438,5096,585,585,0
e9_t0_r3,3,0,ScanNonIntersect,17349,1456.8786,67.98,188.36,397.87,275,15.8511,1444,0,1719,188.36,486.23,571.96,44.0202,214.0407,0.177133,0.0,0.0,0.0,0.0,273.5886,1.0063,40.4819,44,45,7,7,0
e9_t0_r3,3,0,Put,18800,246.4338,10.26,32.85,51.47,0,0.0,0,0,0,0.0,0.0,0.0,0.0,0.0,0.0,0.0,0.0,0.0,0.0,0.0,0.0,0.0,0,0,0,0,0
e9_t0_r3,3,0,DeleteRange,1200,47.9941,37.18,63.33,83.88,0,0.0,0,0,0,0.0,0.0,0.0,0.0,0.0,0.0,0.0,0.0,0.0,0.0,0.0,0.0,0.0,0,0,0,0,1200
e9_t0_r3,3,0,TOTAL_READS,80000,3103.1887,9.64,152.55,349.06,1198,14.975,6379,0,7577,158.3,442.37,557.25,211.8958,994.8981,0.388888,921.0527,22.8196,0.0,0.0,328.4124,1.1682,46.8492,5482,5141,592,592,0
e9_t0_r3,3,0,TOTAL_ALL,100000,3397.6166,9.96,125.13,316.23,1198,11.98,6379,0,7577,158.3,442.37,557.25,211.8958,994.8981,0.355188,921.0527,22.8196,0.0,0.0,328.4124,1.1682,46.8492,5482,5141,592,592,1200
e9_t0_r3,3,1,GetLive,16858,26875.004,1056.05,4407.68,4754.5,2954,175.2284,8721,0,11675,2256.43,4535.02,4792.1,7629.5105,18489.0313,0.971853,26208.6474,40.3676,0.0,0.0,0.0,0.0,0.0,0,0,0,0,0
e9_t0_r3,3,1,GetDeleted,3142,5980.0688,1790.17,4557.05,4786.3,544,173.1381,1624,0,2168,3060.48,4621.01,4818.31,1710.3977,4190.7474,0.986802,5919.155,8.199,0.0,0.0,0.0,0.0,0.0,0,0,0,0,0
e9_t0_r3,3,1,ScanIntersect,6791,13477.5369,1735.7,4708.63,4966.53,1064,156.678,3553,0,4617,3047.53,4803.73,5014.91,3156.0995,8825.1154,0.888977,0.0,0.0,0.0,0.0,12040.2343,2.4059,85.7188,19287,18031,11344,11344,0
e9_t0_r3,3,1,ScanNonIntersect,3209,4509.3458,987.95,3966.62,4774.71,574,178.8719,1680,0,2254,1725.21,4214.41,4838.79,1143.5691,2724.3845,0.857764,0.0,0.0,0.0,0.0,3892.0644,1.0014,35.6626,58,58,17,17,0
e9_t0_r3,3,1,Put,64000,3047.0163,39.14,113.64,180.0,0,0.0,0,0,0,0.0,0.0,0.0,0.0,0.0,0.0,0.0,0.0,0.0,0.0,0.0,0.0,0.0,0,0,0,0,0
e9_t0_r3,3,1,DeleteRange,6000,600.9616,91.64,180.54,244.58,0,0.0,0,0,0,0.0,0.0,0.0,0.0,0.0,0.0,0.0,0.0,0.0,0.0,0.0,0.0,0.0,0,0,0,0,6000
e9_t0_r3,3,1,TOTAL_READS,30000,50841.9555,1171.34,4493.98,4844.66,5136,171.2,15578,0,20714,2441.36,4607.03,4897.79,13639.5769,34229.2786,0.941523,32127.8024,48.5666,0.0,0.0,15932.2986,3.4073,121.3814,19345,18089,11361,11361,0
e9_t0_r3,3,1,TOTAL_ALL,100000,54489.9334,53.51,3681.74,4615.41,5136,51.36,15578,0,20714,2441.36,4607.03,4897.79,13639.5769,34229.2786,0.87849,32127.8024,48.5666,0.0,0.0,15932.2986,3.4073,121.3814,19345,18089,11361,11361,6000
e9_t0_r3,3,2,GetLive,40770,45101.9476,22.96,6180.91,6622.97,1417,34.7559,6885,0,8302,5654.16,6618.96,7075.17,7920.8191,35972.5002,0.973202,43989.6196,82.1728,0.0,0.0,0.0,0.0,0.0,0,0,0,0,0
e9_t0_r3,3,2,GetDeleted,19230,21017.4038,10.21,6241.13,6626.98,634,32.9693,3221,0,3855,5730.04,6626.98,7498.94,3600.7596,17130.5299,0.986387,20776.2937,38.9562,0.0,0.0,0.0,0.0,0.0,0,0,0,0,0
e9_t0_r3,3,2,ScanIntersect,19655,26549.9058,195.34,6456.54,6843.26,701,35.6652,3569,0,4270,5884.87,6839.12,7148.43,3926.1947,18781.9148,0.855299,0.0,0.0,0.0,0.0,22799.385,4.9364,186.6274,78081,72770,74873,74873,0
e9_t0_r3,3,2,ScanNonIntersect,345,530.3249,209.69,6032.9,6728.14,15,43.4783,73,0,88,5542.23,6527.35,7494.4,78.9985,379.0286,0.863673,0.0,0.0,0.0,0.0,459.8307,0.0922,3.561,23,22,28,28,0
e9_t0_r3,3,2,Put,17200,919.662,46.6,110.51,161.69,0,0.0,0,0,0,0.0,0.0,0.0,0.0,0.0,0.0,0.0,0.0,0.0,0.0,0.0,0.0,0.0,0,0,0,0,0
e9_t0_r3,3,2,DeleteRange,2800,292.7065,98.5,176.01,251.65,0,0.0,0,0,0,0.0,0.0,0.0,0.0,0.0,0.0,0.0,0.0,0.0,0.0,0.0,0.0,0.0,0,0,0,0,2800
e9_t0_r3,3,2,TOTAL_READS,80000,93199.582,27.84,6271.46,6711.85,2767,34.5875,13748,0,16515,5730.04,6707.78,7178.81,15526.7718,72263.9735,0.941965,64765.9132,121.129,0.0,0.0,23259.2157,5.0286,190.1885,78104,72792,74901,74901,0
e9_t0_r3,3,2,TOTAL_ALL,100000,94411.9505,36.46,6132.42,6671.3,2767,27.67,13748,0,16515,5730.04,6707.78,7178.81,15526.7718,72263.9735,0.929869,64765.9132,121.129,0.0,0.0,23259.2157,5.0286,190.1885,78104,72792,74901,74901,2800
e9_t512_r3,3,0,GetLive,58535,748.3986,6.54,59.6,108.2,864,14.7604,3981,0,4845,68.06,126.35,153.67,48.3401,244.3354,0.391069,314.1824,14.1648,0.5981,2.2585,0.0,0.0,0.0,0,0,0,0,0
e9_t512_r3,3,0,GetDeleted,1465,12.0935,2.74,58.0,102.7,25,17.0648,102,0,127,67.04,115.65,141.94,1.2078,6.4744,0.635239,8.194,0.3721,0.0182,0.077,0.0,0.0,0.0,0,0,0,0,0
e9_t512_r3,3,0,ScanIntersect,2651,161.9735,53.15,117.13,162.87,49,18.4836,192,0,241,120.59,184.64,233.57,3.2474,12.1849,0.095277,0.0,0.0,0.0,0.0,17.2948,0.2851,5.9841,6341,5096,142,142,0
e9_t512_r3,3,0,ScanNonIntersect,17349,1133.5086,57.06,115.02,160.81,259,14.9288,1209,0,1468,117.85,180.32,206.66,13.4872,72.6203,0.075965,0.0,0.0,0.0,0.0,99.1913,1.6537,38.9347,57,45,2,2,0
e9_t512_r3,3,0,Put,18800,260.2327,8.33,29.78,48.27,0,0.0,0,0,0,0.0,0.0,0.0,0.0,0.0,0.0,0.0,0.0,0.0,0.0,0.0,0.0,0.0,0,0,0,0,0
e9_t512_r3,3,0,DeleteRange,1200,46.9394,31.3,55.02,77.3,0,0.0,0,0,0,0.0,0.0,0.0,0.0,0.0,0.0,0.0,0.0,0.0,0.0,0.0,0.0,0.0,0,0,0,0,1200
e9_t512_r3,3,0,TOTAL_READS,80000,2055.9742,7.75,89.13,131.51,1197,14.9625,5484,0,6681,81.38,152.46,188.02,66.2826,335.615,0.195478,322.3764,14.537,0.6163,2.3355,116.4862,1.9388,44.9188,6398,5141,144,144,0
e9_t512_r3,3,0,TOTAL_ALL,100000,2363.1462,8.03,83.33,126.35,1197,11.97,5484,0,6681,81.38,152.46,188.02,66.2826,335.615,0.170069,322.3764,14.537,0.6163,2.3355,116.4862,1.9388,44.9188,6398,5141,144,144,1200
e9_t512_r3,3,1,GetLive,16858,968.2438,40.17,155.26,202.69,3127,185.4906,6193,0,9320,82.67,175.69,219.44,228.5434,433.9125,0.684183,684.7654,8.3278,0.9602,3.3424,0.0,0.0,0.0,0,0,0,0,0
e9_t512_r3,3,1,GetDeleted,3142,149.6859,30.4,143.41,185.87,580,184.5958,1128,0,1708,73.11,158.59,206.79,41.0937,79.0719,0.802784,124.286,1.5485,0.1945,0.6691,0.0,0.0,0.0,0,0,0,0,0
e9_t512_r3,3,1,ScanIntersect,6791,1132.0479,155.54,298.54,365.73,1081,159.1813,2576,0,3657,189.39,326.94,394.51,80.1743,179.4652,0.229354,0.0,0.0,0.0,0.0,273.6842,2.8358,55.9808,33277,17190,128,127,0
e9_t512_r3,3,1,ScanNonIntersect,3209,472.7422,135.22,267.53,345.69,464,144.5933,1326,0,1790,169.52,292.27,372.44,33.4664,91.0189,0.263326,0.0,0.0,0.0,0.0,130.9755,1.269,22.2709,90,58,0,0,0
e9_t512_r3,3,1,Put,64000,2051.6819,16.11,58.56,477.18,0,0.0,0,0,0,0.0,0.0,0.0,0.0,0.0,0.0,0.0,0.0,0.0,0.0,0.0,0.0,0.0,0,0,0,0,0
e9_t512_r3,3,1,DeleteRange,6000,356.0613,43.36,90.98,857.35,0,0.0,0,0,0,0.0,0.0,0.0,0.0,0.0,0.0,0.0,0.0,0.0,0.0,0.0,0.0,0.0,0,0,0,0,6000
e9_t512_r3,3,1,TOTAL_READS,30000,2722.7198,78.91,230.34,316.23,5252,175.0667,11223,0,16475,108.99,261.75,339.26,383.2778,783.4685,0.428522,809.0513,9.8763,1.1547,4.0115,404.6597,4.1048,78.2517,33367,17248,128,127,0
e9_t512_r3,3,1,TOTAL_ALL,100000,5130.463,21.21,172.31,323.2,5252,52.52,11223,0,16475,108.99,261.75,339.26,383.2778,783.4685,0.227415,809.0513,9.8763,1.1547,4.0115,404.6597,4.1048,78.2517,33367,17248,128,127,6000
e9_t512_r3,3,2,GetLive,40770,1221.1424,14.2,122.06,187.57,1414,34.6824,5415,0,6829,94.98,195.34,244.14,112.5864,449.0828,0.459954,592.2282,18.1826,0.9027,3.4162,0.0,0.0,0.0,0,0,0,0,0
e9_t512_r3,3,2,GetDeleted,19230,418.6828,7.22,112.41,172.42,652,33.9054,2586,0,3238,86.57,179.78,227.43,50.7235,211.6504,0.626665,276.5253,8.4706,0.4315,1.6245,0.0,0.0,0.0,0,0,0,0,0
e9_t512_r3,3,2,ScanIntersect,19655,2456.2475,100.85,263.67,368.4,705,35.8687,2769,0,3474,177.72,373.11,450.76,58.1275,236.3523,0.11989,0.0,0.0,0.0,0.0,322.1187,3.8996,139.4919,53961,39902,73,71,0
e9_t512_r3,3,2,ScanNonIntersect,345,63.2116,141.34,312.04,414.35,8,23.1884,53,0,61,226.46,379.96,459.03,0.3694,5.2735,0.08927,0.0,0.0,0.0,0.0,6.2017,0.0661,3.0436,31,17,1,0,0
e9_t512_r3,3,2,Put,17200,344.4416,13.89,56.2,88.75,0,0.0,0,0,0,0.0,0.0,0.0,0.0,0.0,0.0,0.0,0.0,0.0,0.0,0.0,0.0,0.0,0,0,0,0,0
e9_t512_r3,3,2,DeleteRange,2800,148.7572,46.38,93.33,137.62,0,0.0,0,0,0,0.0,0.0,0.0,0.0,0.0,0.0,0.0,0.0,0.0,0.0,0.0,0.0,0.0,0,0,0,0,2800
e9_t512_r3,3,2,TOTAL_READS,80000,4159.2844,17.27,175.9,284.24,2779,34.7375,10823,0,13602,111.59,260.49,393.07,221.8069,902.3589,0.270279,868.7535,26.6532,1.3342,5.0407,328.3204,3.9656,142.5355,53992,39919,74,71,0
e9_t512_r3,3,2,TOTAL_ALL,100000,4652.4832,16.86,162.48,269.97,2779,27.79,10823,0,13602,111.59,260.49,393.07,221.8069,902.3589,0.241627,868.7535,26.6532,1.3342,5.0407,328.3204,3.9656,142.5355,53992,39919,74,71,2800
