exp_id,group_name,desc,value_size,memtable_max_range_deletions,elapsed_sec,total_ops,overall_iops,put_count,put_p50_us,put_p95_us,put_p99_us,put_mean_us,get_aff_count,get_aff_p50_us,get_aff_p95_us,get_aff_p99_us,get_aff_mean_us,get_del_count,get_del_p50_us,get_del_p95_us,get_del_p99_us,get_del_mean_us,get_ctrl_count,get_ctrl_p50_us,get_ctrl_p95_us,get_ctrl_p99_us,get_ctrl_mean_us,scan_count,scan_ops_sec,scan_keys_sec,scan_avg_keys_returned,scan_p50_us,scan_p95_us,scan_p99_us,scan_mean_us,scan_us_per_key,del_range_count,del_range_p50_us,del_range_p95_us,del_range_p99_us,del_range_mean_us,tombstones_count,union_deleted_keys,union_coverage_ratio_pct,block_cache_hits,block_cache_misses,block_cache_hit_rate,flush_count_total,flush_reason_range_del_count,flush_write_mb,compaction_read_mb,compaction_write_mb,stall_micros,compaction_drop_keys,write_amplification,l0_files_final,l1_files_final,l2_files_final,pending_compact_mb,total_sst_mb,sha256_checksum,sample_verified_ok,sample_verified_notfound,full_scan_ok
e3_get_heavy_t0000_r01,e3_get_heavy_t0000,"E3 Get-heavy (Get 80%, Scan 10%, Put 5%, Del 5%) Threshold 0",256,0,113.521,200000,1761.78,10000,61.857,219.585,367.417,80.0995,2570,65.664,24387,40060.7,5310.25,126812,54.237,24275.1,39474.4,5220.64,618,49.918,21401.6,32854.8,4735.62,40000,352.357,8770.23,24.8902,421.499,24642,39704.6,5572.44,223.881,20000,121.428,318.617,480.761,144.147,20000,488017,97.6034,463270,31382,93.6557,0,0,0,0,0,0,0,0,0,0,0,0,130,0b87da07ae1feadb91234b8a1484e2962a5202941b122582ee738689b6e1500f,235,9765,PASS
e3_get_heavy_t0000_r02,e3_get_heavy_t0000,"E3 Get-heavy (Get 80%, Scan 10%, Put 5%, Del 5%) Threshold 0",256,0,112.888,200000,1771.66,10000,58.034,205.513,344.787,73.6181,2570,88.63,25523.3,41230.5,5488.58,126812,57.196,24574.8,40224.1,5195.48,618,55.274,23909.5,40979.3,5136.85,40000,354.332,8819.09,24.8893,429.05,24999.6,40558.6,5510.78,221.411,20000,118.219,297.259,452.032,132.369,20000,488017,97.6034,462808,31420,93.6426,0,0,0,0,0,0,0,0,0,0,0,0,130,0b87da07ae1feadb91234b8a1484e2962a5202941b122582ee738689b6e1500f,235,9765,PASS
e3_get_heavy_t0000_r03,e3_get_heavy_t0000,"E3 Get-heavy (Get 80%, Scan 10%, Put 5%, Del 5%) Threshold 0",256,0,116.863,200000,1711.41,10000,61.864,230.91,379.723,85.3027,2570,76.16,25417.3,40584.2,5461.74,126812,58.723,25260.2,40741.6,5368.82,618,77.669,24147.6,39085.6,5419.15,40000,342.282,8519.17,24.8893,439.186,25984.8,41198.9,5743.23,230.751,20000,123.068,315.608,482.75,148.231,20000,488017,97.6034,463353,31399,93.6536,0,0,0,0,0,0,0,0,0,0,0,0,130,0b87da07ae1feadb91234b8a1484e2962a5202941b122582ee738689b6e1500f,235,9765,PASS
e3_get_heavy_t0064_r01,e3_get_heavy_t0064,"E3 Get-heavy (Get 80%, Scan 10%, Put 5%, Del 5%) Threshold 64",256,64,6.03999,200000,33112.7,10000,142.347,4431.95,32348,1264.82,2570,41.822,109.264,148.849,48.6698,126812,19.203,83.907,119.646,30.3319,618,35.658,105.665,137.278,42.5763,40000,6622.53,164863,24.8943,130.93,322.718,415.005,152.266,6.11649,20000,207.173,3117.24,28247.4,1193.03,20000,488017,97.6034,366616,270221,57.5683,308,308,3,676,851,3776719,494999,348.759,0,0,0,0,3,0b87da07ae1feadb91234b8a1484e2962a5202941b122582ee738689b6e1500f,235,9765,PASS
e3_get_heavy_t0064_r02,e3_get_heavy_t0064,"E3 Get-heavy (Get 80%, Scan 10%, Put 5%, Del 5%) Threshold 64",256,64,5.96354,200000,33537.1,10000,128.426,3329.06,34175.6,1214.12,2570,37.576,101.645,137.659,43.5714,126812,17.081,75.933,109.813,26.5043,618,32.63,94.047,127.918,38.678,40000,6707.43,166955,24.891,115.554,297.894,394.619,133.76,5.37384,20000,189.794,3223.42,34662.4,1261.02,20000,488017,97.6034,362628,269233,57.3905,307,307,3,665,865,3910062,495014,354.505,0,0,0,0,3,0b87da07ae1feadb91234b8a1484e2962a5202941b122582ee738689b6e1500f,235,9765,PASS
e3_get_heavy_t0064_r03,e3_get_heavy_t0064,"E3 Get-heavy (Get 80%, Scan 10%, Put 5%, Del 5%) Threshold 64",256,64,5.928,200000,33738.2,10000,136.501,5479.37,31442.8,1254.74,2570,38.462,103.128,141.122,43.9422,126812,17.453,78.4,111.429,26.5638,618,29.469,106.239,152.864,39.0876,40000,6747.64,167971,24.8933,117.514,298.347,397.897,133.994,5.38274,20000,194.614,4971.91,28919.8,1228.26,20000,488017,97.6034,366434,266342,57.909,308,308,3,661,847,3908355,494851,347.048,0,0,0,0,3,0b87da07ae1feadb91234b8a1484e2962a5202941b122582ee738689b6e1500f,235,9765,PASS
e3_get_heavy_t0128_r01,e3_get_heavy_t0128,"E3 Get-heavy (Get 80%, Scan 10%, Put 5%, Del 5%) Threshold 128",256,128,3.03043,200000,65997.2,10000,81.286,2235.99,9665.13,462.31,2570,31.263,105.679,141.28,40.5956,126812,15.496,85.98,117.163,26.9384,618,28.984,101.202,143.013,36.9916,40000,13199.4,328548,24.891,100.439,261.933,354.987,116.87,4.69526,20000,130.257,2319.32,9400.34,510.171,20000,488017,97.6034,371000,146520,71.6881,155,155,3,277,396,1341480,493195,162.524,0,0,0,0,3,0b87da07ae1feadb91234b8a1484e2962a5202941b122582ee738689b6e1500f,235,9765,PASS
e3_get_heavy_t0128_r02,e3_get_heavy_t0128,"E3 Get-heavy (Get 80%, Scan 10%, Put 5%, Del 5%) Threshold 128",256,128,3.44411,200000,58070.2,10000,92.009,3259.63,10278.7,543.113,2570,37.174,112.78,148.325,46.0345,126812,17.148,92.361,128.771,31.175,618,32.276,103.64,135.309,40.8344,40000,11614,289099,24.8923,114.018,285.424,396.285,133.099,5.34699,20000,145.031,3026.49,10248.3,572.776,20000,488017,97.6034,375145,173013,68.4374,155,155,3,370,477,1552089,493318,195.533,0,0,0,0,3,0b87da07ae1feadb91234b8a1484e2962a5202941b122582ee738689b6e1500f,235,9765,PASS
e3_get_heavy_t0128_r03,e3_get_heavy_t0128,"E3 Get-heavy (Get 80%, Scan 10%, Put 5%, Del 5%) Threshold 128",256,128,2.90738,200000,68790.4,10000,92.549,1430.49,6029.15,369.087,2570,38.055,117.921,157.64,47.928,126812,17.564,96.823,129.997,32.2645,618,30.909,111.554,152.591,42.0309,40000,13758.1,342449,24.8908,117.932,288.815,392.747,136.975,5.50305,20000,149.624,1605.86,6205.33,428.306,20000,488017,97.6034,380158,146829,72.138,155,155,3,284,389,956959,494252,159.585,0,0,0,0,3,,235,9765,FAIL
e3_get_heavy_t0256_r01,e3_get_heavy_t0256,"E3 Get-heavy (Get 80%, Scan 10%, Put 5%, Del 5%) Threshold 256",256,256,2.61194,200000,76571.4,10000,63.405,1154.9,2912.81,227.409,2570,43.605,178.335,217.545,62.6109,126812,18.455,155.07,193.769,46.9504,618,40.485,175.865,225.021,60.7576,40000,15314.3,381202,24.8919,121.588,299.117,414.188,142.305,5.71691,20000,116.226,1186.98,2948.27,277.761,20000,488017,97.6034,352586,112851,75.7538,78,78,3,207,274,495687,494463,112.614,0,0,0,0,3,0b87da07ae1feadb91234b8a1484e2962a5202941b122582ee738689b6e1500f,235,9765,PASS
e3_get_heavy_t0256_r02,e3_get_heavy_t0256,"E3 Get-heavy (Get 80%, Scan 10%, Put 5%, Del 5%) Threshold 256",256,256,2.29696,200000,87071.6,10000,54.017,1258.84,3634.73,240.699,2570,33.335,147.768,192.388,48.5171,126812,15.129,127.724,171.053,35.0294,618,31.591,141.82,177.468,45.1173,40000,17414.3,433457,24.8908,98.609,259.12,363.802,116.477,4.6795,20000,95.405,1256.71,3669.7,277.804,20000,488017,97.6034,366165,109854,76.9223,78,78,3,202,260,603245,492619,106.559,0,0,0,0,3,0b87da07ae1feadb91234b8a1484e2962a5202941b122582ee738689b6e1500f,235,9765,PASS
e3_get_heavy_t0256_r03,e3_get_heavy_t0256,"E3 Get-heavy (Get 80%, Scan 10%, Put 5%, Del 5%) Threshold 256",256,256,1.93248,200000,103494,10000,48.689,798.654,1582.11,141.096,2570,33.218,147.394,194.457,48.5596,126812,15.713,127.72,174.566,35.5093,618,28.6,143.419,170.411,43.7576,40000,20698.8,515200,24.8903,101.063,266.815,363.225,118.265,4.75146,20000,91.095,831.661,1542.49,179.915,20000,488017,97.6034,376076,108299,77.6415,78,78,3,194,246,256603,493347,101.092,0,0,0,0,3,0b87da07ae1feadb91234b8a1484e2962a5202941b122582ee738689b6e1500f,235,9765,PASS
e3_get_heavy_t0512_r01,e3_get_heavy_t0512,"E3 Get-heavy (Get 80%, Scan 10%, Put 5%, Del 5%) Threshold 512",256,512,2.66982,200000,74911.4,10000,50.486,297.388,495.998,92.3557,2570,48.108,283.107,360.402,90.7906,126812,22.018,258.112,327.912,74.2635,618,43.99,275.325,353.618,84.3819,40000,14982.3,372915,24.8905,142.255,360.494,465.585,165.881,6.66446,20000,103.85,361.16,550.976,144.006,20000,488017,97.6034,311793,99597,75.7901,39,39,3,167,221,0,493051,90.626,0,0,0,0,3,0b87da07ae1feadb91234b8a1484e2962a5202941b122582ee738689b6e1500f,235,9765,PASS
e3_get_heavy_t0512_r02,e3_get_heavy_t0512,"E3 Get-heavy (Get 80%, Scan 10%, Put 5%, Del 5%) Threshold 512",256,512,2.28254,200000,87621.8,10000,42.35,236.396,410.848,78.4939,2570,38.895,259.549,340.194,76.2307,126812,16.83,242.504,313.16,63.333,618,37.053,253.642,333.408,72.5102,40000,17524.4,436190,24.8905,117.902,330.952,409.98,141.335,5.67828,20000,89.681,293.352,477.407,121.934,20000,488017,97.6034,315614,100124,75.9166,39,39,3,173,221,0,493050,90.6258,0,0,0,0,3,0b87da07ae1feadb91234b8a1484e2962a5202941b122582ee738689b6e1500f,235,9765,PASS
e3_get_heavy_t0512_r03,e3_get_heavy_t0512,"E3 Get-heavy (Get 80%, Scan 10%, Put 5%, Del 5%) Threshold 512",256,512,2.17823,200000,91817.8,10000,42.784,238.054,410.1,78.01,2570,37.514,228.171,320.096,72.1822,126812,16.84,216.281,299.141,58.1373,618,30.179,226.56,298.601,64.2897,40000,18363.6,457059,24.8895,120.942,312.265,395.656,139.658,5.61112,20000,87.364,288.649,454.859,119.491,20000,488017,97.6034,345366,94556,78.5062,39,39,3,155,204,0,491637,83.6527,0,0,0,0,3,0b87da07ae1feadb91234b8a1484e2962a5202941b122582ee738689b6e1500f,235,9765,PASS
e3_get_heavy_t1024_r01,e3_get_heavy_t1024,"E3 Get-heavy (Get 80%, Scan 10%, Put 5%, Del 5%) Threshold 1024",256,1024,4.20671,200000,47543,10000,48.393,290.138,465.449,90.5904,2570,58.687,639.279,782.587,168.01,126812,24.964,601.488,767.263,145.507,618,44.762,628.565,909.705,155.243,40000,9508.61,236665,24.8895,164.062,712.969,903.055,239.462,9.621,20000,105.421,366.3,523.738,146.227,20000,488017,97.6034,260252,86680,75.0153,19,19,3,120,189,0,486994,77.6297,0,0,0,0,4,0b87da07ae1feadb91234b8a1484e2962a5202941b122582ee738689b6e1500f,235,9765,PASS
e3_get_heavy_t1024_r02,e3_get_heavy_t1024,"E3 Get-heavy (Get 80%, Scan 10%, Put 5%, Del 5%) Threshold 1024",256,1024,4.16695,200000,47996.7,10000,47.99,263.275,442.248,88.3387,2570,59.659,579.179,722.338,168.202,126812,33.804,550.888,689.419,143.11,618,51.765,596.514,709.943,158.283,40000,9599.34,238919,24.8892,178.535,661.013,818.617,241.547,9.7049,20000,101.511,326.752,511.691,141.437,20000,488017,97.6034,261103,86919,75.0249,19,19,3,122,189,0,486999,77.6205,0,0,0,0,4,0b87da07ae1feadb91234b8a1484e2962a5202941b122582ee738689b6e1500f,235,9765,PASS
e3_get_heavy_t1024_r03,e3_get_heavy_t1024,"E3 Get-heavy (Get 80%, Scan 10%, Put 5%, Del 5%) Threshold 1024",256,1024,3.86834,200000,51701.8,10000,42.51,225.561,353.496,74.824,2570,49.241,567.226,697.827,148.678,126812,27.863,554.293,687.017,135.183,618,47.684,573.306,710.868,142.631,40000,10340.4,257362,24.8891,156.906,663.991,828.358,225.239,9.04973,20000,95.041,287.017,417.143,122.085,20000,488017,97.6034,253986,86730,74.5448,19,19,3,118,189,0,487006,77.6193,0,0,0,0,4,0b87da07ae1feadb91234b8a1484e2962a5202941b122582ee738689b6e1500f,235,9765,PASS
e3_get_heavy_t2048_r01,e3_get_heavy_t2048,"E3 Get-heavy (Get 80%, Scan 10%, Put 5%, Del 5%) Threshold 2048",256,2048,7.00912,200000,28534.2,10000,50.561,254.919,402.001,82.7492,2570,51.686,1374.42,1677.18,299.578,126812,27.507,1334.8,1670.6,275.951,618,47.138,1431.78,1788.78,310.938,40000,5706.85,142038,24.889,182.847,1470.81,1823.18,383.782,15.4198,20000,105.53,321.516,474.611,132.957,20000,488017,97.6034,253489,63160,80.0536,9,9,3,63,108,0,488826,44.3939,0,0,0,0,3,0b87da07ae1feadb91234b8a1484e2962a5202941b122582ee738689b6e1500f,235,9765,PASS
e3_get_heavy_t2048_r02,e3_get_heavy_t2048,"E3 Get-heavy (Get 80%, Scan 10%, Put 5%, Del 5%) Threshold 2048",256,2048,7.96184,200000,25119.8,10000,58.213,284.194,423.884,91.8031,2570,60.919,1443.93,1736.05,324.405,126812,33.663,1418.33,1754.27,314.061,618,50.965,1446.64,1678.23,317.893,40000,5023.96,125049,24.8905,211.642,1575.14,1962.22,436.551,17.5389,20000,119.188,356.543,493.635,150.218,20000,488017,97.6034,252651,63232,79.9825,9,9,3,63,108,0,488824,44.4027,0,0,0,0,3,0b87da07ae1feadb91234b8a1484e2962a5202941b122582ee738689b6e1500f,235,9765,PASS
e3_get_heavy_t2048_r03,e3_get_heavy_t2048,"E3 Get-heavy (Get 80%, Scan 10%, Put 5%, Del 5%) Threshold 2048",256,2048,8.15567,200000,24522.8,10000,58.773,286.471,442.961,94.9629,2570,66.297,1461.52,1858.17,346.662,126812,40.821,1435.32,1742.71,321.564,618,47.245,1394.32,1809.17,322.214,40000,4904.57,122065,24.8881,217.664,1589.62,1913.28,444.592,17.8636,20000,121.623,355.422,496.583,155.569,20000,488017,97.6034,250957,63287,79.8606,9,9,3,63,108,0,488826,44.3939,0,0,0,0,3,0b87da07ae1feadb91234b8a1484e2962a5202941b122582ee738689b6e1500f,235,9765,PASS
e3_scan_heavy_t0000_r01,e3_scan_heavy_t0000,"E3 Scan-heavy (Get 30%, Scan 50%, Put 10%, Del 10%) Threshold 0",256,0,115.898,200000,1725.65,10000,62.132,230.734,360.665,83.9984,2570,61.137,24707.2,39114.7,5388.59,126812,58.382,24647,39922.3,5321.29,618,79.365,23706.7,38929.7,5033.76,40000,345.13,8589.6,24.888,417.118,25112.6,40242.2,5711.62,229.493,20000,122.576,311.504,460.138,144.76,20000,488017,97.6034,463073,31434,93.6434,0,0,0,0,0,0,0,0,0,0,0,0,130,0b87da07ae1feadb91234b8a1484e2962a5202941b122582ee738689b6e1500f,235,9765,PASS
e3_scan_heavy_t0000_r02,e3_scan_heavy_t0000,"E3 Scan-heavy (Get 30%, Scan 50%, Put 10%, Del 10%) Threshold 0",256,0,114.321,200000,1749.46,10000,61.994,224.939,370.189,82.4489,2570,129.463,24884.2,39225.9,5355.01,126812,55.802,24805.9,39577,5259.84,618,58.525,25677.4,39322.1,5246.02,40000,349.892,8708.57,24.8893,422.078,25106.7,39772.5,5598.5,224.936,20000,121.582,312.558,476.748,143.8,20000,488017,97.6034,463607,31403,93.6561,0,0,0,0,0,0,0,0,0,0,0,0,130,0b87da07ae1feadb91234b8a1484e2962a5202941b122582ee738689b6e1500f,235,9765,PASS
e3_scan_heavy_t0000_r03,e3_scan_heavy_t0000,"E3 Scan-heavy (Get 30%, Scan 50%, Put 10%, Del 10%) Threshold 0",256,0,111.075,200000,1800.58,10000,61.237,227.14,380.19,82.0337,2570,101.316,25994.6,39852.1,5469.9,126812,62.46,24278.9,38998,5101.39,618,71.502,25871.8,41873.1,5384.86,40000,360.115,8962.56,24.888,431.239,24638,38816,5440.64,218.605,20000,122.506,312.639,462.422,145.719,20000,488017,97.6034,463768,31474,93.6447,0,0,0,0,0,0,0,0,0,0,0,0,130,0b87da07ae1feadb91234b8a1484e2962a5202941b122582ee738689b6e1500f,235,9765,PASS
e3_scan_heavy_t0064_r01,e3_scan_heavy_t0064,"E3 Scan-heavy (Get 30%, Scan 50%, Put 10%, Del 10%) Threshold 64",256,64,5.71065,200000,35022.3,10000,133.113,4733.04,25788.3,1120.76,2570,42.597,101.349,147.5,47.884,126812,18.467,81.121,115.696,29.5871,618,36.025,98.544,131.335,41.6495,40000,7004.46,174371,24.8943,130.033,317.318,416.688,150.933,6.06294,20000,203.91,4812.33,24611.9,1146.91,20000,488017,97.6034,364270,261620,58.2003,308,308,3,646,820,3509120,494833,335.943,0,0,0,0,3,0b87da07ae1feadb91234b8a1484e2962a5202941b122582ee738689b6e1500f,235,9765,PASS
e3_scan_heavy_t0064_r02,e3_scan_heavy_t0064,"E3 Scan-heavy (Get 30%, Scan 50%, Put 10%, Del 10%) Threshold 64",256,64,5.74985,200000,34783.5,10000,142.883,6335.04,25653.8,1177.88,2570,41.62,99.175,136.369,46.7677,126812,18.318,77.416,113.042,28.7847,618,35.125,94.367,148.903,42.0774,40000,6956.7,173189,24.8952,128.802,310.8,398.94,149.524,6.00613,20000,214.021,5662.19,22546.8,1146.51,20000,488017,97.6034,364683,262883,58.1107,308,308,3,650,822,3543114,495152,336.734,0,0,0,0,3,0b87da07ae1feadb91234b8a1484e2962a5202941b122582ee738689b6e1500f,235,9765,PASS
e3_scan_heavy_t0064_r03,e3_scan_heavy_t0064,"E3 Scan-heavy (Get 30%, Scan 50%, Put 10%, Del 10%) Threshold 64",256,64,6.25459,200000,31976.5,10000,162.912,5921.59,26717.6,1271.19,2570,42.703,109.135,162.276,49.4527,126812,19.627,84.322,122.625,30.1666,618,35.64,104.35,152.464,42.6138,40000,6395.3,159187,24.8913,134.277,326.202,425.346,155.405,6.24335,20000,231.228,5671.47,25800.5,1273.78,20000,488017,97.6034,362494,277448,56.6448,308,308,3,701,878,3957241,494645,359.693,0,0,0,0,3,0b87da07ae1feadb91234b8a1484e2962a5202941b122582ee738689b6e1500f,235,9765,PASS
e3_scan_heavy_t0128_r01,e3_scan_heavy_t0128,"E3 Scan-heavy (Get 30%, Scan 50%, Put 10%, Del 10%) Threshold 128",256,128,2.86038,200000,69920.7,10000,82.341,2294.75,7489.13,419.464,2570,30.85,108.627,142.633,40.9008,126812,15.805,89.38,122.092,27.6169,618,28.861,106.581,140.66,39.4042,40000,13984.1,348090,24.8917,102.6,263.352,352.446,118.94,4.77827,20000,127.942,2348.89,6980.45,453.39,20000,488017,97.6034,373636,155762,70.5775,155,155,3,316,419,1148894,494084,171.703,0,0,0,0,3,0b87da07ae1feadb91234b8a1484e2962a5202941b122582ee738689b6e1500f,235,9765,PASS
e3_scan_heavy_t0128_r02,e3_scan_heavy_t0128,"E3 Scan-heavy (Get 30%, Scan 50%, Put 10%, Del 10%) Threshold 128",256,128,3.26725,200000,61213.5,10000,78.803,2178.93,11714.9,511.011,2570,35.713,117.149,152.224,45.1411,126812,16.606,93.514,129.454,29.871,618,28.531,101.444,137.213,38.1245,40000,12242.7,304721,24.89,107.987,280.881,396.836,125.49,5.0418,20000,126.076,2102.5,11399,541.476,20000,488017,97.6034,372316,158785,70.1027,155,155,3,316,438,1480863,494840,179.487,0,0,0,0,3,0b87da07ae1feadb91234b8a1484e2962a5202941b122582ee738689b6e1500f,235,9765,PASS
e3_scan_heavy_t0128_r03,e3_scan_heavy_t0128,"E3 Scan-heavy (Get 30%, Scan 50%, Put 10%, Del 10%) Threshold 128",256,128,3.38819,200000,59028.5,10000,95.848,2357.57,8904.78,473.634,2570,38.982,121.959,164.626,49.4025,126812,17.715,98.815,140.58,33.0608,618,35.885,111.429,138.821,41.7368,40000,11805.7,293857,24.8911,118.586,299.576,423.293,140.196,5.63235,20000,153.852,2483.02,9086.08,552.785,20000,488017,97.6034,371766,161235,69.7496,155,155,3,323,444,1394536,494524,181.994,0,0,0,0,3,0b87da07ae1feadb91234b8a1484e2962a5202941b122582ee738689b6e1500f,235,9765,PASS
e3_scan_heavy_t0256_r01,e3_scan_heavy_t0256,"E3 Scan-heavy (Get 30%, Scan 50%, Put 10%, Del 10%) Threshold 256",256,256,2.39144,200000,83631.5,10000,62.796,842.068,2339.68,176.646,2570,41.904,177.856,216.204,62.2649,126812,18.184,151.834,190.365,46.0395,618,37.872,171.813,211.379,55.2072,40000,16726.3,416347,24.8918,119.405,297.861,409.62,139.21,5.59262,20000,109.922,917.143,2366.94,225.74,20000,488017,97.6034,345159,113912,75.1864,78,78,3,210,269,313928,493232,110.53,0,0,0,0,3,0b87da07ae1feadb91234b8a1484e2962a5202941b122582ee738689b6e1500f,235,9765,PASS
e3_scan_heavy_t0256_r02,e3_scan_heavy_t0256,"E3 Scan-heavy (Get 30%, Scan 50%, Put 10%, Del 10%) Threshold 256",256,256,2.36164,200000,84686.8,10000,53.27,1132.27,4757.31,257.492,2570,33.587,143.424,198.274,48.0168,126812,15.136,125.434,173.765,35.3696,618,27.313,137.364,189.057,42.8153,40000,16937.4,421591,24.8912,96.168,259.6,391.564,115.09,4.62372,20000,96.287,1174.86,4801.31,298.05,20000,488017,97.6034,360278,107345,77.0445,78,78,3,201,255,666439,493171,104.607,0,0,0,0,3,0b87da07ae1feadb91234b8a1484e2962a5202941b122582ee738689b6e1500f,235,9765,PASS
e3_scan_heavy_t0256_r03,e3_scan_heavy_t0256,"E3 Scan-heavy (Get 30%, Scan 50%, Put 10%, Del 10%) Threshold 256",256,256,2.16919,200000,92200.2,10000,50.798,789.842,2876.57,177.634,2570,35.884,156.654,203.853,51.7118,126812,15.255,135.377,177.581,37.829,618,30.597,154.46,206.849,48.2362,40000,18440,459009,24.892,104.366,274.756,388.54,124.095,4.98536,20000,93.64,928.122,2727.76,225.99,20000,488017,97.6034,372037,101658,78.5394,78,78,3,170,234,388059,493078,96.0677,0,0,0,0,3,0b87da07ae1feadb91234b8a1484e2962a5202941b122582ee738689b6e1500f,235,9765,PASS
e3_scan_heavy_t0512_r01,e3_scan_heavy_t0512,"E3 Scan-heavy (Get 30%, Scan 50%, Put 10%, Del 10%) Threshold 512",256,512,2.62707,200000,76130.4,10000,42.878,240.964,416.675,77.3021,2570,48.678,292.995,364.042,90.6989,126812,23.422,275.477,341.558,76.4369,618,43.534,268.122,347.566,82.3551,40000,15226.1,378971,24.8896,139.181,379.117,482.011,165.909,6.6658,20000,92.533,297.318,464.609,122.96,20000,488017,97.6034,308889,99160,75.699,39,39,3,165,221,0,493044,90.6609,0,0,0,0,3,0b87da07ae1feadb91234b8a1484e2962a5202941b122582ee738689b6e1500f,235,9765,PASS
e3_scan_heavy_t0512_r02,e3_scan_heavy_t0512,"E3 Scan-heavy (Get 30%, Scan 50%, Put 10%, Del 10%) Threshold 512",256,512,2.81465,200000,71056.7,10000,47.834,281.969,507.094,93.4497,2570,51.65,298.353,359.554,96.5243,126812,24.851,271.961,329.035,79.2871,618,44.202,292.563,343.225,86.8696,40000,14211.3,353728,24.8905,152.893,381.043,480.284,176.833,7.10444,20000,99.915,342.703,565.627,145.924,20000,488017,97.6034,314106,98696,76.0912,39,39,3,163,221,0,493046,90.6624,0,0,0,0,3,0b87da07ae1feadb91234b8a1484e2962a5202941b122582ee738689b6e1500f,235,9765,PASS
e3_scan_heavy_t0512_r03,e3_scan_heavy_t0512,"E3 Scan-heavy (Get 30%, Scan 50%, Put 10%, Del 10%) Threshold 512",256,512,2.67262,200000,74833,10000,48.321,286.546,472.544,90.6963,2570,51.237,295.266,353.223,94.782,126812,23.162,263.581,324.331,75.8644,618,40.401,273.789,343.604,83.3537,40000,14966.6,372526,24.8905,140.773,359.693,450.447,164.408,6.60526,20000,103.181,352.454,521.39,142.083,20000,488017,97.6034,297566,98105,75.2054,39,39,3,159,221,0,493052,90.6247,0,0,0,0,3,0b87da07ae1feadb91234b8a1484e2962a5202941b122582ee738689b6e1500f,235,9765,PASS
e3_scan_heavy_t1024_r01,e3_scan_heavy_t1024,"E3 Scan-heavy (Get 30%, Scan 50%, Put 10%, Del 10%) Threshold 1024",256,1024,3.98168,200000,50230,10000,46.642,280.267,446.132,87.2629,2570,50.532,604.968,741.987,158.975,126812,24.999,556.462,706.983,137.402,618,58.736,569.829,739.365,149.411,40000,10046,250050,24.8905,162.276,655.248,836.602,228.732,9.18954,20000,101.315,330.999,515.949,137.789,20000,488017,97.6034,260814,86733,75.0442,19,19,3,121,189,0,487006,77.6197,0,0,0,0,4,0b87da07ae1feadb91234b8a1484e2962a5202941b122582ee738689b6e1500f,235,9765,PASS
e3_scan_heavy_t1024_r02,e3_scan_heavy_t1024,"E3 Scan-heavy (Get 30%, Scan 50%, Put 10%, Del 10%) Threshold 1024",256,1024,3.57801,200000,55897,10000,41.006,223.778,341.283,73.0883,2570,40.174,541.363,680.596,133.348,126812,21.634,526.083,658.211,123.246,618,36.528,550.92,671.861,131.961,40000,11179.4,278235,24.8882,142.535,624.174,764.026,206.595,8.30092,20000,92.525,279.238,402.46,121.545,20000,488017,97.6034,262863,87094,75.1129,19,19,3,123,189,0,487005,77.6164,0,0,0,0,4,0b87da07ae1feadb91234b8a1484e2962a5202941b122582ee738689b6e1500f,235,9765,PASS
e3_scan_heavy_t1024_r03,e3_scan_heavy_t1024,"E3 Scan-heavy (Get 30%, Scan 50%, Put 10%, Del 10%) Threshold 1024",256,1024,3.43292,200000,58259.5,10000,41.658,235.638,349.449,74.5665,2570,41.145,538.064,681.558,131.784,126812,21.467,515.676,658.924,117.146,618,36.56,506.69,692.361,118.49,40000,11651.9,290021,24.8905,139.664,610.347,766.13,199.549,8.01708,20000,92.701,290.16,420.382,120.012,20000,488017,97.6034,266708,87118,75.3783,19,19,3,123,189,0,487006,77.6164,0,0,0,0,4,0b87da07ae1feadb91234b8a1484e2962a5202941b122582ee738689b6e1500f,235,9765,PASS
e3_scan_heavy_t2048_r01,e3_scan_heavy_t2048,"E3 Scan-heavy (Get 30%, Scan 50%, Put 10%, Del 10%) Threshold 2048",256,2048,8.18752,200000,24427.4,10000,57.097,280.17,431.276,91.6318,2570,62.455,1517.43,1797.65,341.073,126812,35.193,1485.11,1802.05,324.77,618,55.171,1507.22,1815.53,328.645,40000,4885.48,121591,24.8881,206.193,1632.62,1979.07,445.451,17.8981,20000,116.179,356.086,501.376,150.441,20000,488017,97.6034,251012,63260,79.8709,9,9,3,63,108,0,488826,44.3946,0,0,0,0,3,0b87da07ae1feadb91234b8a1484e2962a5202941b122582ee738689b6e1500f,235,9765,PASS
e3_scan_heavy_t2048_r02,e3_scan_heavy_t2048,"E3 Scan-heavy (Get 30%, Scan 50%, Put 10%, Del 10%) Threshold 2048",256,2048,7.93541,200000,25203.5,10000,58.943,291.122,438.745,93.7259,2570,60.812,1435.07,1710.74,322.437,126812,36.562,1420.42,1732.52,312.414,618,53.634,1406.09,1814.99,311.332,40000,5040.7,125460,24.8894,209.057,1567.76,1904.84,433.638,17.4226,20000,117.433,359.908,513.095,152.838,20000,488017,97.6034,250277,63191,79.8413,9,9,3,63,108,0,488827,44.3939,0,0,0,0,3,0b87da07ae1feadb91234b8a1484e2962a5202941b122582ee738689b6e1500f,235,9765,PASS
e3_scan_heavy_t2048_r03,e3_scan_heavy_t2048,"E3 Scan-heavy (Get 30%, Scan 50%, Put 10%, Del 10%) Threshold 2048",256,2048,7.98778,200000,25038.2,10000,58.189,284.466,448.434,95.409,2570,65.343,1502.58,1840.61,346.671,126812,37.024,1432.82,1781.08,315.41,618,48.71,1425.87,1828.94,340.25,40000,5007.65,124638,24.8895,208.237,1572.8,1962.09,432.866,17.3915,20000,117.754,350.93,496.528,153.825,20000,488017,97.6034,251781,63013,79.9828,9,9,3,63,108,0,488826,44.3939,0,0,0,0,3,0b87da07ae1feadb91234b8a1484e2962a5202941b122582ee738689b6e1500f,235,9765,PASS
e3_write_heavy_t0000_r01,e3_write_heavy_t0000,"E3 Write-heavy (Get 30%, Scan 10%, Put 40%, Del 20%) Threshold 0",256,0,115.824,200000,1726.76,10000,59.993,213.226,347.203,78.4983,2570,82.641,24993.1,40029.5,5548.15,126812,50.017,24629.2,40027.5,5332.85,618,68.457,23969.4,40765.2,5237.74,40000,345.351,8595.1,24.888,401.771,25049.8,39988.2,5652.76,227.128,20000,120.342,305.625,478.44,141.128,20000,488017,97.6034,463261,31386,93.6549,0,0,0,0,0,0,0,0,0,0,0,0,130,0b87da07ae1feadb91234b8a1484e2962a5202941b122582ee738689b6e1500f,235,9765,PASS
e3_write_heavy_t0000_r02,e3_write_heavy_t0000,"E3 Write-heavy (Get 30%, Scan 10%, Put 40%, Del 20%) Threshold 0",256,0,115.726,200000,1728.23,10000,60.745,218.994,359.61,81.4115,2570,87.562,24119.7,40669.4,5353.58,126812,65.943,24551.9,40066.5,5329.91,618,168.474,21872.4,38186.2,5013.65,40000,345.645,8602.77,24.889,442.867,25018.3,40282.1,5660.32,227.422,20000,120.755,305.829,441.478,140.04,20000,488017,97.6034,463674,31415,93.6547,0,0,0,0,0,0,0,0,0,0,0,0,130,0b87da07ae1feadb91234b8a1484e2962a5202941b122582ee738689b6e1500f,235,9765,PASS
e3_write_heavy_t0000_r03,e3_write_heavy_t0000,"E3 Write-heavy (Get 30%, Scan 10%, Put 40%, Del 20%) Threshold 0",256,0,118.06,200000,1694.05,10000,61.283,223.381,362.508,80.4164,2570,68.557,26319.6,40173.1,5741.38,126812,49.689,25567.1,39817,5431.81,618,193.026,25709,39129.1,5855.2,40000,338.811,8432.79,24.8894,418.394,25922.9,40108.8,5763.44,231.562,20000,120.809,312.531,451.266,142.674,20000,488017,97.6034,463194,31455,93.6409,0,0,0,0,0,0,0,0,0,0,0,0,130,0b87da07ae1feadb91234b8a1484e2962a5202941b122582ee738689b6e1500f,235,9765,PASS
e3_write_heavy_t0064_r01,e3_write_heavy_t0064,"E3 Write-heavy (Get 30%, Scan 10%, Put 40%, Del 20%) Threshold 64",256,64,6.23435,200000,32080.3,10000,134.44,3310.77,35180.9,1300.37,2570,42.618,107.851,147.213,47.9628,126812,18.563,81.066,113.288,28.5783,618,30.895,103.388,151.409,41.3672,40000,6416.07,159706,24.8916,126.898,304.825,402.32,144.577,5.80828,20000,200.883,3497.99,32164.6,1285.35,20000,488017,97.6034,362309,272888,57.0388,308,308,3,682,867,4028087,494673,355.399,0,0,0,0,3,a13838b9fa6c1d5711240e4d35c3ab9a6ad773f24aafef1464377b76418c6ee4,235,9765,FAIL
e3_write_heavy_t0064_r02,e3_write_heavy_t0064,"E3 Write-heavy (Get 30%, Scan 10%, Put 40%, Del 20%) Threshold 64",256,64,5.87942,200000,34017,10000,180.952,4723.9,25958.7,1132.17,2570,39.324,105.534,151.885,45.186,126812,17.695,79.88,118.815,27.5759,618,30.678,93.944,129.853,37.8633,40000,6803.39,169346,24.8914,119.131,331.864,478.598,143.306,5.75726,20000,246.143,4851.27,29326.8,1235.35,20000,488017,97.6034,366836,283278,56.4264,307,307,3,717,897,3651470,494209,367.56,0,0,0,0,3,0b87da07ae1feadb91234b8a1484e2962a5202941b122582ee738689b6e1500f,235,9765,PASS
e3_write_heavy_t0064_r03,e3_write_heavy_t0064,"E3 Write-heavy (Get 30%, Scan 10%, Put 40%, Del 20%) Threshold 64",256,64,5.93409,200000,33703.6,10000,122.562,3792.41,32683.1,1251.75,2570,38.336,104.196,144.967,44.7257,126812,17.293,75.286,109.228,26.1088,618,28.466,91.51,131.009,37.1316,40000,6740.71,167808,24.8947,117.714,290.892,381.062,134.042,5.38435,20000,182.529,3642.69,30277.4,1231.37,20000,488017,97.6034,370817,261818,58.6147,308,308,3,646,831,3906161,494445,340.728,0,0,0,0,3,0b87da07ae1feadb91234b8a1484e2962a5202941b122582ee738689b6e1500f,235,9765,PASS
e3_write_heavy_t0128_r01,e3_write_heavy_t0128,"E3 Write-heavy (Get 30%, Scan 10%, Put 40%, Del 20%) Threshold 128",256,128,3.355,200000,59612.5,10000,82.296,2359.94,10185.9,497.383,2570,38.682,116.658,164.69,47.5101,126812,17.347,94.594,137.395,31.6483,618,33.847,109.324,148.136,43.0099,40000,11922.5,296782,24.8926,112.844,296.637,441.464,133.698,5.371,20000,133.882,2559.25,10096.1,555.115,20000,488017,97.6034,369448,173307,68.069,155,155,3,368,478,1502939,493347,196.138,0,0,0,0,3,0b87da07ae1feadb91234b8a1484e2962a5202941b122582ee738689b6e1500f,235,9765,PASS
e3_write_heavy_t0128_r02,e3_write_heavy_t0128,"E3 Write-heavy (Get 30%, Scan 10%, Put 40%, Del 20%) Threshold 128",256,128,3.10606,200000,64390.2,10000,91.55,2138.61,6898.79,402.898,2570,38.918,119.882,153.206,48.7313,126812,17.415,97.475,130.657,32.6624,618,35.969,112.138,147.169,44.9598,40000,12878,320550,24.8912,117.257,287.665,389.43,136.48,5.48307,20000,150.215,2389.45,7082.31,485.321,20000,488017,97.6034,375263,149453,71.5174,155,155,3,288,400,1139579,493987,164.045,0,0,0,0,3,0b87da07ae1feadb91234b8a1484e2962a5202941b122582ee738689b6e1500f,235,9765,PASS
e3_write_heavy_t0128_r03,e3_write_heavy_t0128,"E3 Write-heavy (Get 30%, Scan 10%, Put 40%, Del 20%) Threshold 128",256,128,3.03028,200000,66000.5,10000,75.681,2228.85,7787.86,421.997,2570,35.656,109.294,136.065,44.2591,126812,16.948,92.502,128.717,30.75,618,33.138,100.76,156.272,41.1366,40000,13200.1,328565,24.891,111.11,288.555,394.185,130.518,5.24356,20000,123.455,2420.54,7656.03,471.95,20000,488017,97.6034,390871,150670,72.1775,155,155,3,293,401,1234727,494483,164.483,0,0,0,0,3,0b87da07ae1feadb91234b8a1484e2962a5202941b122582ee738689b6e1500f,235,9765,PASS
e3_write_heavy_t0256_r01,e3_write_heavy_t0256,"E3 Write-heavy (Get 30%, Scan 10%, Put 40%, Del 20%) Threshold 256",256,256,2.2406,200000,89261.7,10000,54.163,1039.8,3209.63,199.936,2570,37.444,152.003,201.677,52.5656,126812,16.39,128.926,177.846,38.3733,618,35.012,153.692,203.893,51.076,40000,17852.3,444401,24.8931,103.614,267.073,389.569,122.31,4.91342,20000,96.983,1067.72,3193.2,242.184,20000,488017,97.6034,363738,111148,76.5948,77,77,3,209,265,437132,493682,108.636,0,0,0,0,3,0b87da07ae1feadb91234b8a1484e2962a5202941b122582ee738689b6e1500f,235,9765,PASS
e3_write_heavy_t0256_r02,e3_write_heavy_t0256,"E3 Write-heavy (Get 30%, Scan 10%, Put 40%, Del 20%) Threshold 256",256,256,2.13742,200000,93570.9,10000,53.036,1102.92,2541.42,192.841,2570,31.17,141.559,194.242,47.6384,126812,15.505,126.01,172.605,35.7682,618,27.565,144.622,186.381,45.586,40000,18714.2,465838,24.8923,100.373,254.804,358.042,116.383,4.67546,20000,95.327,1148.77,2714.61,236.892,20000,488017,97.6034,368722,106391,77.6072,78,78,3,190,246,438617,494462,101.142,0,0,0,0,3,0b87da07ae1feadb91234b8a1484e2962a5202941b122582ee738689b6e1500f,235,9765,PASS
e3_write_heavy_t0256_r03,e3_write_heavy_t0256,"E3 Write-heavy (Get 30%, Scan 10%, Put 40%, Del 20%) Threshold 256",256,256,2.25969,200000,88507.7,10000,54.222,711.874,4440.59,213.734,2570,37.425,154.84,197.58,51.3094,126812,15.16,135.134,175.666,36.9694,618,28.918,148.062,185.897,44.9579,40000,17701.5,440601,24.8905,101.435,261.636,378.189,120.059,4.82349,20000,96.826,889.134,4425.85,262.589,20000,488017,97.6034,368909,104900,77.8603,77,77,3,187,244,493365,492476,100.095,0,0,0,0,3,0b87da07ae1feadb91234b8a1484e2962a5202941b122582ee738689b6e1500f,235,9765,PASS
e3_write_heavy_t0512_r01,e3_write_heavy_t0512,"E3 Write-heavy (Get 30%, Scan 10%, Put 40%, Del 20%) Threshold 512",256,512,2.58485,200000,77373.8,10000,45.866,266.665,443.233,87.2098,2570,47.692,284.313,347.438,88.7837,126812,20.639,257.496,325.779,73.1353,618,41.117,270.695,348.258,79.1595,40000,15474.8,385174,24.8905,135.122,356.136,444.602,160.729,6.45745,20000,95.688,328.735,513.066,132.478,20000,488017,97.6034,319185,100387,76.074,39,39,3,173,221,0,493047,90.6653,0,0,0,0,3,0b87da07ae1feadb91234b8a1484e2962a5202941b122582ee738689b6e1500f,235,9765,PASS
e3_write_heavy_t0512_r02,e3_write_heavy_t0512,"E3 Write-heavy (Get 30%, Scan 10%, Put 40%, Del 20%) Threshold 512",256,512,2.55521,200000,78271.4,10000,43.86,269.458,455.334,85.4008,2570,46.241,275.395,340.355,85.9077,126812,21.404,261.195,329.011,72.3963,618,35.687,273.055,337.947,78.074,40000,15654.3,389642,24.8905,133.854,368.416,467.021,159.898,6.42406,20000,96.193,324.937,496.394,130.883,20000,488017,97.6034,310265,99100,75.7918,39,39,3,167,221,0,493048,90.6622,0,0,0,0,3,0b87da07ae1feadb91234b8a1484e2962a5202941b122582ee738689b6e1500f,235,9765,PASS
e3_write_heavy_t0512_r03,e3_write_heavy_t0512,"E3 Write-heavy (Get 30%, Scan 10%, Put 40%, Del 20%) Threshold 512",256,512,2.00256,200000,99872,10000,36.359,200.135,334.148,64.3407,2570,31.861,229.945,318.848,66.7369,126812,15.287,208.874,291.151,54.6194,618,26.179,214.442,288.702,59.6376,40000,19974.4,497173,24.8905,111.362,305.836,387.07,131.92,5.3,20000,76.583,250.306,409.672,102.808,20000,488017,97.6034,360923,84224,81.0795,39,39,3,128,172,0,490599,70.8037,0,0,0,0,4,0b87da07ae1feadb91234b8a1484e2962a5202941b122582ee738689b6e1500f,235,9765,PASS
e3_write_heavy_t1024_r01,e3_write_heavy_t1024,"E3 Write-heavy (Get 30%, Scan 10%, Put 40%, Del 20%) Threshold 1024",256,1024,3.51713,200000,56864.5,10000,41.5,231.021,368.398,77.7716,2570,43.984,539.377,668.458,137.254,126812,22.179,522.392,661.089,121.181,618,31.914,546.991,689.906,125.185,40000,11372.9,283077,24.8905,139.585,618.375,774.47,202.475,8.13464,20000,91.947,282.552,422.439,120.064,20000,488017,97.6034,262860,86857,75.1636,19,19,3,120,189,0,486999,77.6205,0,0,0,0,4,0b87da07ae1feadb91234b8a1484e2962a5202941b122582ee738689b6e1500f,235,9765,PASS
e3_write_heavy_t1024_r02,e3_write_heavy_t1024,"E3 Write-heavy (Get 30%, Scan 10%, Put 40%, Del 20%) Threshold 1024",256,1024,4.37748,200000,45688.4,10000,51.758,277.162,448.53,93.9071,2570,69.41,586.445,720.076,171.489,126812,36.838,579.807,727.309,150.777,618,59.345,601.388,750.863,164.786,40000,9137.68,227441,24.8905,182.131,684.452,875.968,253.754,10.1948,20000,107.845,344.283,509.993,149.458,20000,488017,97.6034,251921,86816,74.3707,19,19,3,121,189,0,487006,77.61,0,0,0,0,4,0b87da07ae1feadb91234b8a1484e2962a5202941b122582ee738689b6e1500f,235,9765,PASS
e3_write_heavy_t1024_r03,e3_write_heavy_t1024,"E3 Write-heavy (Get 30%, Scan 10%, Put 40%, Del 20%) Threshold 1024",256,1024,3.16514,200000,63188.4,10000,38.093,201.798,321.673,66.8415,2570,43.238,523.363,684.02,126.532,126812,19.639,482.628,654.814,107.8,618,36.758,451.014,636.499,113.039,40000,12637.7,314557,24.8904,125.544,577.253,753.919,184.421,7.40931,20000,85.516,256.711,380.325,107.833,20000,488017,97.6034,268479,87710,75.3754,19,19,3,129,189,0,487007,77.6196,0,0,0,0,4,0b87da07ae1feadb91234b8a1484e2962a5202941b122582ee738689b6e1500f,235,9765,PASS
e3_write_heavy_t2048_r01,e3_write_heavy_t2048,"E3 Write-heavy (Get 30%, Scan 10%, Put 40%, Del 20%) Threshold 2048",256,2048,6.93361,200000,28845,10000,50.226,266.031,418.567,82.6015,2570,52.882,1366.44,1644.98,296.482,126812,26.814,1322.99,1656.36,271.662,618,44.73,1351.31,1625.03,288.056,40000,5769,143593,24.8905,183.849,1443.81,1808.49,377.909,15.1829,20000,109.541,341.723,493.625,137.817,20000,488017,97.6034,249802,63210,79.8059,9,9,3,63,108,0,488826,44.3941,0,0,0,0,3,0b87da07ae1feadb91234b8a1484e2962a5202941b122582ee738689b6e1500f,235,9765,PASS
e3_write_heavy_t2048_r02,e3_write_heavy_t2048,"E3 Write-heavy (Get 30%, Scan 10%, Put 40%, Del 20%) Threshold 2048",256,2048,7.3649,200000,27155.9,10000,54.449,277.857,418.871,88.422,2570,54.557,1427.38,1839.12,316.525,126812,30.163,1373.49,1716.82,289.336,618,55.09,1461.03,1765.54,308.845,40000,5431.17,135177,24.8891,194.824,1500.79,1857.7,402.064,16.1542,20000,112.618,340.723,474.74,144.097,20000,488017,97.6034,252191,63188,79.9644,9,9,3,63,108,0,488827,44.3939,0,0,0,0,3,0b87da07ae1feadb91234b8a1484e2962a5202941b122582ee738689b6e1500f,235,9765,PASS
e3_write_heavy_t2048_r03,e3_write_heavy_t2048,"E3 Write-heavy (Get 30%, Scan 10%, Put 40%, Del 20%) Threshold 2048",256,2048,7.53663,200000,26537.1,10000,55.232,275.442,424.447,95.5236,2570,54.225,1423.01,1793.69,316.238,126812,31.542,1413.65,1725.48,296.945,618,58.931,1413.84,1761.62,306.848,40000,5307.41,132099,24.8895,194.814,1547.01,1881.31,411.068,16.5157,20000,113.7,338.715,482.474,144.77,20000,488017,97.6034,253770,63010,80.1092,9,9,3,63,108,0,488826,44.3939,0,0,0,0,3,0b87da07ae1feadb91234b8a1484e2962a5202941b122582ee738689b6e1500f,235,9765,PASS
