run_id,layer,condition,trace,rep,db_sha256,expected_keys,reconciliation_status
e8_clean_scan_non_intersect_pass-a_rep1_1787536049,normal,CLEAN,ScanNonIntersect,1,7b13ea6f3920955137a0333c9a8bf56600f467e9dc4a7e129aadc9bdf57c0260,500000,MATCHED_100%
e8_t512_get_live_pass-a_rep0_1787503628,normal,T512,GetLive,0,398b2acc08a8e9de563cf241c0115811dd8fed32e2f02c88bab26aa360329159,300000,MATCHED_100%
e8_postflush_scan_non_intersect_pass-a_rep2_1787540032,isolation,PostFlush,ScanNonIntersect,2,398b2acc08a8e9de563cf241c0115811dd8fed32e2f02c88bab26aa360329159,300000,MATCHED_100%
e8_clean_get_live_pass-a_rep0_1787503764,normal,CLEAN,GetLive,0,7b13ea6f3920955137a0333c9a8bf56600f467e9dc4a7e129aadc9bdf57c0260,500000,MATCHED_100%
e8_postflush_scan_non_intersect_pass-a_rep0_1787541837,isolation,PostFlush,ScanNonIntersect,0,398b2acc08a8e9de563cf241c0115811dd8fed32e2f02c88bab26aa360329159,300000,MATCHED_100%
e8_clean_get_live_pass-a_rep2_1787540230,normal,CLEAN,GetLive,2,7b13ea6f3920955137a0333c9a8bf56600f467e9dc4a7e129aadc9bdf57c0260,500000,MATCHED_100%
e8_t512_scan_non_intersect_pass-a_rep0_1787536840,normal,T512,ScanNonIntersect,0,398b2acc08a8e9de563cf241c0115811dd8fed32e2f02c88bab26aa360329159,300000,MATCHED_100%
e8_preflush_get_live_pass-a_rep2_1787504031,isolation,PreFlush,GetLive,2,398b2acc08a8e9de563cf241c0115811dd8fed32e2f02c88bab26aa360329159,300000,MATCHED_100%
e8_preflush_scan_intersect_pass-a_rep1_1787504097,isolation,PreFlush,ScanIntersect,1,398b2acc08a8e9de563cf241c0115811dd8fed32e2f02c88bab26aa360329159,300000,MATCHED_100%
e8_preflush_scan_non_intersect_pass-a_rep1_1787538970,isolation,PreFlush,ScanNonIntersect,1,398b2acc08a8e9de563cf241c0115811dd8fed32e2f02c88bab26aa360329159,300000,MATCHED_100%
e8_clean_scan_intersect_pass-a_rep0_1787541640,normal,CLEAN,ScanIntersect,0,7b13ea6f3920955137a0333c9a8bf56600f467e9dc4a7e129aadc9bdf57c0260,500000,MATCHED_100%
e8_postflush_scan_non_intersect_pass-a_rep1_1787541771,isolation,PostFlush,ScanNonIntersect,1,398b2acc08a8e9de563cf241c0115811dd8fed32e2f02c88bab26aa360329159,300000,MATCHED_100%
e8_preflush_scan_non_intersect_pass-a_rep2_1787504361,isolation,PreFlush,ScanNonIntersect,2,398b2acc08a8e9de563cf241c0115811dd8fed32e2f02c88bab26aa360329159,300000,MATCHED_100%
e8_preflush_scan_non_intersect_pass-a_rep0_1787541026,isolation,PreFlush,ScanNonIntersect,0,398b2acc08a8e9de563cf241c0115811dd8fed32e2f02c88bab26aa360329159,300000,MATCHED_100%
e8_t512_get_live_pass-a_rep1_1787504493,normal,T512,GetLive,1,398b2acc08a8e9de563cf241c0115811dd8fed32e2f02c88bab26aa360329159,300000,MATCHED_100%
e8_preflush_get_live_pass-a_rep1_1787535720,isolation,PreFlush,GetLive,1,398b2acc08a8e9de563cf241c0115811dd8fed32e2f02c88bab26aa360329159,300000,MATCHED_100%
e8_postflush_scan_intersect_pass-a_rep0_1787536115,isolation,PostFlush,ScanIntersect,0,398b2acc08a8e9de563cf241c0115811dd8fed32e2f02c88bab26aa360329159,300000,MATCHED_100%
e8_t0_scan_intersect_pass-a_rep1_1787536510,normal,T0,ScanIntersect,1,398b2acc08a8e9de563cf241c0115811dd8fed32e2f02c88bab26aa360329159,300000,MATCHED_100%
e8_clean_scan_non_intersect_pass-a_rep0_1787535917,normal,CLEAN,ScanNonIntersect,0,7b13ea6f3920955137a0333c9a8bf56600f467e9dc4a7e129aadc9bdf57c0260,500000,MATCHED_100%
e8_t0_scan_non_intersect_pass-a_rep1_1787540828,normal,T0,ScanNonIntersect,1,398b2acc08a8e9de563cf241c0115811dd8fed32e2f02c88bab26aa360329159,300000,MATCHED_100%
e8_clean_scan_intersect_pass-a_rep2_1787543577,normal,CLEAN,ScanIntersect,2,7b13ea6f3920955137a0333c9a8bf56600f467e9dc4a7e129aadc9bdf57c0260,500000,MATCHED_100%
e8_t0_get_live_pass-a_rep0_1787536246,normal,T0,GetLive,0,398b2acc08a8e9de563cf241c0115811dd8fed32e2f02c88bab26aa360329159,300000,MATCHED_100%
e8_t0_scan_non_intersect_pass-a_rep2_1787536378,normal,T0,ScanNonIntersect,2,398b2acc08a8e9de563cf241c0115811dd8fed32e2f02c88bab26aa360329159,300000,MATCHED_100%
e8_t0_get_live_pass-a_rep1_1787536444,normal,T0,GetLive,1,398b2acc08a8e9de563cf241c0115811dd8fed32e2f02c88bab26aa360329159,300000,MATCHED_100%
e8_postflush_scan_intersect_pass-a_rep1_1787536576,isolation,PostFlush,ScanIntersect,1,398b2acc08a8e9de563cf241c0115811dd8fed32e2f02c88bab26aa360329159,300000,MATCHED_100%
e8_preflush_scan_intersect_pass-a_rep2_1787536774,isolation,PreFlush,ScanIntersect,2,398b2acc08a8e9de563cf241c0115811dd8fed32e2f02c88bab26aa360329159,300000,MATCHED_100%
e8_t512_scan_intersect_pass-a_rep2_1787537313,normal,T512,ScanIntersect,2,398b2acc08a8e9de563cf241c0115811dd8fed32e2f02c88bab26aa360329159,300000,MATCHED_100%
e8_t512_scan_intersect_pass-a_rep0_1787543035,normal,T512,ScanIntersect,0,398b2acc08a8e9de563cf241c0115811dd8fed32e2f02c88bab26aa360329159,300000,MATCHED_100%
e8_preflush_get_live_pass-a_rep0_1787537046,isolation,PreFlush,GetLive,0,398b2acc08a8e9de563cf241c0115811dd8fed32e2f02c88bab26aa360329159,300000,MATCHED_100%
e8_postflush_scan_intersect_pass-a_rep2_1787539302,isolation,PostFlush,ScanIntersect,2,398b2acc08a8e9de563cf241c0115811dd8fed32e2f02c88bab26aa360329159,300000,MATCHED_100%
e8_postflush_get_live_pass-a_rep0_1787537382,isolation,PostFlush,GetLive,0,398b2acc08a8e9de563cf241c0115811dd8fed32e2f02c88bab26aa360329159,300000,MATCHED_100%
e8_clean_get_live_pass-a_rep1_1787540762,normal,CLEAN,GetLive,1,7b13ea6f3920955137a0333c9a8bf56600f467e9dc4a7e129aadc9bdf57c0260,500000,MATCHED_100%
e8_t512_scan_intersect_pass-a_rep1_1787543370,normal,T512,ScanIntersect,1,398b2acc08a8e9de563cf241c0115811dd8fed32e2f02c88bab26aa360329159,300000,MATCHED_100%
e8_t512_scan_non_intersect_pass-a_rep1_1787543104,normal,T512,ScanNonIntersect,1,398b2acc08a8e9de563cf241c0115811dd8fed32e2f02c88bab26aa360329159,300000,MATCHED_100%
e8_t512_scan_non_intersect_pass-a_rep2_1787539036,normal,T512,ScanNonIntersect,2,398b2acc08a8e9de563cf241c0115811dd8fed32e2f02c88bab26aa360329159,300000,MATCHED_100%
e8_t0_scan_intersect_pass-a_rep2_1787540499,normal,T0,ScanIntersect,2,398b2acc08a8e9de563cf241c0115811dd8fed32e2f02c88bab26aa360329159,300000,MATCHED_100%
e8_postflush_get_live_pass-a_rep2_1787542502,isolation,PostFlush,GetLive,2,398b2acc08a8e9de563cf241c0115811dd8fed32e2f02c88bab26aa360329159,300000,MATCHED_100%
e8_t0_get_live_pass-a_rep2_1787538714,normal,T0,GetLive,2,398b2acc08a8e9de563cf241c0115811dd8fed32e2f02c88bab26aa360329159,300000,MATCHED_100%
e8_t0_scan_non_intersect_pass-a_rep0_1787540697,normal,T0,ScanNonIntersect,0,398b2acc08a8e9de563cf241c0115811dd8fed32e2f02c88bab26aa360329159,300000,MATCHED_100%
e8_preflush_scan_intersect_pass-a_rep0_1787539434,isolation,PreFlush,ScanIntersect,0,398b2acc08a8e9de563cf241c0115811dd8fed32e2f02c88bab26aa360329159,300000,MATCHED_100%
e8_postflush_get_live_pass-a_rep1_1787539568,isolation,PostFlush,GetLive,1,398b2acc08a8e9de563cf241c0115811dd8fed32e2f02c88bab26aa360329159,300000,MATCHED_100%
e8_clean_scan_non_intersect_pass-a_rep2_1787539766,normal,CLEAN,ScanNonIntersect,2,7b13ea6f3920955137a0333c9a8bf56600f467e9dc4a7e129aadc9bdf57c0260,500000,MATCHED_100%
e8_clean_scan_intersect_pass-a_rep1_1787542903,normal,CLEAN,ScanIntersect,1,7b13ea6f3920955137a0333c9a8bf56600f467e9dc4a7e129aadc9bdf57c0260,500000,MATCHED_100%
e8_t512_get_live_pass-a_rep2_1787542101,normal,T512,GetLive,2,398b2acc08a8e9de563cf241c0115811dd8fed32e2f02c88bab26aa360329159,300000,MATCHED_100%
e8_t0_scan_intersect_pass-a_rep0_1787542772,normal,T0,ScanIntersect,0,398b2acc08a8e9de563cf241c0115811dd8fed32e2f02c88bab26aa360329159,300000,MATCHED_100%
