exp_id,group_name,second_idx,elapsed_sec,completed_ops,progress_pct,get_ctrl_ops,get_ctrl_p50_us,get_ctrl_p95_us,get_ctrl_p99_us,get_aff_ops,get_aff_p50_us,get_aff_p95_us,get_aff_p99_us,get_del_ops,get_del_p50_us,get_del_p95_us,get_del_p99_us,scan_ops,scan_p50_us,scan_p95_us,scan_p99_us,scan_avg_keys,scan_us_per_key,put_ops,put_p50_us,put_p95_us,put_p99_us,del_range_ops,del_range_p50_us,del_range_p95_us,del_range_p99_us,total_ops_interval,instantaneous_iops,active_memtable_mb,immutable_memtable_count,memtable_flush_pending,l0_files,l1_files,l2_files,pending_compaction_mb,running_flushes,running_compactions,total_sst_mb,flush_range_del_reason_delta,compaction_read_mb_delta,compaction_write_mb_delta,flush_write_mb_delta,write_stall_micros_delta,block_cache_hits,block_cache_misses,block_cache_hit_rate,tombstones_dropped_delta,cumulative_range_deletions,db_dir_mb
ls24_dp_t0000_r01,ls24_density_preserved,1,1.00029,126372,42.124,43155,12.678,19.707,845.052,741,12.667,23.059,1338.83,28680,12.692,19.803,802.314,27845,74.601,513.152,1948.27,100,1.4832,20828,17.863,87.019,144.945,5233,48.139,129.698,202.122,126482,126482,7.00201,0,0,0,0,0,0,0,0,26312,0,0,0,0,0,22765,284703,7.40402,0,5208,26323.6
ls24_dp_t0000_r01,ls24_density_preserved,2,2.01269,137046,45.682,652,3583.03,4409.22,4932.15,15,3767.77,4267,4267,403,3604.16,4420.1,4748.49,1027,3789.41,4579.94,4808.51,100,36.0572,6328,43.205,186.584,268.351,2147,89.207,242.136,306.252,10572,10572,9.00202,0,0,0,0,0,0,0,0,26312,0,0,0,0,0,900,8777,9.3004,0,7377,26325.4
ls24_dp_t0000_r01,ls24_density_preserved,3,3.01524,145003,48.3343,483,4757.21,6797.77,10187.7,8,4981.9,5630.43,5630.43,317,4721.66,6450.06,9849.05,792,4915.35,6762.65,10368.9,100,47.5439,4823,42.446,173.812,258.444,1537,87.428,229.212,289.654,7960,7960,11.002,0,0,0,0,0,0,0,0,26312,0,0,0,0,0,673,6708,9.11801,0,8914,26326.8
ls24_dp_t0000_r01,ls24_density_preserved,4,4.0184,152262,50.754,425,5744,8713.79,11337.5,5,6048.62,10041.4,10041.4,278,5650.52,6994.6,10960.6,686,5915.92,8229.12,11426.9,100,55.0271,4450,42.442,183.157,255.815,1404,90.237,246.674,361.755,7248,7248,13.0021,0,0,0,0,0,0,0,0,26312,0,0,0,0,0,616,5726,9.71302,0,10321,26328.1
ls24_dp_t0000_r01,ls24_density_preserved,5,5.02463,158549,52.8497,375,6209.68,8302.17,9849.96,5,5277.25,9083.39,9083.39,256,6424.12,8335.3,9698.64,627,6689.24,8335.23,9967.86,100,62.3432,3736,30.547,158.5,216.495,1288,80.17,213.962,297.916,6287,6287,14.0021,0,0,0,0,0,0,0,0,26312,0,0,0,0,0,563,5242,9.69854,0,11609,26329.3
ls24_dp_t0000_r01,ls24_density_preserved,6,6.0318,164461,54.8203,357,7075.53,8104.35,8997.93,7,7291.54,7997.1,7997.1,260,7130.61,7916.11,8081.51,556,7437.66,8212.42,8619.77,100,66.6357,3544,36.26,170.247,251.107,1189,82.452,232.973,296.346,5913,5913,15.0021,0,0,0,0,0,0,0,0,26312,0,0,0,0,0,478,4696,9.2385,0,12798,26330.3
ls24_dp_t0000_r01,ls24_density_preserved,7,7.04053,169772,56.5907,309,8051.52,8690.01,10598.1,7,7037.93,8610.24,8610.24,206,8037.7,8565.95,9141.99,568,8127.54,8882.48,10678.8,100,71.8369,3174,33.143,164.583,245.248,1052,80.341,212.949,281.088,5316,5316,16.0021,0,0,0,0,0,0,0,0,26312,0,0,0,0,0,542,4642,10.4552,0,13848,26331.2
ls24_dp_t0000_r01,ls24_density_preserved,8,8.04893,175190,58.3967,320,7971.91,9392.66,9934.06,2,7663.7,7663.7,7663.7,194,7851.45,9323.24,10161.5,536,8072.04,9535.61,10425.5,100,75.0425,3263,29.466,160.488,238.888,1097,76.43,200.804,303.668,5412,5412,17.0021,0,0,0,0,0,0,0,0,26312,0,0,0,0,0,486,4428,9.89011,0,14947,26332.2
ls24_dp_t0000_r01,ls24_density_preserved,9,9.05692,180398,60.1327,323,7634.96,9993.02,11337.7,3,8103.62,8661.27,8661.27,213,7697.37,9921.74,10317.2,534,7759.4,10189.8,11122.4,100,73.0555,3081,26.378,111.613,184.104,1054,69.48,165.807,244.919,5208,5208,19.0021,0,0,0,0,0,0,0,0,26312,0,0,0,0,0,471,4408,9.65362,0,16001,26333.1
ls24_dp_t0000_r01,ls24_density_preserved,10,10.0655,185438,61.8127,297,7485.76,10833.6,11410.1,6,6094.24,8856.47,8856.47,205,7392.28,10845.5,11435.5,555,7683.31,11122.2,12535.6,100,75.0686,3004,25.17,99.499,168.806,974,67.93,157.09,226.4,5041,5041,20.0021,0,0,0,0,0,0,0,0,26312,0,0,0,0,0,572,4453,11.3831,0,16974,26334
ls24_dp_t0000_r01,ls24_density_preserved,11,11.0735,190985,63.6617,327,6933.67,11351.7,11994.7,3,5751.41,8212.82,8212.82,237,7089.49,11278.2,11920.5,552,7022.57,11327.5,12032.7,100,70.3898,3342,20.619,88.799,135.371,1085,59.819,143.527,208.71,5546,5546,21.0021,0,0,0,0,0,0,0,0,26312,0,0,0,0,0,563,4460,11.2084,0,18060,26335
ls24_dp_t0000_r01,ls24_density_preserved,12,12.0787,196608,65.536,332,7027.24,11631.6,12236.6,2,12240.8,12240.8,12240.8,214,6925.27,11102.3,11986.4,534,7420.44,12065.1,12463.6,100,73.8244,3418,20.167,81.391,116.609,1123,55.846,131.207,195.806,5623,5623,22.0021,0,0,0,0,0,0,0,0,26312,0,0,0,0,0,527,4339,10.8303,0,19183,26336
ls24_dp_t0000_r01,ls24_density_preserved,13,13.0862,263774,87.9247,26798,18.777,28.842,41.147,432,18.706,27.946,35.555,17729,5.467,9.035,14.849,16417,99.742,167.365,8205.89,100,2.59439,5150,18.071,59.021,97.999,673,56.038,121.368,191.25,67199,67199,24.0021,0,0,0,0,0,0,0,0,26312,0,0,0,0,0,16916,149080,10.1906,0,19856,26337.5
ls24_dp_t0000_r02,ls24_density_preserved,1,1.00026,125438,41.8127,43092,12.876,19.47,836.203,739,12.823,19.745,930.126,28644,12.874,19.288,794.027,27743,77.609,507.977,1887.48,100,1.48016,20228,19.613,101.8,159.23,5051,55.706,150.54,217.992,125497,125497,7.00201,0,0,0,0,0,0,0,0,26312,0,0,0,0,0,88815,283729,23.8401,0,5043,26323.4
ls24_dp_t0000_r02,ls24_density_preserved,2,2.01237,136236,45.412,672,3507.14,4308.12,4664.46,16,3667.12,4650.31,4650.31,405,3537.04,4294.98,4459.08,1031,3741.18,4524.26,4661.46,100,35.6313,6447,43.286,191.51,286.403,2174,96.755,257.047,354.258,10745,10745,9.00202,0,0,0,0,0,0,0,0,26312,0,0,0,0,0,3362,8898,27.4225,0,7222,26325.3
ls24_dp_t0000_r02,ls24_density_preserved,3,3.01486,144524,48.1747,507,4678.47,5495.7,6084.66,8,4850.74,5414.44,5414.44,333,4607.79,5467.54,5934.27,825,4887.21,5751.45,6451.74,100,46.1248,5017,40.067,180.487,270.687,1592,93.923,250.2,339.788,8282,8282,10.002,0,0,0,0,0,0,0,0,26312,0,0,0,0,0,2619,6965,27.3268,0,8817,26326.7
ls24_dp_t0000_r02,ls24_density_preserved,4,4.0178,152035,50.6783,430,5736.21,6400.36,7111.2,6,5381.09,6180.85,6180.85,290,5684.68,6354.18,6691.11,734,5840.17,6625.2,7191.91,100,52.889,4595,42.018,183.783,264.622,1471,92.395,256.395,368.238,7526,7526,12.002,0,0,0,0,0,0,0,0,26312,0,0,0,0,0,2404,6104,28.2558,0,10283,26328.1
ls24_dp_t0000_r02,ls24_density_preserved,5,5.02158,158505,52.835,387,6350.68,7638.33,9422.68,5,2063.54,6563.53,6563.53,261,6312.58,7554.71,8446.29,636,6710.67,7839.95,8663.54,100,60.4487,3854,35.39,174.897,273.29,1312,86.902,243.52,353.972,6455,6455,13.0021,0,0,0,0,0,0,0,0,26312,0,0,0,0,0,2071,5333,27.9714,0,11600,26329.2
ls24_dp_t0000_r02,ls24_density_preserved,6,6.02666,164443,54.8143,354,7129.91,8041.28,9449.05,7,7108.64,7840.28,7840.28,260,6880.95,7966.54,9268.38,562,7274.85,8307.3,10884.1,100,66.8625,3563,37.898,172.902,272.566,1192,85.752,235.877,319.626,5938,5938,14.0021,0,0,0,0,0,0,0,0,26312,0,0,0,0,0,1826,4730,27.8523,0,12792,26330.2
ls24_dp_t0000_r02,ls24_density_preserved,7,7.03171,169766,56.5887,314,7995.3,9017.02,11052.9,7,7529.76,8407.29,8407.29,207,7622.79,8766.5,11177,566,7825.24,8952.42,10037.8,100,70.6345,3174,38.305,188.631,265.861,1055,90.843,249.014,329.118,5323,5323,15.0021,0,0,0,0,0,0,0,0,26312,0,0,0,0,0,1876,4638,28.7995,0,13847,26331.2
ls24_dp_t0000_r02,ls24_density_preserved,8,8.03679,175143,58.381,318,7542.22,9354.5,9565.38,2,7894.46,7894.46,7894.46,194,7857.44,9255.37,11514.9,534,8030.38,9603.9,10750.1,100,75.2538,3240,27.283,162.216,221.827,1090,78.212,213.206,292.302,5378,5378,16.0021,0,0,0,0,0,0,0,0,26312,0,0,0,0,0,1724,4383,28.2299,0,14936,26332.1
ls24_dp_t0000_r02,ls24_density_preserved,9,9.04183,180547,60.1823,337,7520.94,9871.36,10459.1,4,7541.58,7954.15,7954.15,220,7466.98,9839.94,10736.6,558,7767.73,10174,10901.1,100,70.5574,3194,24.946,158.932,242.695,1090,74.94,217.046,310.279,5403,5403,17.0021,0,0,0,0,0,0,0,0,26312,0,0,0,0,0,1793,4639,27.8762,0,16027,26333.1
ls24_dp_t0000_r02,ls24_density_preserved,10,10.0468,185914,61.9713,310,8021.12,10924.6,12769,6,6874.15,10600.7,10600.7,221,7414.5,10883.6,11026.1,577,7824.46,11119.6,12387.5,100,70.2329,3224,20.993,108.391,183.298,1037,64.063,168.373,239.633,5375,5375,18.0021,0,0,0,0,0,0,0,0,26312,0,0,0,0,0,1946,4629,29.597,0,17063,26334
ls24_dp_t0000_r02,ls24_density_preserved,11,11.0525,192448,64.1493,385,5599.63,10827.2,11600.9,2,7904.86,7904.86,7904.86,277,5783.17,10899,11949.2,633,5977.35,10791.4,11815.4,100,61.1957,3938,17.929,75.376,111.161,1294,51.748,118.242,168.447,6529,6529,19.0021,0,0,0,0,0,0,0,0,26312,0,0,0,0,0,2161,5110,29.7208,0,18355,26335.2
ls24_dp_t0000_r02,ls24_density_preserved,12,12.0579,198780,66.26,394,6106.55,11323.5,12597.3,3,3499.6,5325.09,5325.09,245,5891.7,11066.8,12172,608,6239.82,11406.3,12574.5,100,64.1839,3832,17.431,79.648,128.901,1247,48.699,130.818,180.225,6329,6329,20.0021,0,0,0,0,0,0,0,0,26312,0,0,0,0,0,2052,4920,29.432,0,19605,26336.3
ls24_dp_t0000_r03,ls24_density_preserved,1,1.00037,127913,42.6377,43254,12.952,20.419,860.209,742,12.96,24.168,894.302,28737,12.96,20.079,796.658,27988,77.856,579.615,1674.62,100,1.48298,21762,16.625,79.006,118.48,5542,44.674,110.753,151.851,128025,128025,7.00201,0,0,0,0,0,0,0,0,26312.2,0,0,0,0,0,134252,285807,31.9603,0,5509,26324
ls24_dp_t0000_r03,ls24_density_preserved,2,2.01406,138962,46.3207,684,3678.7,4655.21,4780.96,16,3748.43,4562.29,4562.29,428,3710.44,4634.98,4741.8,1072,3889.44,4839.88,4966.78,100,34.4446,6568,35.446,170.554,254.799,2183,81.936,231.784,321.744,10951,10951,9.00202,0,0,0,0,0,0,0,0,26312.2,0,0,0,0,0,5195,9166,36.1744,0,7721,26325.9
ls24_dp_t0000_r03,ls24_density_preserved,3,3.01683,146862,48.954,457,4990.1,5842.65,6142.74,6,4822.88,5562.73,5562.73,305,5031.23,5851.66,6409.36,781,5295.23,6123.55,6752.53,100,50.0418,4799,42.472,186.786,260.61,1538,92.007,243.651,315.785,7886,7886,11.002,0,0,0,0,0,0,0,0,26312.2,0,0,0,0,0,3709,6579,36.0517,0,9263,26327.3
ls24_dp_t0000_r03,ls24_density_preserved,4,4.02003,154016,51.3387,436,5919.44,6589.4,7016.34,7,5406.89,6543.63,6543.63,279,5832.92,6729.56,7976.75,667,6072.33,6976.96,8147.83,100,55.8413,4336,38.828,170.88,248.095,1431,86.839,221.986,303.647,7156,7156,12.002,0,0,0,0,0,0,0,0,26312.2,0,0,0,0,0,3250,5584,36.7897,0,10692,26328.6
ls24_dp_t0000_r03,ls24_density_preserved,5,5.02388,160131,53.377,368,6506.55,7606.57,8114.36,5,7386.91,7456.97,7456.97,254,6366.29,7521.13,8345.3,619,6913.53,7822.34,8418.77,100,63.3614,3653,35.247,173.425,244.649,1226,82.025,228.682,293.217,6125,6125,13.0021,0,0,0,0,0,0,0,0,26312.2,0,0,0,0,0,3023,5180,36.8524,0,11916,26329.6
ls24_dp_t0000_r03,ls24_density_preserved,6,6.02856,165689,55.2297,335,7612.6,8405.91,9509.75,5,7712.64,7910.41,7910.41,240,7462.52,8363.47,9569.68,567,7741.18,8671.49,10565.8,100,68.4847,3299,40.429,176.415,249.191,1114,87.258,231.101,304.164,5560,5560,14.0021,0,0,0,0,0,0,0,0,26312.2,0,0,0,0,0,2695,4749,36.2037,0,13029,26330.6
ls24_dp_t0000_r03,ls24_density_preserved,7,7.03363,171540,57.18,324,7161.49,9058.57,10512.6,8,7803.28,9271.94,9271.94,219,7610.24,9207.9,12062.5,592,7553.1,9337.67,12313.1,100,68.4901,3525,27.735,153.218,233.152,1169,76.333,206.624,284.463,5837,5837,15.0021,0,0,0,0,0,0,0,0,26312.2,0,0,0,0,0,2914,4832,37.6194,0,14203,26331.6
ls24_dp_t0000_r03,ls24_density_preserved,8,8.03866,177807,59.269,380,6882.8,9737.29,10788.3,2,6831.91,6831.91,6831.91,220,7281.2,9589.25,10580.1,626,6974.14,9869.85,11258.2,100,62.8411,3745,22.6,135.858,207.687,1294,68.004,188.882,305.514,6267,6267,16.0021,0,0,0,0,0,0,0,0,26312.2,0,0,0,0,0,3043,5145,37.1641,0,15497,26332.7
ls24_dp_t0000_r03,ls24_density_preserved,9,9.04375,182732,60.9107,295,7863.09,10298.6,11723.4,5,6245.97,8893.79,8893.79,228,7601.02,10695.5,12406.8,512,7916.14,10558.7,11504.4,100,75.1996,2935,25.88,113.809,190.029,950,70.288,168.103,247.717,4925,4925,18.0021,0,0,0,0,0,0,0,0,26312.2,0,0,0,0,0,2477,4192,37.142,0,16447,26333.6
ls24_dp_t0000_r03,ls24_density_preserved,10,10.0487,187445,62.4817,288,8045.32,11109.5,11786.5,4,9326.13,11188.5,11188.5,190,7747.41,11091.7,11827.3,508,8368.45,11530.9,12081.1,100,81.7272,2819,25.905,99.951,169.047,905,68.28,149.879,206.354,4714,4714,18.0021,0,0,0,0,0,0,0,0,26312.2,0,0,0,0,0,2520,4097,38.0837,0,17351,26334.5
ls24_dp_t0000_r03,ls24_density_preserved,11,11.0536,193125,64.375,331,7032.01,10660.2,11798.1,2,6903.1,6903.1,6903.1,235,7092.4,10581.9,11755.9,541,7353.66,11265.8,12228.3,100,73.0043,3424,20.066,88.777,147.805,1153,55.936,135.504,182.042,5686,5686,19.0021,0,0,0,0,0,0,0,0,26312.2,0,0,0,0,0,2698,4349,38.2858,0,18501,26335.5
ls24_dp_t0000_r03,ls24_density_preserved,12,12.0587,198105,66.035,312,7930.65,12268.3,12431.8,3,11579.7,11928.9,11928.9,187,7865.84,12414.5,13222.3,480,8133.13,12406.8,12898.2,100,80.9559,3026,20.453,79.306,122.049,965,58.416,126.941,165.893,4973,4973,20.0021,0,0,0,0,0,0,0,0,26312.2,0,0,0,0,0,2364,3881,37.8543,0,19470,26336.4
ls24_dp_t0256_r01,ls24_density_preserved,1,1.0002,126572,42.1907,43168,13.569,20.831,107.029,741,13.519,23.062,100.197,28694,13.582,20.412,104.906,27877,82.101,211.658,441.116,100,1.00634,21048,52.77,310.485,1324.49,5298,102.896,815.14,1405.74,126826,126826,1.00196,1,0,0,0,0,145.925,1,1,26317.4,19,124.406,126.937,5.45723,172886,93463,319060,22.6564,2225,5252,26453.5
ls24_dp_t0256_r01,ls24_density_preserved,2,2.01246,161224,53.7413,2083,125.43,222.498,274.812,36,144.333,259.054,274.247,1352,111.523,210.572,252.12,3357,359.752,515.05,610.885,100,3.70301,20721,90.656,1039.4,2350.59,6855,144.046,1172.39,2363.34,34404,34404,2.00197,1,0,0,0,0,145.431,1,2,26327.2,27,123.857,131.073,5.93127,266515,27790,64213,30.2055,7045,12149,26442
ls24_dp_t0256_r01,ls24_density_preserved,3,3.01705,185651,61.8837,1459,153.483,245.139,288.718,23,160.687,241.735,327.839,978,114.143,217.393,280.069,2513,430.273,562.72,684.783,100,4.35118,14585,120.6,1278.87,1947.14,4865,187.454,1353.95,2293.95,24423,24423,2.00197,0,0,0,0,0,149.626,0,2,26331.4,19,160.788,163.411,4.33153,335236,21924,65354,25.1197,14461,17016,26608.6
ls24_dp_t0256_r01,ls24_density_preserved,4,4.02403,232695,77.565,14590,27.175,96.245,209.014,227,26.919,54.319,161.854,9592,9.357,54.387,158.556,9570,159.062,443.92,525.929,100,2.00931,10257,104.403,2369.58,2654.77,2838,173.981,2437.27,2679.71,47074,47074,2.00197,0,0,0,0,0,151.146,0,1,26332.9,11,136.765,147.942,2.43661,391675,93705,126332,42.586,13329,19856,26759.4
ls24_dp_t0256_r02,ls24_density_preserved,1,1.00025,139419,46.473,43961,12.447,32.229,113.19,758,12.463,45.5,117.009,29192,12.412,29.081,100.308,29119,73.259,240.585,379.563,100,0.946647,28740,54.209,196.172,1138.31,7874,93.937,251.253,1207.57,139644,139644,2.00197,1,0,0,0,0,7.51477,1,3,26319.8,29,142.035,145.75,7.62977,121426,53111,335771,13.6574,8593,7812,26471.8
ls24_dp_t0256_r02,ls24_density_preserved,2,2.01295,165080,55.0267,1533,138.21,228.394,257.867,23,152.902,242.032,243.655,1027,121.702,217.846,241.681,2505,398.995,511.051,559.016,100,3.99274,15321,103.877,1198.96,1970.05,5031,166.994,1247.42,1541.16,25440,25440,2.00197,0,0,0,0,0,11.8505,0,3,26324.6,19,280.262,281.283,4.62659,381849,21646,96538,18.3155,38930,12901,26755.4
ls24_dp_t0256_r02,ls24_density_preserved,3,3.0186,185712,61.904,1218,142.351,229.941,270.369,19,138.99,236.069,236.069,806,106.331,203.058,245.328,2126,398.618,515.794,597.475,100,3.88934,12341,106.063,1278.58,2393.3,4120,167.892,1362.34,2422.12,20630,20630,1.00196,2,0,0,0,0,14.6082,2,3,26327.3,15,283.363,283.174,3.24422,480759,18381,92920,16.5147,39139,17023,27041.6
ls24_dp_t0256_r02,ls24_density_preserved,4,4.02417,190863,63.621,308,136.546,280.74,355.031,2,251.474,251.474,251.474,219,102.993,223.949,281.586,519,437.734,632.914,813.978,100,4.16636,3100,1249.03,4983.3,7975.69,1001,1334.65,4771.4,6861.77,5149,5149,2.00197,0,0,0,0,0,15.9197,0,2,26328.6,4,220.315,218.419,1.12018,753981,5329,61734,7.94626,24679,18026,27259.4
ls24_dp_t0256_r02,ls24_density_preserved,5,5.02843,203501,67.8337,1989,50.363,199.158,242.606,29,49.091,193.08,201.65,1337,17.539,147.904,185.679,1755,320.144,500.987,599.591,100,3.17472,5721,91.212,6780.46,12143.4,1830,152.269,6789.06,9006.81,12661,12661,1.00196,0,0,0,0,0,16.1532,0,1,26834.5,7,261.74,256.609,1.54251,764023,13950,83252,14.3516,32946,19856,27518.3
ls24_dp_t0256_r03,ls24_density_preserved,1,1.00026,139426,46.4753,43961,12.916,34.13,110.131,758,12.938,42.5,109.528,29192,12.897,29.802,101.389,29120,75.635,247.607,325.128,100,0.959305,28745,54.177,193.588,1108.97,7875,95.828,255.644,1178.43,139651,139651,1.00196,1,0,0,0,0,7.53105,1,2,26320.3,29,104.872,108.772,7.62648,98129,50242,325884,13.3578,2247,7815,26437.2
ls24_dp_t0256_r03,ls24_density_preserved,2,2.01575,156763,52.2543,1040,154.473,249.435,277.842,14,183.335,233.974,233.974,687,132.615,225.469,264.071,1686,429.873,568.384,640.146,100,4.34899,10321,134.815,2317.26,3477.35,3367,210.084,2445.83,3636.22,17115,17115,1.00196,0,0,0,0,0,10.5465,0,1,26323.4,12,158.304,159.813,3.11952,574276,15551,57081,21.4107,14362,11241,26597.6
ls24_dp_t0256_r03,ls24_density_preserved,3,3.01921,169778,56.5927,756,157.759,237.464,291.465,16,180.839,258.107,258.107,523,128.874,218.221,255.837,1299,419.194,557.849,639.323,100,4.2421,7814,115.587,4522.03,7071.38,2604,186.612,3881.38,6904.1,13012,13012,1.00196,1,0,0,0,0,11.6353,1,2,26324.5,10,149.339,157.094,2.14991,619392,11583,50693,18.5995,19181,13846,26756.1
ls24_dp_t0256_r03,ls24_density_preserved,4,4.02316,189287,63.0957,1181,158.512,241.044,306.952,12,125.878,298.086,298.086,774,115.026,209.509,257.286,2013,428.606,541.941,666.617,100,4.26601,11682,125.501,1473.21,3440.83,3873,194.41,1571.91,3434.92,19535,19535,2.00197,2,0,0,0,0,14.6081,2,2,26327.4,14,114.541,119.862,3.04107,445889,15859,48738,24.5507,2392,17713,26879.2
ls24_dp_t0256_r03,ls24_density_preserved,5,5.02906,268260,89.42,29123,24.971,51.776,159.652,466,24.954,48.872,158.627,19260,7.969,20.712,130.958,18190,142.262,369.341,511.14,100,1.72897,9811,75.858,1203.23,1437.27,2137,201.998,1309.26,1537.42,78987,78987,2.00197,0,0,0,0,0,16.9205,0,1,26329.7,9,152.785,155.172,2.21694,143586,152139,209314,42.0909,6128,19856,27039.9
ls24_dp_t2048_r01,ls24_density_preserved,1,1.00025,148283,49.4277,44490,13.507,102.255,351.594,766,13.417,113.568,368.496,29531,13.512,91.293,334.017,30001,79.496,352.223,521.845,100,1.14988,34189,31.961,117.444,171.072,9597,65.315,159.614,216.639,148574,148574,2.00197,0,0,0,0,0,168.526,1,1,26320,4,67.9898,64.8628,8.08037,0,86042,321957,21.0888,14091,9518,26394.7
ls24_dp_t2048_r01,ls24_density_preserved,2,2.0125,210996,70.332,7678,30.146,502.442,931.988,111,29.693,460.856,774.57,5144,9.876,489.968,895.385,7874,245.755,856.93,1233.53,100,3.28138,31389,31.721,134.091,236.656,10259,65.003,189.565,293.842,62455,62455,3.00198,0,0,0,0,0,168.944,0,1,26320.5,5,102.24,111.64,8.48474,0,50626,98498,33.9489,26583,19856,26341.1
ls24_dp_t2048_r02,ls24_density_preserved,1,1.00029,150806,50.2687,44634,12.704,115.812,344.296,769,12.713,114.99,383.356,29638,12.688,106.628,343.825,30237,75.388,361.371,520.316,100,1.13153,35672,32.913,115.419,170.134,10087,63.218,155.844,203.197,151037,151037,3.00198,0,0,0,0,0,210.677,0,1,26320.2,4,92.1247,86.3632,8.08062,0,64252,330343,16.283,24156,10041,26416.8
ls24_dp_t2048_r02,ls24_density_preserved,2,2.01189,284598,94.866,38373,18.041,141.061,351.32,617,18.071,100.32,310.682,25286,4.668,128.798,335.714,26004,102.947,386.811,546.536,100,1.44396,33574,23.446,103.367,167.666,9769,56.555,142.058,206.779,133623,133623,4.00198,0,0,0,0,0,0,0,1,26317.1,5,131.942,141.474,8.48502,16971,164456,273657,37.5373,48850,19856,26351.7
ls24_dp_t2048_r03,ls24_density_preserved,1,1.00039,151869,50.623,44696,13.417,125.965,364.796,769,13.445,114.416,367.422,29673,13.422,114.783,358.601,30352,80.731,375.973,532.832,100,1.19162,36485,28.043,94.134,133.88,10344,53.55,122.978,158.535,152319,152319,2.00197,1,0,0,0,0,0,1,1,26319.4,5,62.1071,58.899,8.08062,0,58417,323921,15.2789,16103,10251,26380.9
ls24_dp_t2048_r03,ls24_density_preserved,2,2.01357,293577,97.859,42008,19.231,126.263,360.519,688,19.329,48.628,360.629,27731,5.224,114.519,345.249,28125,105.81,397.192,542.762,100,1.44896,33234,19.691,75.916,109.592,9512,46.097,106.982,138.186,141298,141298,4.00198,0,0,0,0,0,0,0,2,26337.1,4,291.631,290.821,8.4863,0,160054,334436,32.3675,41956,19856,26681.1
