exp_id,group_name,progress_pct_idx,elapsed_sec,completed_ops,progress_pct,get_ctrl_ops,get_ctrl_p50_us,get_ctrl_p95_us,get_ctrl_p99_us,get_aff_ops,get_aff_p50_us,get_aff_p95_us,get_aff_p99_us,get_del_ops,get_del_p50_us,get_del_p95_us,get_del_p99_us,scan_ops,scan_p50_us,scan_p95_us,scan_p99_us,scan_avg_keys,scan_us_per_key,put_ops,put_p50_us,put_p95_us,put_p99_us,del_range_ops,del_range_p50_us,del_range_p95_us,del_range_p99_us,total_ops_interval,instantaneous_iops,active_memtable_mb,immutable_memtable_count,memtable_flush_pending,l0_files,l1_files,l2_files,pending_compaction_mb,running_flushes,running_compactions,total_sst_mb,flush_range_del_reason_delta,compaction_read_mb_delta,compaction_write_mb_delta,flush_write_mb_delta,write_stall_micros_delta,block_cache_hits,block_cache_misses,block_cache_hit_rate,tombstones_dropped_delta,cumulative_range_deletions,db_dir_mb
ls24_clean_t0000_r01,ls24_clean,1,0.0145614,3000,1,1888,15.49,31.594,142.339,0,0,0,0,0,0,0,0,664,85.485,197.401,567.508,100,0.968296,148,14.872,52.225,107.271,0,0,0,0,2700,2700,1.00196,0,0,0,0,0,0,0,0,26312,0,0,0,0,0,558,6946,7.43603,0,0,26317.7
ls24_clean_t0000_r01,ls24_clean,2,0.0282955,6000,2,1821,14.511,21.655,139.423,0,0,0,0,0,0,0,0,725,84.315,100.083,585.107,100,0.904513,141,15.619,34.185,47.875,0,0,0,0,2687,2687,1.00196,0,0,0,0,0,0,0,0,26312,0,0,0,0,0,656,7347,8.19693,0,0,26317.8
ls24_clean_t0000_r01,ls24_clean,3,0.042328,9000,3,1810,14.219,22.324,147.193,0,0,0,0,0,0,0,0,742,83.33,112.379,621.864,100,0.938766,145,14.617,34.659,49.537,0,0,0,0,2697,2697,1.00196,0,0,0,0,0,0,0,0,26312,0,0,0,0,0,677,7462,8.31798,0,0,26317.8
ls24_clean_t0000_r01,ls24_clean,4,0.0567269,12000,4,1752,14.16,19.451,128.001,0,0,0,0,0,0,0,0,820,81.357,106.917,574.156,100,0.921852,150,13.082,26.231,32.107,0,0,0,0,2722,2722,1.00196,0,0,0,0,0,0,0,0,26312,0,0,0,0,0,736,8010,8.41528,0,0,26317.9
ls24_clean_t0000_r01,ls24_clean,5,0.0695503,15000,5,1864,13.393,20.135,121.095,0,0,0,0,0,0,0,0,695,77.716,107.327,621.8,100,0.91641,131,13.591,24.572,32.121,0,0,0,0,2690,2690,1.00196,0,0,0,0,0,0,0,0,26312,0,0,0,0,0,672,7208,8.52792,0,0,26317.9
ls24_clean_t0000_r01,ls24_clean,6,0.0821588,18000,6,1761,13.024,18.561,123.507,0,0,0,0,0,0,0,0,794,72.148,96.219,536.692,100,0.810277,160,12.358,21.131,26.327,0,0,0,0,2715,2715,1.00196,0,0,0,0,0,0,0,0,26312,0,0,0,0,0,761,7803,8.88603,0,0,26317.9
ls24_clean_t0000_r01,ls24_clean,7,0.0945102,21000,7,1827,12.755,18.424,121.757,0,0,0,0,0,0,0,0,736,71.323,97.149,549.23,100,0.838728,146,13.146,23.991,33.105,0,0,0,0,2709,2709,1.00196,0,0,0,0,0,0,0,0,26312,0,0,0,0,0,667,7420,8.24781,0,0,26318
ls24_clean_t0000_r01,ls24_clean,8,0.106932,24000,8,1801,13.057,18.411,122.627,0,0,0,0,0,0,0,0,720,74.143,102.183,573.683,100,0.875125,154,12.723,26.265,35.391,0,0,0,0,2675,2675,1.00196,0,0,0,0,0,0,0,0,26312,0,0,0,0,0,681,7242,8.59523,0,0,26318
ls24_clean_t0000_r01,ls24_clean,9,0.119101,27000,9,1796,12.6,17.654,116.873,0,0,0,0,0,0,0,0,775,69.633,96.705,541.904,100,0.799844,150,12.905,24.953,33.103,0,0,0,0,2721,2721,1.00196,0,0,0,0,0,0,0,0,26312,0,0,0,0,0,706,7716,8.38281,0,0,26318.1
ls24_clean_t0000_r01,ls24_clean,10,0.131245,30000,10,1781,12.569,17.16,117.249,0,0,0,0,0,0,0,0,768,69.639,94.793,596.323,100,0.821365,161,13.183,30.14,47.27,0,0,0,0,2710,2710,1.00196,0,0,0,0,0,0,0,0,26312,0,0,0,0,0,702,7629,8.42636,0,0,26318.1
ls24_clean_t0000_r01,ls24_clean,11,0.143382,33000,11,1796,12.819,17.6,119.931,0,0,0,0,0,0,0,0,734,71.384,95.653,571.884,100,0.828289,159,12.407,28.768,35.39,0,0,0,0,2689,2689,1.00196,0,0,0,0,0,0,0,0,26312,0,0,0,0,0,680,7392,8.42418,0,0,26318.2
ls24_clean_t0000_r01,ls24_clean,12,0.156242,36000,12,1821,12.988,17.708,133.222,0,0,0,0,0,0,0,0,744,73.169,98.55,621.606,100,0.87487,146,13.195,29.246,33.729,0,0,0,0,2711,2711,1.00196,0,0,0,0,0,0,0,0,26312,0,0,0,0,0,705,7483,8.61016,0,0,26318.2
ls24_clean_t0000_r01,ls24_clean,13,0.168599,39000,13,1795,12.891,18.557,121.99,0,0,0,0,0,0,0,0,756,72.223,95.81,568.309,100,0.83287,141,13.395,26.781,37.977,0,0,0,0,2692,2692,1.00196,0,0,0,0,0,0,0,0,26312,0,0,0,0,0,723,7531,8.75939,0,0,26318.2
ls24_clean_t0000_r01,ls24_clean,14,0.180732,42000,14,1825,13.339,17.943,118.111,0,0,0,0,0,0,0,0,749,73.609,94.439,546.637,100,0.809429,146,13.587,25.819,38.15,0,0,0,0,2720,2720,1.00196,0,0,0,0,0,0,0,0,26312,0,0,0,0,0,727,7501,8.83568,0,0,26318.3
ls24_clean_t0000_r01,ls24_clean,15,0.192956,45000,15,1796,13.337,18.002,119.011,0,0,0,0,0,0,0,0,727,73.031,93.428,564.569,100,0.855802,168,12.613,26.684,39.206,0,0,0,0,2691,2691,1.00196,0,0,0,0,0,0,0,0,26312,0,0,0,0,0,692,7318,8.6392,0,0,26318.3
ls24_clean_t0000_r01,ls24_clean,16,0.205659,48000,16,1821,13.463,19.082,127.763,0,0,0,0,0,0,0,0,756,74.816,94.667,563.138,100,0.834833,137,13.568,26.749,38.055,0,0,0,0,2714,2714,1.00196,0,0,0,0,0,0,0,0,26312,0,0,0,0,0,680,7582,8.23045,0,0,26318.4
ls24_clean_t0000_r01,ls24_clean,17,0.218494,51000,17,1741,13.2,17.202,123.847,0,0,0,0,0,0,0,0,814,72.699,94.484,564.267,100,0.827232,132,13.4,28.3,36.4,0,0,0,0,2687,2687,1.00196,0,0,0,0,0,0,0,0,26312,0,0,0,0,0,751,7971,8.61041,0,0,26318.4
ls24_clean_t0000_r01,ls24_clean,18,0.230091,54000,18,1799,12.671,17.391,119.493,0,0,0,0,0,0,0,0,739,69.6,93.299,493.753,100,0.781827,159,13.09,28.169,66.881,0,0,0,0,2697,2697,1.00196,0,0,0,0,0,0,0,0,26312,0,0,0,0,0,677,7467,8.31287,0,0,26318.5
ls24_clean_t0000_r01,ls24_clean,19,0.241375,57000,19,1796,12.589,16.364,29.524,0,0,0,0,0,0,0,0,749,69.525,92.718,103.153,100,0.764925,158,12.593,22.608,28.197,0,0,0,0,2703,2703,1.00196,0,0,0,0,0,0,0,0,26312,0,0,0,0,0,681,7502,8.32213,0,0,26318.5
ls24_clean_t0000_r01,ls24_clean,20,0.253109,60000,20,1835,12.496,16.532,124.623,0,0,0,0,0,0,0,0,742,68.824,93.622,561.344,100,0.795001,136,13.375,25.537,34.435,0,0,0,0,2713,2713,1.00196,0,0,0,0,0,0,0,0,26312,0,0,0,0,0,678,7471,8.32004,0,0,26318.5
ls24_clean_t0000_r01,ls24_clean,21,0.264563,63000,21,1777,12.422,14.684,119.798,0,0,0,0,0,0,0,0,779,68.767,78.166,527.784,100,0.743559,154,12.442,24.094,30.896,0,0,0,0,2710,2710,1.00196,0,0,0,0,0,0,0,0,26312,0,0,0,0,0,733,7757,8.63369,0,0,26318.6
ls24_clean_t0000_r01,ls24_clean,22,0.275863,66000,22,1801,12.643,15.557,120.331,0,0,0,0,0,0,0,0,731,70.541,82.352,557.868,100,0.772951,157,12.762,24.66,32.659,0,0,0,0,2689,2689,1.00196,0,0,0,0,0,0,0,0,26312,0,0,0,0,0,669,7366,8.32607,0,0,26318.6
ls24_clean_t0000_r01,ls24_clean,23,0.288107,69000,23,1767,12.861,16.958,119.723,0,0,0,0,0,0,0,0,766,71.483,84.316,622.685,100,0.824116,136,13.033,27.8,36.527,0,0,0,0,2669,2669,1.00196,0,0,0,0,0,0,0,0,26312,0,0,0,0,0,711,7612,8.54259,0,0,26318.7
ls24_clean_t0000_r01,ls24_clean,24,0.299414,72000,24,1783,12.78,15.531,29.906,0,0,0,0,0,0,0,0,767,70.311,82.676,118.51,100,0.74967,131,13.816,27.71,38.781,0,0,0,0,2681,2681,2.00197,0,0,0,0,0,0,0,0,26312,0,0,0,0,0,685,7645,8.22329,0,0,26318.7
ls24_clean_t0000_r01,ls24_clean,25,0.310814,75000,25,1779,12.772,15.487,112.973,0,0,0,0,0,0,0,0,755,71.326,83.644,487.811,100,0.769585,170,13.113,26.439,49.895,0,0,0,0,2704,2704,2.00197,0,0,0,0,0,0,0,0,26312,0,0,0,0,0,699,7510,8.51504,0,0,26318.7
ls24_clean_t0000_r01,ls24_clean,26,0.322286,78000,26,1800,12.847,15.202,120.732,0,0,0,0,0,0,0,0,756,72.086,80.273,101.209,100,0.762583,145,13.607,29.221,38.307,0,0,0,0,2701,2701,2.00197,0,0,0,0,0,0,0,0,26312,0,0,0,0,0,709,7561,8.57316,0,0,26318.8
ls24_clean_t0000_r01,ls24_clean,27,0.33373,81000,27,1796,12.521,15.678,118.502,0,0,0,0,0,0,0,0,729,69.152,82.307,554.794,100,0.785008,154,12.963,25.295,65.471,0,0,0,0,2679,2679,2.00197,0,0,0,0,0,0,0,0,26312,0,0,0,0,0,658,7385,8.18103,0,0,26318.8
ls24_clean_t0000_r01,ls24_clean,28,0.345192,84000,28,1851,12.486,15.354,118.158,0,0,0,0,0,0,0,0,714,70.038,83.87,549.661,100,0.803398,156,13.107,27.175,34.848,0,0,0,0,2721,2721,2.00197,0,0,0,0,0,0,0,0,26312,0,0,0,0,0,689,7248,8.68086,0,0,26318.9
ls24_clean_t0000_r01,ls24_clean,29,0.356565,87000,29,1843,12.242,14.751,110.02,0,0,0,0,0,0,0,0,747,68.225,78.698,562.57,100,0.782467,155,12.351,23.099,32.912,0,0,0,0,2745,2745,2.00197,0,0,0,0,0,0,0,0,26312,0,0,0,0,0,693,7535,8.42246,0,0,26318.9
ls24_clean_t0000_r01,ls24_clean,30,0.368086,90000,30,1756,12.542,15.054,119.529,0,0,0,0,0,0,0,0,764,70.139,84.725,490.076,100,0.774589,151,13.647,28.197,37.59,0,0,0,0,2671,2671,2.00197,0,0,0,0,0,0,0,0,26312,0,0,0,0,0,705,7608,8.48069,0,0,26319
ls24_clean_t0000_r01,ls24_clean,31,0.379274,93000,31,1819,12.277,14.608,119.663,0,0,0,0,0,0,0,0,749,68.082,77.855,544.048,100,0.759857,150,12.804,25.38,36.098,0,0,0,0,2718,2718,2.00197,0,0,0,0,0,0,0,0,26312,0,0,0,0,0,675,7547,8.20968,0,0,26319
ls24_clean_t0000_r01,ls24_clean,32,0.390995,96000,32,1748,12.399,15.589,115.442,0,0,0,0,0,0,0,0,785,68.689,83.372,560.506,100,0.776505,161,12.41,22.384,37.223,0,0,0,0,2694,2694,2.00197,0,0,0,0,0,0,0,0,26312,0,0,0,0,0,731,7755,8.61419,0,0,26319
ls24_clean_t0000_r01,ls24_clean,33,0.401918,99000,33,1790,12.26,14.616,118.904,0,0,0,0,0,0,0,0,746,67.742,75.8,543.026,100,0.740546,162,11.943,30.483,42.299,0,0,0,0,2698,2698,2.00197,0,0,0,0,0,0,0,0,26312,0,0,0,0,0,702,7423,8.64,0,0,26319.1
ls24_clean_t0000_r01,ls24_clean,34,0.413237,102000,34,1048,13.05,17.725,118.958,0,0,0,0,0,0,0,0,487,71.678,84.975,97.487,100,0.765539,1274,24.429,38.952,46.668,0,0,0,0,2809,2809,3.00198,0,0,0,0,0,0,0,0,26312,0,0,0,0,0,448,4801,8.53496,0,0,26319.4
ls24_clean_t0000_r01,ls24_clean,35,0.424001,105000,35,728,13.793,16.821,37.222,0,0,0,0,0,0,0,0,308,72.712,97.029,562.707,100,0.925178,1790,22.844,36.313,42.947,0,0,0,0,2826,2826,3.00198,0,0,0,0,0,0,0,0,26312,0,0,0,0,0,289,3061,8.62687,0,0,26319.9
ls24_clean_t0000_r01,ls24_clean,36,0.434189,108000,36,743,13.412,17.505,116.697,0,0,0,0,0,0,0,0,314,69.345,77.774,88.092,100,0.740349,1812,22.578,34.778,38.692,0,0,0,0,2869,2869,4.00198,0,0,0,0,0,0,0,0,26312,0,0,0,0,0,297,3167,8.5739,0,0,26320.4
ls24_clean_t0000_r01,ls24_clean,37,0.444589,111000,37,726,13.488,15.774,117.063,0,0,0,0,0,0,0,0,304,69.265,77.395,541.951,100,0.777735,1842,23.878,35.277,38.473,0,0,0,0,2872,2872,4.00198,0,0,0,0,0,0,0,0,26312,0,0,0,0,0,293,3021,8.84128,0,0,26320.9
ls24_clean_t0000_r01,ls24_clean,38,0.454762,114000,38,778,13.476,16.342,116.078,0,0,0,0,0,0,0,0,289,70.069,77.75,543.852,100,0.772233,1766,23.597,37.279,41.374,0,0,0,0,2833,2833,5.00199,0,0,0,0,0,0,0,0,26312,0,0,0,0,0,256,2968,7.94045,0,0,26321.4
ls24_clean_t0000_r01,ls24_clean,39,0.465287,117000,39,781,13.701,17.95,117.194,0,0,0,0,0,0,0,0,283,70.691,85.836,606.054,100,0.836901,1796,23.568,36.402,43.701,0,0,0,0,2860,2860,5.00199,0,0,0,0,0,0,0,0,26312,0,0,0,0,0,257,2957,7.99627,0,0,26321.9
ls24_clean_t0000_r01,ls24_clean,40,0.47576,120000,40,735,13.655,16.536,114.089,0,0,0,0,0,0,0,0,336,68.825,76.548,552.198,100,0.752945,1803,23.303,36.256,41.183,0,0,0,0,2874,2874,6.002,0,0,0,0,0,0,0,0,26312,0,0,0,0,0,314,3254,8.80045,0,0,26322.4
ls24_clean_t0000_r01,ls24_clean,41,0.48612,123000,41,720,13.557,16.68,116.969,0,0,0,0,0,0,0,0,272,69.883,78.654,544.183,100,0.77596,1825,24.615,36.358,43.158,0,0,0,0,2817,2817,6.002,0,0,0,0,0,0,0,0,26312,0,0,0,0,0,253,2804,8.27609,0,0,26322.9
ls24_clean_t0000_r01,ls24_clean,42,0.496444,126000,42,764,13.648,16.651,112.447,0,0,0,0,0,0,0,0,314,70.308,78.672,606.974,100,0.808579,1771,23.038,35.39,39.131,0,0,0,0,2849,2849,7.00201,0,0,0,0,0,0,0,0,26312,0,0,0,0,0,287,3145,8.36247,0,0,26323.3
ls24_clean_t0000_r01,ls24_clean,43,0.506733,129000,43,751,13.759,16.523,117.232,0,0,0,0,0,0,0,0,292,69.882,79.338,529.927,100,0.768257,1825,23.528,35.535,40.015,0,0,0,0,2868,2868,7.00201,0,0,0,0,0,0,0,0,26312,0,0,0,0,0,265,2993,8.13382,0,0,26323.8
ls24_clean_t0000_r01,ls24_clean,44,0.516936,132000,44,712,13.741,17.277,119.469,0,0,0,0,0,0,0,0,307,70.138,79.299,565.535,100,0.792031,1828,21.407,35.645,39.202,0,0,0,0,2847,2847,8.00201,0,0,0,0,0,0,0,0,26312,0,0,0,0,0,287,3040,8.62639,0,0,26324.3
ls24_clean_t0000_r01,ls24_clean,45,0.52489,135000,45,697,13.411,17.644,115.751,0,0,0,0,0,0,0,0,307,70.092,79.013,255.887,100,0.760541,1820,13.097,19.907,23.408,0,0,0,0,2824,2824,8.00201,0,0,0,0,0,0,0,0,26312,0,0,0,0,0,291,3033,8.75451,0,0,26324.8
ls24_clean_t0000_r01,ls24_clean,46,0.533072,138000,46,752,13.587,16.949,119.193,0,0,0,0,0,0,0,0,274,73.283,89.496,499.248,100,0.796343,1851,13.662,21.948,32.05,0,0,0,0,2877,2877,9.00202,0,0,0,0,0,0,0,0,26312,0,0,0,0,0,241,2875,7.73427,0,0,26325.3
ls24_clean_t0000_r01,ls24_clean,47,0.541309,141000,47,739,13.474,17.792,120.248,0,0,0,0,0,0,0,0,313,71.007,82.95,543.733,100,0.790805,1773,13.121,20.821,24.536,0,0,0,0,2825,2825,9.00202,0,0,0,0,0,0,0,0,26312,0,0,0,0,0,292,3116,8.56808,0,0,26325.8
ls24_clean_t0000_r01,ls24_clean,48,0.549126,144000,48,785,13.269,15.916,116.873,0,0,0,0,0,0,0,0,282,69.77,78.539,667.681,100,0.778876,1775,12.989,20.34,24.276,0,0,0,0,2842,2842,10.002,0,0,0,0,0,0,0,0,26312,0,0,0,0,0,251,2931,7.88812,0,0,26326.3
ls24_clean_t0000_r01,ls24_clean,49,0.556944,147000,49,762,13.328,16.176,120.646,0,0,0,0,0,0,0,0,280,69.699,78.347,147.52,100,0.735407,1803,12.971,20.478,24.66,0,0,0,0,2845,2845,10.002,0,0,0,0,0,0,0,0,26312,0,0,0,0,0,258,2900,8.16973,0,0,26326.8
ls24_clean_t0000_r01,ls24_clean,50,0.564883,150000,50,717,13.34,15.801,20.793,0,0,0,0,0,0,0,0,303,69.839,78.551,479.048,100,0.761551,1846,13.095,20.276,23.31,0,0,0,0,2866,2866,11.002,0,0,0,0,0,0,0,0,26312,0,0,0,0,0,284,3040,8.54392,0,0,26327.3
ls24_clean_t0000_r01,ls24_clean,51,0.573035,153000,51,739,13.494,16.219,121.659,0,0,0,0,0,0,0,0,295,69.784,83.338,604.501,100,0.834981,1799,13.194,20.365,25.131,0,0,0,0,2833,2833,11.002,0,0,0,0,0,0,0,0,26312,0,0,0,0,0,276,2941,8.57942,0,0,26327.8
ls24_clean_t0000_r01,ls24_clean,52,0.581163,156000,52,777,13.589,16.825,116.013,0,0,0,0,0,0,0,0,285,71.493,83.218,489.057,100,0.778588,1836,13.622,21.32,27.762,0,0,0,0,2898,2898,12.002,0,0,0,0,0,0,0,0,26312,0,0,0,0,0,269,2982,8.27438,0,0,26328.3
ls24_clean_t0000_r01,ls24_clean,53,0.58915,159000,53,742,13.474,16.259,117.143,0,0,0,0,0,0,0,0,297,69.641,78.762,560.327,100,0.780701,1782,13.329,20.083,24.323,0,0,0,0,2821,2821,12.002,0,0,0,0,0,0,0,0,26312,0,0,0,0,0,285,2976,8.73965,0,0,26328.8
ls24_clean_t0000_r01,ls24_clean,54,0.597144,162000,54,744,13.457,16.759,117.851,0,0,0,0,0,0,0,0,285,69.77,79.238,557.694,100,0.78605,1821,13.17,20.434,24.694,0,0,0,0,2850,2850,13.0021,0,0,0,0,0,0,0,0,26312,0,0,0,0,0,264,2934,8.25516,0,0,26329.3
ls24_clean_t0000_r01,ls24_clean,55,0.604875,165000,55,761,13.328,16.571,118.297,0,0,0,0,0,0,0,0,260,69.78,79.612,97.393,100,0.721301,1838,13.432,20.81,27.249,0,0,0,0,2859,2859,14.0021,0,0,0,0,0,0,0,0,26312,0,0,0,0,0,245,2732,8.22976,0,0,26329.8
ls24_clean_t0000_r01,ls24_clean,56,0.613049,168000,56,739,13.544,16.914,120.492,0,0,0,0,0,0,0,0,299,70.147,81.669,562.858,100,0.780057,1805,13.47,20.739,24.315,0,0,0,0,2843,2843,14.0021,0,0,0,0,0,0,0,0,26312,0,0,0,0,0,274,3048,8.24804,0,0,26330.3
ls24_clean_t0000_r01,ls24_clean,57,0.621528,171000,57,745,13.541,16.603,118.169,0,0,0,0,0,0,0,0,304,70.602,82.521,567.266,100,0.878223,1797,13.441,21.086,24.719,0,0,0,0,2846,2846,15.0021,0,0,0,0,0,0,0,0,26312,0,0,0,0,0,272,3060,8.16327,0,0,26330.8
ls24_clean_t0000_r01,ls24_clean,58,0.629635,174000,58,713,13.503,16.416,115.1,0,0,0,0,0,0,0,0,319,69.766,78.678,553.729,100,0.779305,1827,12.958,20.259,23.779,0,0,0,0,2859,2859,15.0021,0,0,0,0,0,0,0,0,26312,0,0,0,0,0,294,3127,8.59398,0,0,26331.3
ls24_clean_t0000_r01,ls24_clean,59,0.637492,177000,59,784,13.408,16.947,119.138,0,0,0,0,0,0,0,0,308,69.699,77.924,555.836,100,0.765596,1753,12.818,18.893,21.964,0,0,0,0,2845,2845,16.0021,0,0,0,0,0,0,0,0,26312,0,0,0,0,0,277,3116,8.16387,0,0,26331.8
ls24_clean_t0000_r01,ls24_clean,60,0.645869,180000,60,774,13.513,16.661,182.277,0,0,0,0,0,0,0,0,338,70.032,78.52,523.52,100,0.777477,1741,12.896,19.824,23.089,0,0,0,0,2853,2853,16.0021,0,0,0,0,0,0,0,0,26312,0,0,0,0,0,316,3363,8.58929,0,0,26332.2
ls24_clean_t0000_r01,ls24_clean,61,0.653743,183000,61,739,13.467,16.288,116.974,0,0,0,0,0,0,0,0,295,69.946,76.411,490.502,100,0.74412,1806,13.198,19.8,24.15,0,0,0,0,2840,2840,17.0021,0,0,0,0,0,0,0,0,26312,0,0,0,0,0,269,2977,8.28712,0,0,26332.7
ls24_clean_t0000_r01,ls24_clean,62,0.661683,186000,62,786,13.487,16.25,118.088,0,0,0,0,0,0,0,0,291,69.745,79.122,546.869,100,0.784497,1789,12.966,19.868,22.965,0,0,0,0,2866,2866,17.0021,0,0,0,0,0,0,0,0,26312,0,0,0,0,0,271,3013,8.25213,0,0,26333.2
ls24_clean_t0000_r01,ls24_clean,63,0.669503,189000,63,793,13.493,15.91,24.187,0,0,0,0,0,0,0,0,307,70.25,77.652,84.278,100,0.748899,1721,12.88,19.505,22.91,0,0,0,0,2821,2821,18.0021,0,0,0,0,0,0,0,0,26312,0,0,0,0,0,285,3134,8.33577,0,0,26333.7
ls24_clean_t0000_r01,ls24_clean,64,0.677423,192000,64,751,13.458,16.809,26.097,0,0,0,0,0,0,0,0,299,69.336,78.854,518.813,100,0.778026,1826,12.884,18.989,22.369,0,0,0,0,2876,2876,18.0021,0,0,0,0,0,0,0,0,26312,0,0,0,0,0,264,3029,8.01701,0,0,26334.2
ls24_clean_t0000_r01,ls24_clean,65,0.68548,195000,65,774,13.375,16.187,117.95,0,0,0,0,0,0,0,0,298,69.401,78.478,615.793,100,0.800435,1772,12.981,19.261,22.854,0,0,0,0,2844,2844,19.0021,0,0,0,0,0,0,0,0,26312,0,0,0,0,0,282,3038,8.49398,0,0,26334.7
ls24_clean_t0000_r01,ls24_clean,66,0.693615,198000,66,758,13.521,15.887,117.616,0,0,0,0,0,0,0,0,326,69.636,77.733,510.222,100,0.762355,1780,13.298,20.659,25.499,0,0,0,0,2864,2864,19.0021,0,0,0,0,0,0,0,0,26312,0,0,0,0,0,300,3254,8.44119,0,0,26335.2
ls24_clean_t0000_r01,ls24_clean,67,0.702867,201000,67,1149,13.251,16.095,118.217,0,0,0,0,0,0,0,0,439,69.295,76.967,545.473,100,0.783078,1226,13.421,20.77,24.714,0,0,0,0,2814,2814,19.0021,0,0,0,0,0,0,0,0,26312,0,0,0,0,0,392,4492,8.02621,0,0,26335.5
ls24_clean_t0000_r01,ls24_clean,68,0.71522,204000,68,1911,13.466,16.374,120.928,0,0,0,0,0,0,0,0,782,71.598,83.709,548.373,100,0.793866,147,13.7,20.68,28.736,0,0,0,0,2840,2840,19.0021,0,0,0,0,0,0,0,0,26312,0,0,0,0,0,743,7883,8.61349,0,0,26335.5
ls24_clean_t0000_r01,ls24_clean,69,0.727158,207000,69,1951,13.309,16.305,120.179,0,0,0,0,0,0,0,0,758,70.204,82.233,483.204,100,0.766315,143,13.737,22.771,28.004,0,0,0,0,2852,2852,19.0021,0,0,0,0,0,0,0,0,26312,0,0,0,0,0,705,7704,8.38387,0,0,26335.6
ls24_clean_t0000_r01,ls24_clean,70,0.738347,210000,70,1965,13.139,15.826,33.386,0,0,0,0,0,0,0,0,721,69.128,78.456,441.925,100,0.745977,161,12.733,20.801,30.083,0,0,0,0,2847,2847,20.0021,0,0,0,0,0,0,0,0,26312,0,0,0,0,0,672,7442,8.28198,0,0,26335.6
ls24_clean_t0000_r01,ls24_clean,71,0.749984,213000,71,1972,13.106,15.636,113.265,0,0,0,0,0,0,0,0,733,68.813,78.717,550.67,100,0.778901,158,12.578,18.632,19.987,0,0,0,0,2863,2863,20.0021,0,0,0,0,0,0,0,0,26312,0,0,0,0,0,656,7605,7.94093,0,0,26335.7
ls24_clean_t0000_r01,ls24_clean,72,0.762267,216000,72,1914,13.181,15.964,119.408,0,0,0,0,0,0,0,0,796,69.277,78.619,610.718,100,0.792845,158,13.005,22.373,24.939,0,0,0,0,2868,2868,20.0021,0,0,0,0,0,0,0,0,26312,0,0,0,0,0,727,7950,8.37847,0,0,26335.7
ls24_clean_t0000_r01,ls24_clean,73,0.774067,219000,73,1962,13.157,16.063,118.498,0,0,0,0,0,0,0,0,751,69.654,81.841,535.686,100,0.773686,134,13.949,21.101,26.319,0,0,0,0,2847,2847,20.0021,0,0,0,0,0,0,0,0,26312,0,0,0,0,0,701,7676,8.36815,0,0,26335.7
ls24_clean_t0000_r01,ls24_clean,74,0.785779,222000,74,2008,13.156,16.532,119.764,0,0,0,0,0,0,0,0,731,69.762,82.807,489.945,100,0.762467,150,13.809,27.061,42.018,0,0,0,0,2889,2889,20.0021,0,0,0,0,0,0,0,0,26312,0,0,0,0,0,683,7536,8.31001,0,0,26335.8
ls24_clean_t0000_r01,ls24_clean,75,0.797514,225000,75,1912,13.266,16.551,120.074,0,0,0,0,0,0,0,0,747,69.512,79.4,533.69,100,0.77008,159,12.756,21.568,23.983,0,0,0,0,2818,2818,20.0021,0,0,0,0,0,0,0,0,26312,0,0,0,0,0,705,7632,8.45628,0,0,26335.8
ls24_clean_t0000_r01,ls24_clean,76,0.810264,228000,76,1952,13.699,18.177,120.023,0,0,0,0,0,0,0,0,766,73.56,88.982,557.374,100,0.821869,139,14.368,27.466,32.983,0,0,0,0,2857,2857,20.0021,0,0,0,0,0,0,0,0,26312,0,0,0,0,0,704,7813,8.26582,0,0,26335.9
ls24_clean_t0000_r01,ls24_clean,77,0.821816,231000,77,1996,13.272,16.618,118.86,0,0,0,0,0,0,0,0,724,70.274,81.893,533.28,100,0.764198,149,13.142,20.974,26.029,0,0,0,0,2869,2869,20.0021,0,0,0,0,0,0,0,0,26312,0,0,0,0,0,661,7495,8.10446,0,0,26335.9
ls24_clean_t0000_r01,ls24_clean,78,0.83394,234000,78,1938,13.099,16.21,117.112,0,0,0,0,0,0,0,0,751,69.307,81.078,583.183,100,0.801298,147,13.514,21.013,23.877,0,0,0,0,2836,2836,20.0021,0,0,0,0,0,0,0,0,26312,0,0,0,0,0,691,7718,8.21739,0,0,26335.9
ls24_clean_t0000_r01,ls24_clean,79,0.845711,237000,79,1914,13.229,16.013,116.762,0,0,0,0,0,0,0,0,776,68.959,79.711,540.251,100,0.768016,163,13.422,19.817,25.144,0,0,0,0,2853,2853,20.0021,0,0,0,0,0,0,0,0,26312,0,0,0,0,0,723,7791,8.4919,0,0,26336
ls24_clean_t0000_r01,ls24_clean,80,0.857543,240000,80,1966,13.13,15.949,116.228,0,0,0,0,0,0,0,0,757,69.056,79.235,550.929,100,0.785764,142,12.994,20.559,27.857,0,0,0,0,2865,2865,20.0021,0,0,0,0,0,0,0,0,26312,0,0,0,0,0,726,7710,8.60597,0,0,26336
ls24_clean_t0000_r01,ls24_clean,81,0.869293,243000,81,1982,13.098,16.062,116.841,0,0,0,0,0,0,0,0,718,69.028,78.333,557.5,100,0.797579,135,13.439,21.256,26.308,0,0,0,0,2835,2835,20.0021,0,0,0,0,0,0,0,0,26312,0,0,0,0,0,651,7503,7.98381,0,0,26336.1
ls24_clean_t0000_r01,ls24_clean,82,0.880972,246000,82,1971,13.099,16.025,119.364,0,0,0,0,0,0,0,0,741,69.086,77.836,531.405,100,0.772753,142,13.573,20.463,24.752,0,0,0,0,2854,2854,20.0021,0,0,0,0,0,0,0,0,26312,0,0,0,0,0,693,7633,8.32332,0,0,26336.1
ls24_clean_t0000_r01,ls24_clean,83,0.892656,249000,83,1922,13.098,16.362,120.11,0,0,0,0,0,0,0,0,758,68.953,76.865,442.111,100,0.743047,160,12.945,20.587,24.105,0,0,0,0,2840,2840,20.0021,0,0,0,0,0,0,0,0,26312,0,0,0,0,0,685,7679,8.18986,0,0,26336.2
ls24_clean_t0000_r01,ls24_clean,84,0.904289,252000,84,1919,13.215,16.31,118.559,0,0,0,0,0,0,0,0,766,68.962,76.896,93.158,100,0.732352,151,13.175,20.842,23.906,0,0,0,0,2836,2836,20.0021,0,0,0,0,0,0,0,0,26312,0,0,0,0,0,693,7771,8.18762,0,0,26336.2
ls24_clean_t0000_r01,ls24_clean,85,0.916399,255000,85,1957,13.129,16.465,117.216,0,0,0,0,0,0,0,0,773,68.995,79.291,611.707,100,0.779746,144,13.595,20.432,24.418,0,0,0,0,2874,2874,20.0021,0,0,0,0,0,0,0,0,26312,0,0,0,0,0,708,7842,8.2807,0,0,26336.2
ls24_clean_t0000_r01,ls24_clean,86,0.929178,258000,86,1877,13.525,19.757,120.159,0,0,0,0,0,0,0,0,798,70.013,98.23,550.189,100,0.804479,166,13.742,22.818,32.374,0,0,0,0,2841,2841,20.0021,0,0,0,0,0,0,0,0,26312,0,0,0,0,0,754,7956,8.65672,0,0,26336.3
ls24_clean_t0000_r01,ls24_clean,87,0.941736,261000,87,1937,13.435,17.728,123.062,0,0,0,0,0,0,0,0,791,69.68,94.392,602.041,100,0.795815,136,14.58,24.574,36.211,0,0,0,0,2864,2864,20.0021,0,0,0,0,0,0,0,0,26312,0,0,0,0,0,743,7969,8.52847,0,0,26336.3
ls24_clean_t0000_r01,ls24_clean,88,0.953697,264000,88,1926,13.305,17.716,115.95,0,0,0,0,0,0,0,0,755,70.114,94.626,543.876,100,0.78984,137,13.884,24.878,29.596,0,0,0,0,2818,2818,20.0021,0,0,0,0,0,0,0,0,26312,0,0,0,0,0,714,7667,8.51927,0,0,26336.4
ls24_clean_t0000_r01,ls24_clean,89,0.966104,267000,89,1925,13.373,17.672,119.156,0,0,0,0,0,0,0,0,748,69.807,95.602,606.231,100,0.830001,160,13.528,24.068,34.128,0,0,0,0,2833,2833,20.0021,0,0,0,0,0,0,0,0,26312,0,0,0,0,0,677,7653,8.12725,0,0,26336.4
ls24_clean_t0000_r01,ls24_clean,90,0.978142,270000,90,1949,13.314,17.923,120.046,0,0,0,0,0,0,0,0,774,69.596,92.368,103.701,100,0.760318,148,13.804,21.801,26.118,0,0,0,0,2871,2871,20.0021,0,0,0,0,0,0,0,0,26312,0,0,0,0,0,726,7833,8.4823,0,0,26336.4
ls24_clean_t0000_r01,ls24_clean,91,0.990009,273000,91,1946,13.473,17.77,119.21,0,0,0,0,0,0,0,0,733,70.132,93.309,555.376,100,0.794691,149,13.308,21.157,28.924,0,0,0,0,2828,2828,20.0021,0,0,0,0,0,0,0,0,26312,0,0,0,0,0,686,7542,8.33738,0,0,26336.5
ls24_clean_t0000_r01,ls24_clean,92,1.02429,276000,92,1962,13.58,19.168,120.112,0,0,0,0,0,0,0,0,751,70.883,96.2,468.77,100,0.804849,149,13.985,30.022,67.773,0,0,0,0,2862,2862,20.0021,0,0,0,0,0,0,0,0,26312,0,0,0,0,0,690,7677,8.24668,0,0,26336.5
ls24_clean_t0000_r01,ls24_clean,93,1.03698,279000,93,1951,14.629,18.781,116.879,0,0,0,0,0,0,0,0,736,76.678,96.681,471.168,100,0.845637,155,13.666,24.259,27.226,0,0,0,0,2842,2842,20.0021,0,0,0,0,0,0,0,0,26312,0,0,0,0,0,682,7547,8.28776,0,0,26336.6
ls24_clean_t0000_r01,ls24_clean,94,1.04982,282000,94,2003,14.575,19.177,118.399,0,0,0,0,0,0,0,0,713,75.816,97.19,504.078,100,0.869247,151,14.187,22.428,26.451,0,0,0,0,2867,2867,21.0021,0,0,0,0,0,0,0,0,26312,0,0,0,0,0,688,7407,8.49907,0,0,26336.6
ls24_clean_t0000_r01,ls24_clean,95,1.06274,285000,95,2009,14.081,19.34,113.935,0,0,0,0,0,0,0,0,750,74.459,95.412,578.865,100,0.863217,126,15.019,22.956,30.124,0,0,0,0,2885,2885,21.0021,0,0,0,0,0,0,0,0,26312,0,0,0,0,0,685,7706,8.16351,0,0,26336.6
ls24_clean_t0000_r01,ls24_clean,96,1.07542,288000,96,1967,14.158,18.652,124.241,0,0,0,0,0,0,0,0,724,74.491,93.237,554.174,100,0.838417,148,14.823,24.852,29.095,0,0,0,0,2839,2839,21.0021,0,0,0,0,0,0,0,0,26312,0,0,0,0,0,692,7465,8.48351,0,0,26336.7
ls24_clean_t0000_r01,ls24_clean,97,1.08761,291000,97,1921,13.923,19.318,121.267,0,0,0,0,0,0,0,0,745,73.905,95.512,105.334,100,0.779399,160,14.362,28.076,32.076,0,0,0,0,2826,2826,21.0021,0,0,0,0,0,0,0,0,26312,0,0,0,0,0,679,7612,8.1896,0,0,26336.7
ls24_clean_t0000_r01,ls24_clean,98,1.09998,294000,98,1923,13.8,18.164,120.526,0,0,0,0,0,0,0,0,746,72.913,94.341,503.486,100,0.807854,158,13.789,25.062,27.981,0,0,0,0,2827,2827,21.0021,0,0,0,0,0,0,0,0,26312,0,0,0,0,0,682,7601,8.23373,0,0,26336.8
ls24_clean_t0000_r01,ls24_clean,99,1.11185,297000,99,2003,13.702,18.126,119.801,0,0,0,0,0,0,0,0,717,71.19,94.331,119.352,100,0.787657,147,14.29,22.746,26.003,0,0,0,0,2867,2867,21.0021,0,0,0,0,0,0,0,0,26312,0,0,0,0,0,695,7426,8.55806,0,0,26336.8
ls24_clean_t0000_r01,ls24_clean,100,1.12421,300000,100,1945,13.712,18.469,122.203,0,0,0,0,0,0,0,0,723,73.187,94.813,114.223,100,0.802352,158,13.934,24.781,85.752,0,0,0,0,2826,2826,21.0021,0,0,0,0,0,0,0,0,26312,0,0,0,0,0,669,7560,8.12978,0,0,26336.9
ls24_clean_t0000_r02,ls24_clean,1,0.0132912,3000,1,1887,14.303,26.499,38.449,0,0,0,0,0,0,0,0,663,84.335,196.078,270.354,100,0.921528,148,13.956,53.965,163.206,0,0,0,0,2698,2698,1.00196,0,0,0,0,0,0,0,0,26312.1,0,0,0,0,0,1208,6936,14.833,0,0,26317.7
ls24_clean_t0000_r02,ls24_clean,2,0.0252922,6000,2,1824,13.19,19.15,24.393,0,0,0,0,0,0,0,0,728,77.555,117.132,125.074,100,0.817742,141,12.783,33.646,45.13,0,0,0,0,2693,2693,1.00196,0,0,0,0,0,0,0,0,26312.1,0,0,0,0,0,1379,7386,15.733,0,0,26317.8
ls24_clean_t0000_r02,ls24_clean,3,0.037907,9000,3,1808,12.981,19.926,30.781,0,0,0,0,0,0,0,0,739,76.993,122.776,142.956,100,0.860702,145,12.394,34.496,51.242,0,0,0,0,2692,2692,1.00196,0,0,0,0,0,0,0,0,26312.1,0,0,0,0,0,1413,7451,15.9409,0,0,26317.8
ls24_clean_t0000_r02,ls24_clean,4,0.0507235,12000,4,1749,12.751,19.386,25.719,0,0,0,0,0,0,0,0,820,72.856,119.427,126.983,100,0.829136,150,12.88,27.42,36.22,0,0,0,0,2719,2719,1.00196,0,0,0,0,0,0,0,0,26312.1,0,0,0,0,0,1556,7992,16.2966,0,0,26317.9
ls24_clean_t0000_r02,ls24_clean,5,0.0620591,15000,5,1871,12.685,17.423,22.54,0,0,0,0,0,0,0,0,699,76.441,103.143,113.27,100,0.800161,131,12.015,25.745,33.445,0,0,0,0,2701,2701,1.00196,0,0,0,0,0,0,0,0,26312.1,0,0,0,0,0,1363,7185,15.9453,0,0,26317.9
ls24_clean_t0000_r02,ls24_clean,6,0.0733837,18000,6,1758,12.295,15.738,20.107,0,0,0,0,0,0,0,0,794,73.308,90.787,97.863,100,0.749864,160,12.025,24.868,31.151,0,0,0,0,2712,2712,1.00196,0,0,0,0,0,0,0,0,26312.1,0,0,0,0,0,1548,7810,16.542,0,0,26317.9
ls24_clean_t0000_r02,ls24_clean,7,0.0844424,21000,7,1830,12.446,15.687,22.717,0,0,0,0,0,0,0,0,736,75.289,90.773,99.244,100,0.764364,146,12.082,24.453,31.735,0,0,0,0,2712,2712,1.00196,0,0,0,0,0,0,0,0,26312.1,0,0,0,0,0,1395,7429,15.8092,0,0,26318
ls24_clean_t0000_r02,ls24_clean,8,0.0955106,24000,8,1798,12.708,16.312,24.843,0,0,0,0,0,0,0,0,719,77.962,93.571,100.791,100,0.786635,154,11.493,25.812,48.089,0,0,0,0,2671,2671,1.00196,0,0,0,0,0,0,0,0,26312.1,0,0,0,0,0,1388,7276,16.0203,0,0,26318
ls24_clean_t0000_r02,ls24_clean,9,0.106635,27000,9,1799,12.299,15.509,21.449,0,0,0,0,0,0,0,0,774,74.306,87.383,96.177,100,0.751151,150,11.958,21.736,28.093,0,0,0,0,2723,2723,1.00196,0,0,0,0,0,0,0,0,26312.1,0,0,0,0,0,1474,7727,16.02,0,0,26318.1
ls24_clean_t0000_r02,ls24_clean,10,0.117778,30000,10,1777,12.359,14.903,20.567,0,0,0,0,0,0,0,0,767,74.735,88.549,102.168,100,0.756076,161,11.532,26.526,32.833,0,0,0,0,2705,2705,1.00196,0,0,0,0,0,0,0,0,26312.1,0,0,0,0,0,1462,7648,16.0483,0,0,26318.1
ls24_clean_t0000_r02,ls24_clean,11,0.128856,33000,11,1799,12.611,14.818,20.541,0,0,0,0,0,0,0,0,735,76.727,87.305,95.203,100,0.76992,160,11.729,29.895,39.657,0,0,0,0,2694,2694,1.00196,0,0,0,0,0,0,0,0,26312.1,0,0,0,0,0,1414,7435,15.9792,0,0,26318.1
ls24_clean_t0000_r02,ls24_clean,12,0.139762,36000,12,1824,12.468,14.828,19.758,0,0,0,0,0,0,0,0,750,74.345,85.807,97.184,100,0.748829,146,11.196,21.719,29.998,0,0,0,0,2720,2720,1.00196,0,0,0,0,0,0,0,0,26312.1,0,0,0,0,0,1445,7490,16.1724,0,0,26318.2
ls24_clean_t0000_r02,ls24_clean,13,0.150311,39000,13,1794,12.194,14.371,19.236,0,0,0,0,0,0,0,0,750,72.483,80.608,86.941,100,0.72483,140,11.284,18.805,25.489,0,0,0,0,2684,2684,1.00196,0,0,0,0,0,0,0,0,26312.1,0,0,0,0,0,1472,7522,16.3665,0,0,26318.2
ls24_clean_t0000_r02,ls24_clean,14,0.160803,42000,14,1819,12.076,14.362,19.018,0,0,0,0,0,0,0,0,748,70.809,82.019,88.545,100,0.714249,146,11.64,21.677,28.897,0,0,0,0,2713,2713,1.00196,0,0,0,0,0,0,0,0,26312.1,0,0,0,0,0,1465,7518,16.3086,0,0,26318.3
ls24_clean_t0000_r02,ls24_clean,15,0.171263,45000,15,1793,12.252,14.472,20.253,0,0,0,0,0,0,0,0,726,72.729,82.967,92.999,100,0.732341,168,10.756,25.446,35.733,0,0,0,0,2687,2687,1.00196,0,0,0,0,0,0,0,0,26312.1,0,0,0,0,0,1418,7324,16.2205,0,0,26318.3
ls24_clean_t0000_r02,ls24_clean,16,0.182235,48000,16,1825,12.478,14.932,19.526,0,0,0,0,0,0,0,0,757,74.607,85.329,98.566,100,0.752185,137,11.478,23.522,34.178,0,0,0,0,2719,2719,1.00196,0,0,0,0,0,0,0,0,26312.1,0,0,0,0,0,1428,7582,15.8491,0,0,26318.4
ls24_clean_t0000_r02,ls24_clean,17,0.193437,51000,17,1741,12.382,14.606,18.924,0,0,0,0,0,0,0,0,814,73.073,83.765,92.854,100,0.735742,132,11.709,19.019,23.741,0,0,0,0,2687,2687,1.00196,0,0,0,0,0,0,0,0,26312.1,0,0,0,0,0,1568,7945,16.4827,0,0,26318.4
ls24_clean_t0000_r02,ls24_clean,18,0.203886,54000,18,1799,12.114,14.38,19.892,0,0,0,0,0,0,0,0,739,71.346,81.595,93.188,100,0.721732,159,10.653,24.842,35.014,0,0,0,0,2697,2697,1.00196,0,0,0,0,0,0,0,0,26312.1,0,0,0,0,0,1411,7473,15.8825,0,0,26318.4
ls24_clean_t0000_r02,ls24_clean,19,0.214799,57000,19,1796,12.576,14.927,18.948,0,0,0,0,0,0,0,0,749,74.516,85.337,94.043,100,0.749165,158,11.687,21.308,35.35,0,0,0,0,2703,2703,1.00196,0,0,0,0,0,0,0,0,26312.1,0,0,0,0,0,1426,7506,15.9651,0,0,26318.5
ls24_clean_t0000_r02,ls24_clean,20,0.225818,60000,20,1824,12.646,15.104,20.534,0,0,0,0,0,0,0,0,738,76.169,87.042,92.944,100,0.764845,135,12.096,25.572,43.904,0,0,0,0,2697,2697,1.00196,0,0,0,0,0,0,0,0,26312.1,0,0,0,0,0,1412,7479,15.8812,0,0,26318.5
ls24_clean_t0000_r02,ls24_clean,21,0.236962,63000,21,1790,12.471,15.159,21.885,0,0,0,0,0,0,0,0,783,73.961,84.823,96.715,100,0.746853,155,11.492,19.917,37.365,0,0,0,0,2728,2728,1.00196,0,0,0,0,0,0,0,0,26312.1,0,0,0,0,0,1511,7778,16.2666,0,0,26318.6
ls24_clean_t0000_r02,ls24_clean,22,0.247216,66000,22,1799,12.077,14.1,17.785,0,0,0,0,0,0,0,0,731,71.131,81.141,87.337,100,0.717713,157,10.968,23.562,37.13,0,0,0,0,2687,2687,1.00196,0,0,0,0,0,0,0,0,26312.1,0,0,0,0,0,1393,7347,15.9382,0,0,26318.6
ls24_clean_t0000_r02,ls24_clean,23,0.2578,69000,23,1767,12.19,14.325,19.665,0,0,0,0,0,0,0,0,766,71.507,81.708,87.418,100,0.720839,136,11.605,24.339,29.368,0,0,0,0,2669,2669,1.00196,0,0,0,0,0,0,0,0,26312.1,0,0,0,0,0,1474,7645,16.1641,0,0,26318.6
ls24_clean_t0000_r02,ls24_clean,24,0.268627,72000,24,1782,12.453,14.581,19.602,0,0,0,0,0,0,0,0,765,73.662,84.009,89.852,100,0.739791,131,11.689,23.073,33.567,0,0,0,0,2678,2678,2.00197,0,0,0,0,0,0,0,0,26312.1,0,0,0,0,0,1454,7622,16.0203,0,0,26318.7
ls24_clean_t0000_r02,ls24_clean,25,0.279417,75000,25,1784,12.465,14.778,18.527,0,0,0,0,0,0,0,0,758,73.731,83.219,89.517,100,0.738943,170,10.779,23.954,33.908,0,0,0,0,2712,2712,2.00197,0,0,0,0,0,0,0,0,26312.1,0,0,0,0,0,1449,7544,16.1125,0,0,26318.7
ls24_clean_t0000_r02,ls24_clean,26,0.29011,78000,26,1796,12.262,14.897,22.003,0,0,0,0,0,0,0,0,756,72.216,85.039,94.222,100,0.731375,145,11.334,26.019,36.183,0,0,0,0,2697,2697,2.00197,0,0,0,0,0,0,0,0,26312.1,0,0,0,0,0,1461,7579,16.1615,0,0,26318.8
ls24_clean_t0000_r02,ls24_clean,27,0.300534,81000,27,1796,12.218,14.364,20.648,0,0,0,0,0,0,0,0,729,71.847,82.466,95.75,100,0.726635,155,11.445,25.75,28.94,0,0,0,0,2680,2680,2.00197,0,0,0,0,0,0,0,0,26312.1,0,0,0,0,0,1394,7385,15.8788,0,0,26318.8
ls24_clean_t0000_r02,ls24_clean,28,0.311141,84000,28,1849,12.5,14.849,21.169,0,0,0,0,0,0,0,0,712,74.375,85.957,96.318,100,0.749898,155,11.582,23.639,31.941,0,0,0,0,2716,2716,2.00197,0,0,0,0,0,0,0,0,26312.1,0,0,0,0,0,1394,7267,16.0951,0,0,26318.9
ls24_clean_t0000_r02,ls24_clean,29,0.322408,87000,29,1847,12.857,15.345,22.26,0,0,0,0,0,0,0,0,748,77.695,87.839,95.74,100,0.778375,155,11.553,22.169,28.268,0,0,0,0,2750,2750,2.00197,0,0,0,0,0,0,0,0,26312.1,0,0,0,0,0,1432,7531,15.9768,0,0,26318.9
ls24_clean_t0000_r02,ls24_clean,30,0.332909,90000,30,1754,12.121,14.503,18.436,0,0,0,0,0,0,0,0,762,71.334,81.233,87.517,100,0.717479,150,11.483,23.499,33.293,0,0,0,0,2666,2666,2.00197,0,0,0,0,0,0,0,0,26312.1,0,0,0,0,0,1463,7578,16.1818,0,0,26318.9
ls24_clean_t0000_r02,ls24_clean,31,0.343655,93000,31,1819,12.382,14.758,21.722,0,0,0,0,0,0,0,0,751,72.82,85.401,93.234,100,0.739411,151,11.9,28.226,35.75,0,0,0,0,2721,2721,2.00197,0,0,0,0,0,0,0,0,26312.1,0,0,0,0,0,1422,7554,15.8422,0,0,26319
ls24_clean_t0000_r02,ls24_clean,32,0.354627,96000,32,1749,12.463,14.86,18.904,0,0,0,0,0,0,0,0,788,73.35,82.74,92.564,100,0.736575,161,11.311,22.346,29.1,0,0,0,0,2698,2698,2.00197,0,0,0,0,0,0,0,0,26312.1,0,0,0,0,0,1507,7738,16.3007,0,0,26319
ls24_clean_t0000_r02,ls24_clean,33,0.365382,99000,33,1789,12.592,14.939,19.271,0,0,0,0,0,0,0,0,742,74.476,85.008,92.426,100,0.749581,162,11.35,22.337,32.721,0,0,0,0,2693,2693,2.00197,0,0,0,0,0,0,0,0,26312.1,0,0,0,0,0,1444,7440,16.2539,0,0,26319.1
ls24_clean_t0000_r02,ls24_clean,34,0.375907,102000,34,1048,12.949,15.4,18.731,0,0,0,0,0,0,0,0,488,74.134,84.35,89.484,100,0.743283,1272,22.252,35.343,39.749,0,0,0,0,2808,2808,2.00197,0,0,0,0,0,0,0,0,26312.1,0,0,0,0,0,938,4808,16.3244,0,0,26319.4
ls24_clean_t0000_r02,ls24_clean,35,0.38621,105000,35,728,13.853,16.292,18.993,0,0,0,0,0,0,0,0,307,76.154,86.73,92.294,100,0.763069,1782,23.926,37.152,40.708,0,0,0,0,2817,2817,3.00198,0,0,0,0,0,0,0,0,26312.1,0,0,0,0,0,590,3052,16.1999,0,0,26319.9
ls24_clean_t0000_r02,ls24_clean,36,0.396948,108000,36,745,14.368,17.097,20.736,0,0,0,0,0,0,0,0,316,78.086,86.679,91.235,100,0.784439,1824,24.071,38.508,41.722,0,0,0,0,2885,2885,4.00198,0,0,0,0,0,0,0,0,26312.1,0,0,0,0,0,612,3177,16.152,0,0,26320.4
ls24_clean_t0000_r02,ls24_clean,37,0.407894,111000,37,727,14.69,17.155,20.361,0,0,0,0,0,0,0,0,303,79.225,88.008,92.773,100,0.792193,1843,25.517,39.205,42.334,0,0,0,0,2873,2873,4.00198,0,0,0,0,0,0,0,0,26312.1,0,0,0,0,0,591,3016,16.3848,0,0,26320.9
ls24_clean_t0000_r02,ls24_clean,38,0.418611,114000,38,777,14.47,17.34,21.762,0,0,0,0,0,0,0,0,290,79.143,89.916,102.565,100,0.792961,1765,25.652,39.304,44.528,0,0,0,0,2832,2832,4.00198,0,0,0,0,0,0,0,0,26312.1,0,0,0,0,0,545,2975,15.483,0,0,26321.4
ls24_clean_t0000_r02,ls24_clean,39,0.428955,117000,39,781,14.089,16.925,20.452,0,0,0,0,0,0,0,0,282,76.47,86.037,96.67,100,0.766638,1790,24.266,39.304,48.253,0,0,0,0,2853,2853,5.00199,0,0,0,0,0,0,0,0,26312.1,0,0,0,0,0,536,2963,15.3187,0,0,26321.9
ls24_clean_t0000_r02,ls24_clean,40,0.43958,120000,40,735,14.115,16.634,18.835,0,0,0,0,0,0,0,0,336,76.51,86.702,96.154,100,0.769571,1807,23.733,37.879,46.062,0,0,0,0,2878,2878,6.002,0,0,0,0,0,0,0,0,26312.1,0,0,0,0,0,645,3280,16.4331,0,0,26322.4
ls24_clean_t0000_r02,ls24_clean,41,0.449843,123000,41,723,14.026,16.606,19.677,0,0,0,0,0,0,0,0,273,75.33,84.369,97.184,100,0.757224,1830,24.585,37.682,43.654,0,0,0,0,2826,2826,6.002,0,0,0,0,0,0,0,0,26312.1,0,0,0,0,0,527,2802,15.8306,0,0,26322.9
ls24_clean_t0000_r02,ls24_clean,42,0.460151,126000,42,761,13.969,16.712,20.476,0,0,0,0,0,0,0,0,313,75.326,84.086,89.835,100,0.753722,1764,23.926,37.501,42.291,0,0,0,0,2838,2838,7.00201,0,0,0,0,0,0,0,0,26312.1,0,0,0,0,0,595,3138,15.9389,0,0,26323.3
ls24_clean_t0000_r02,ls24_clean,43,0.470525,129000,43,751,13.754,16.375,18.861,0,0,0,0,0,0,0,0,292,73.802,82.409,89.691,100,0.740483,1826,24.32,37.968,43.072,0,0,0,0,2869,2869,7.00201,0,0,0,0,0,0,0,0,26312.1,0,0,0,0,0,558,3008,15.6478,0,0,26323.8
ls24_clean_t0000_r02,ls24_clean,44,0.480928,132000,44,712,13.824,16.344,20.073,0,0,0,0,0,0,0,0,304,73.858,83.112,92.067,100,0.743077,1825,24.629,37.235,42.203,0,0,0,0,2841,2841,8.00201,0,0,0,0,0,0,0,0,26312.1,0,0,0,0,0,590,3045,16.2311,0,0,26324.3
ls24_clean_t0000_r02,ls24_clean,45,0.49207,135000,45,697,14.22,18.343,23.235,0,0,0,0,0,0,0,0,310,76.599,97.318,107.535,100,0.784197,1831,26.499,42.211,54.235,0,0,0,0,2838,2838,9.00202,0,0,0,0,0,0,0,0,26312.1,0,0,0,0,0,593,3034,16.3496,0,0,26324.8
ls24_clean_t0000_r02,ls24_clean,46,0.503119,138000,46,748,14.666,18.134,20.871,0,0,0,0,0,0,0,0,274,78.571,99.616,107.815,100,0.801525,1837,26.837,40.754,46.332,0,0,0,0,2859,2859,9.00202,0,0,0,0,0,0,0,0,26312.1,0,0,0,0,0,513,2849,15.2588,0,0,26325.3
ls24_clean_t0000_r02,ls24_clean,47,0.511234,141000,47,744,13.76,18.011,24.492,0,0,0,0,0,0,0,0,313,75.383,97.398,107.571,100,0.776247,1781,13.21,20.704,27.121,0,0,0,0,2838,2838,9.00202,0,0,0,0,0,0,0,0,26312.1,0,0,0,0,0,601,3132,16.0997,0,0,26325.8
ls24_clean_t0000_r02,ls24_clean,48,0.519362,144000,48,784,14.081,18.295,24.56,0,0,0,0,0,0,0,0,282,78.644,103.77,111.972,100,0.81006,1774,13.354,22.201,26.509,0,0,0,0,2840,2840,10.002,0,0,0,0,0,0,0,0,26312.1,0,0,0,0,0,531,2936,15.3158,0,0,26326.3
ls24_clean_t0000_r02,ls24_clean,49,0.527648,147000,49,761,14.109,18.345,24.554,0,0,0,0,0,0,0,0,280,76.63,102.088,106.019,100,0.790099,1800,13.62,21.758,33.365,0,0,0,0,2841,2841,10.002,0,0,0,0,0,0,0,0,26312.1,0,0,0,0,0,539,2891,15.7143,0,0,26326.8
ls24_clean_t0000_r02,ls24_clean,50,0.535774,150000,50,717,13.82,17.668,21.088,0,0,0,0,0,0,0,0,304,75.869,102.285,106.704,100,0.781373,1847,13.394,20.256,23.891,0,0,0,0,2868,2868,11.002,0,0,0,0,0,0,0,0,26312.1,0,0,0,0,0,590,3034,16.2804,0,0,26327.3
ls24_clean_t0000_r02,ls24_clean,51,0.544069,153000,51,738,14.607,18.712,22.047,0,0,0,0,0,0,0,0,292,81.242,94.63,105.71,100,0.817481,1799,13.942,21.302,24.796,0,0,0,0,2829,2829,11.002,0,0,0,0,0,0,0,0,26312.1,0,0,0,0,0,563,2958,15.9898,0,0,26327.8
ls24_clean_t0000_r02,ls24_clean,52,0.55253,156000,52,778,14.318,17.531,22.424,0,0,0,0,0,0,0,0,286,80.926,93.822,100.864,100,0.814311,1838,14.359,22.325,26.61,0,0,0,0,2902,2902,12.002,0,0,0,0,0,0,0,0,26312.1,0,0,0,0,0,553,2992,15.5994,0,0,26328.3
ls24_clean_t0000_r02,ls24_clean,53,0.560985,159000,53,742,14.32,17.057,21.346,0,0,0,0,0,0,0,0,298,79.309,87.953,90.365,100,0.792241,1783,14.519,23.136,31.165,0,0,0,0,2823,2823,12.002,0,0,0,0,0,0,0,0,26312.1,0,0,0,0,0,580,2987,16.2602,0,0,26328.8
ls24_clean_t0000_r02,ls24_clean,54,0.569342,162000,54,743,14.177,17.17,21.619,0,0,0,0,0,0,0,0,284,78.212,86.929,92.543,100,0.784109,1816,15.008,22.948,26.915,0,0,0,0,2843,2843,13.0021,0,0,0,0,0,0,0,0,26312.1,0,0,0,0,0,545,2922,15.7196,0,0,26329.3
ls24_clean_t0000_r02,ls24_clean,55,0.577612,165000,55,763,14.127,17.372,21.649,0,0,0,0,0,0,0,0,261,78.618,87.25,110.924,100,0.789667,1845,15.016,23.611,29.016,0,0,0,0,2869,2869,13.0021,0,0,0,0,0,0,0,0,26312.1,0,0,0,0,0,501,2738,15.4677,0,0,26329.8
ls24_clean_t0000_r02,ls24_clean,56,0.586063,168000,56,737,14.049,16.621,20.011,0,0,0,0,0,0,0,0,299,77.476,86.401,92.715,100,0.779369,1800,14.951,23.536,28.297,0,0,0,0,2836,2836,14.0021,0,0,0,0,0,0,0,0,26312.1,0,0,0,0,0,575,3036,15.9236,0,0,26330.2
ls24_clean_t0000_r02,ls24_clean,57,0.594527,171000,57,746,14.237,16.85,21.079,0,0,0,0,0,0,0,0,305,78.236,86.162,91.958,100,0.783752,1799,14.704,23.301,26.471,0,0,0,0,2850,2850,14.0021,0,0,0,0,0,0,0,0,26312.1,0,0,0,0,0,575,3056,15.8359,0,0,26330.7
ls24_clean_t0000_r02,ls24_clean,58,0.603243,174000,58,713,14.447,17.192,21.72,0,0,0,0,0,0,0,0,319,79.069,89.322,93.809,100,0.791303,1828,14.856,23.614,27.551,0,0,0,0,2860,2860,15.0021,0,0,0,0,0,0,0,0,26312.1,0,0,0,0,0,606,3136,16.1945,0,0,26331.2
ls24_clean_t0000_r02,ls24_clean,59,0.611816,177000,59,784,14.492,17.413,21.461,0,0,0,0,0,0,0,0,307,79.682,88.411,96.154,100,0.797589,1751,14.701,24.126,27.828,0,0,0,0,2842,2842,16.0021,0,0,0,0,0,0,0,0,26312.1,0,0,0,0,0,583,3123,15.7312,0,0,26331.7
ls24_clean_t0000_r02,ls24_clean,60,0.620654,180000,60,774,14.58,17.853,22.309,0,0,0,0,0,0,0,0,338,79.812,88.188,96.698,100,0.799398,1741,14.872,23.475,26.828,0,0,0,0,2853,2853,16.0021,0,0,0,0,0,0,0,0,26312.1,0,0,0,0,0,651,3357,16.2425,0,0,26332.2
ls24_clean_t0000_r02,ls24_clean,61,0.629277,183000,61,741,14.787,17.598,21.035,0,0,0,0,0,0,0,0,296,80.667,89.599,93.726,100,0.808948,1807,15.076,23.114,27.225,0,0,0,0,2844,2844,17.0021,0,0,0,0,0,0,0,0,26312.1,0,0,0,0,0,562,3000,15.7777,0,0,26332.7
ls24_clean_t0000_r02,ls24_clean,62,0.637843,186000,62,784,14.826,17.053,19.109,0,0,0,0,0,0,0,0,290,79.956,88.916,92.131,100,0.803109,1791,15.233,23.039,26.958,0,0,0,0,2865,2865,17.0021,0,0,0,0,0,0,0,0,26312.1,0,0,0,0,0,556,2998,15.6443,0,0,26333.2
ls24_clean_t0000_r02,ls24_clean,63,0.646494,189000,63,793,14.844,18.187,21.877,0,0,0,0,0,0,0,0,307,80.398,87.756,92.775,100,0.801805,1719,15.344,24.452,28.352,0,0,0,0,2819,2819,18.0021,0,0,0,0,0,0,0,0,26312.1,0,0,0,0,0,590,3130,15.8602,0,0,26333.6
ls24_clean_t0000_r02,ls24_clean,64,0.655272,192000,64,751,14.895,18.53,27.173,0,0,0,0,0,0,0,0,299,79.134,89.897,102.108,100,0.796452,1825,15.363,24.335,30.294,0,0,0,0,2875,2875,18.0021,0,0,0,0,0,0,0,0,26312.1,0,0,0,0,0,562,3048,15.5679,0,0,26334.1
ls24_clean_t0000_r02,ls24_clean,65,0.663816,195000,65,774,14.377,17.189,21.956,0,0,0,0,0,0,0,0,299,78.164,87.284,95.974,100,0.782405,1771,15.429,23.998,27.716,0,0,0,0,2844,2844,19.0021,0,0,0,0,0,0,0,0,26312.1,0,0,0,0,0,582,3032,16.104,0,0,26334.6
ls24_clean_t0000_r02,ls24_clean,66,0.672578,198000,66,756,14.609,17.315,21.787,0,0,0,0,0,0,0,0,324,78.017,85.948,93.63,100,0.782868,1778,15.358,23.719,28.209,0,0,0,0,2858,2858,19.0021,0,0,0,0,0,0,0,0,26312.1,0,0,0,0,0,625,3240,16.1708,0,0,26335.1
ls24_clean_t0000_r02,ls24_clean,67,0.682178,201000,67,1151,14.256,17.321,22.311,0,0,0,0,0,0,0,0,440,78.511,89.268,96.501,100,0.788175,1229,15.274,24.589,27.852,0,0,0,0,2820,2820,20.0021,0,0,0,0,0,0,0,0,26312.1,0,0,0,0,0,832,4502,15.5981,0,0,26335.4
ls24_clean_t0000_r02,ls24_clean,68,0.694356,204000,68,1914,14.069,16.983,21.145,0,0,0,0,0,0,0,0,785,79.425,89.041,97.642,100,0.796527,147,13.278,25.776,30.567,0,0,0,0,2846,2846,20.0021,0,0,0,0,0,0,0,0,26312.1,0,0,0,0,0,1519,7890,16.1441,0,0,26335.5
ls24_clean_t0000_r02,ls24_clean,69,0.706223,207000,69,1949,14.101,16.85,19.724,0,0,0,0,0,0,0,0,754,78.565,86.771,92.627,100.133,0.7844,143,14.03,22.994,24.45,0,0,0,0,2846,2846,20.0021,0,0,0,0,0,0,0,0,26312.1,0,0,0,0,0,1455,7683,15.9225,0,0,26335.5
ls24_clean_t0000_r02,ls24_clean,70,0.717741,210000,70,1964,14.001,17.141,21.498,0,0,0,0,0,0,0,0,720,77.69,87.025,93.359,100,0.778544,161,13.03,21.687,27.736,0,0,0,0,2845,2845,20.0021,0,0,0,0,0,0,0,0,26312.1,0,0,0,0,0,1393,7436,15.7776,0,0,26335.6
ls24_clean_t0000_r02,ls24_clean,71,0.72954,213000,71,1971,14.01,17.135,21.727,0,0,0,0,0,0,0,0,736,77.838,87.395,97.301,100,0.784742,158,13.557,20.522,28.798,0,0,0,0,2865,2865,20.0021,0,0,0,0,0,0,0,0,26312.1,0,0,0,0,0,1387,7584,15.4609,0,0,26335.6
ls24_clean_t0000_r02,ls24_clean,72,0.741925,216000,72,1915,14.277,17.249,22.158,0,0,0,0,0,0,0,0,793,79.125,89.758,97.782,100,0.795172,158,13.654,24.296,29.934,0,0,0,0,2866,2866,20.0021,0,0,0,0,0,0,0,0,26312.1,0,0,0,0,0,1514,7945,16.0059,0,0,26335.6
ls24_clean_t0000_r02,ls24_clean,73,0.754043,219000,73,1963,14.535,17.75,22.572,0,0,0,0,0,0,0,0,752,79.83,90.065,96.845,100,0.799846,134,13.796,23.646,31.438,0,0,0,0,2849,2849,20.0021,0,0,0,0,0,0,0,0,26312.1,0,0,0,0,0,1451,7680,15.8909,0,0,26335.7
ls24_clean_t0000_r02,ls24_clean,74,0.765415,222000,74,2007,13.804,16.981,22.132,0,0,0,0,0,0,0,0,731,74.523,87.555,98.546,100,0.753254,150,13.473,27.522,31.877,0,0,0,0,2888,2888,20.0021,0,0,0,0,0,0,0,0,26312.1,0,0,0,0,0,1406,7521,15.75,0,0,26335.7
ls24_clean_t0000_r02,ls24_clean,75,0.77688,225000,75,1912,14.046,17.127,21.187,0,0,0,0,0,0,0,0,745,75.56,85.305,91.948,100,0.758221,159,13.237,23.381,30.015,0,0,0,0,2816,2816,20.0021,0,0,0,0,0,0,0,0,26312.1,0,0,0,0,0,1447,7617,15.9643,0,0,26335.8
ls24_clean_t0000_r02,ls24_clean,76,0.788887,228000,76,1956,14.432,18.909,26.021,0,0,0,0,0,0,0,0,770,76.128,89.31,105.616,100,0.772409,139,12.756,23.712,25.8,0,0,0,0,2865,2865,20.0021,0,0,0,0,0,0,0,0,26312.1,0,0,0,0,0,1464,7806,15.7929,0,0,26335.8
ls24_clean_t0000_r02,ls24_clean,77,0.800435,231000,77,1987,14.212,18.36,23.227,0,0,0,0,0,0,0,0,721,76.389,89.426,96.713,100,0.771664,149,13.393,21.546,23.841,0,0,0,0,2857,2857,20.0021,0,0,0,0,0,0,0,0,26312.1,0,0,0,0,0,1374,7494,15.4939,0,0,26335.9
ls24_clean_t0000_r02,ls24_clean,78,0.813057,234000,78,1946,14.718,22.201,26.906,0,0,0,0,0,0,0,0,754,77.074,120.769,133.213,100,0.833155,148,14.14,26.994,35.486,0,0,0,0,2848,2848,20.0021,0,0,0,0,0,0,0,0,26312.1,0,0,0,0,0,1439,7680,15.7802,0,0,26335.9
ls24_clean_t0000_r02,ls24_clean,79,0.826388,237000,79,1911,15.401,23.08,26.114,0,0,0,0,0,0,0,0,774,80.436,124.82,135.586,100,0.861884,162,14.374,23.69,33.403,0,0,0,0,2847,2847,20.0021,0,0,0,0,0,0,0,0,26312.1,0,0,0,0,0,1487,7826,15.9669,0,0,26335.9
ls24_clean_t0000_r02,ls24_clean,80,0.839584,240000,80,1964,14.946,22.418,26.653,0,0,0,0,0,0,0,0,755,80.791,125.292,134.825,100.132,0.869023,141,14.897,25.834,29.368,0,0,0,0,2860,2860,20.0021,0,0,0,0,0,0,0,0,26312.1,0,0,0,0,0,1474,7706,16.0566,0,0,26336
ls24_clean_t0000_r02,ls24_clean,81,0.852072,243000,81,1984,14.809,21.908,25.929,0,0,0,0,0,0,0,0,719,77.903,122.028,131.736,100,0.846359,136,14.625,26.706,29.227,0,0,0,0,2839,2839,20.0021,0,0,0,0,0,0,0,0,26312.1,0,0,0,0,0,1365,7494,15.4081,0,0,26336
ls24_clean_t0000_r02,ls24_clean,82,0.865277,246000,82,1972,15.559,23.042,26.143,0,0,0,0,0,0,0,0,744,80.878,126.476,136.31,100,0.875872,143,14.039,27.704,33.31,0,0,0,0,2859,2859,20.0021,0,0,0,0,0,0,0,0,26312.1,0,0,0,0,0,1431,7631,15.7912,0,0,26336.1
ls24_clean_t0000_r02,ls24_clean,83,0.878921,249000,83,1921,15.692,23.723,27.387,0,0,0,0,0,0,0,0,755,83.635,130.397,140.591,100,0.908376,159,14.473,25.516,33.008,0,0,0,0,2835,2835,20.0021,0,0,0,0,0,0,0,0,26312.1,0,0,0,0,0,1437,7700,15.7273,0,0,26336.1
ls24_clean_t0000_r02,ls24_clean,84,0.892186,252000,84,1919,15.111,22.391,24.759,0,0,0,0,0,0,0,0,766,80.443,124.714,135.156,100,0.861639,151,15.25,25.156,31.642,0,0,0,0,2836,2836,20.0021,0,0,0,0,0,0,0,0,26312.1,0,0,0,0,0,1460,7782,15.7974,0,0,26336.1
ls24_clean_t0000_r02,ls24_clean,85,0.904893,255000,85,1960,14.478,21.609,24.861,0,0,0,0,0,0,0,0,773,76.223,119.428,127.058,100,0.827362,145,13.671,23.969,30.61,0,0,0,0,2878,2878,20.0021,0,0,0,0,0,0,0,0,26312.1,0,0,0,0,0,1473,7835,15.8251,0,0,26336.2
ls24_clean_t0000_r02,ls24_clean,86,0.91838,258000,86,1874,15.084,22.691,27.559,0,0,0,0,0,0,0,0,797,79.84,126.504,133.451,100,0.857185,164,14.591,25.083,29.924,0,0,0,0,2835,2835,20.0021,0,0,0,0,0,0,0,0,26312.1,0,0,0,0,0,1546,7948,16.284,0,0,26336.2
ls24_clean_t0000_r02,ls24_clean,87,0.932194,261000,87,1936,15.663,22.261,25.991,0,0,0,0,0,0,0,0,792,83.26,128.864,140.312,100,0.891025,137,15.075,31.956,48.442,0,0,0,0,2865,2865,20.0021,0,0,0,0,0,0,0,0,26312.1,0,0,0,0,0,1522,7983,16.0126,0,0,26336.3
ls24_clean_t0000_r02,ls24_clean,88,0.94421,264000,88,1925,14.352,18.876,22.013,0,0,0,0,0,0,0,0,754,76.368,98.514,106.901,100,0.782836,137,13.745,25.434,28.424,0,0,0,0,2816,2816,20.0021,0,0,0,0,0,0,0,0,26312.1,0,0,0,0,0,1464,7642,16.0773,0,0,26336.3
ls24_clean_t0000_r02,ls24_clean,89,0.95574,267000,89,1927,13.779,17.749,20.922,0,0,0,0,0,0,0,0,748,74.139,98.211,104.614,100,0.763017,160,13.221,23.134,27.146,0,0,0,0,2835,2835,20.0021,0,0,0,0,0,0,0,0,26312.1,0,0,0,0,0,1429,7661,15.7206,0,0,26336.4
ls24_clean_t0000_r02,ls24_clean,90,0.96747,270000,90,1949,13.653,17.603,20.816,0,0,0,0,0,0,0,0,778,74.066,97.917,108.021,100,0.762984,148,13.601,22.084,28.238,0,0,0,0,2875,2875,21.0021,0,0,0,0,0,0,0,0,26312.1,0,0,0,0,0,1491,7844,15.9721,0,0,26336.4
ls24_clean_t0000_r02,ls24_clean,91,0.979068,273000,91,1946,13.772,17.767,22.543,0,0,0,0,0,0,0,0,731,75.947,98.488,105.25,100,0.777166,149,13.028,22.372,25.718,0,0,0,0,2826,2826,21.0021,0,0,0,0,0,0,0,0,26312.1,0,0,0,0,0,1415,7523,15.8313,0,0,26336.4
ls24_clean_t0000_r02,ls24_clean,92,0.990781,276000,92,1965,13.755,17.47,21.292,0,0,0,0,0,0,0,0,751,74.851,96.881,105.171,100,0.765368,149,13.432,23.151,26.6,0,0,0,0,2865,2865,21.0021,0,0,0,0,0,0,0,0,26312.1,0,0,0,0,0,1439,7677,15.7854,0,0,26336.5
ls24_clean_t0000_r02,ls24_clean,93,1.02301,279000,93,1948,13.941,19.248,31.129,0,0,0,0,0,0,0,0,735,75.098,99.791,125.159,100,0.791624,155,12.789,25.361,27.759,0,0,0,0,2838,2838,21.0021,0,0,0,0,0,0,0,0,26312.1,0,0,0,0,0,1418,7551,15.81,0,0,26336.5
ls24_clean_t0000_r02,ls24_clean,94,1.03466,282000,94,2009,14.074,18.092,23.094,0,0,0,0,0,0,0,0,716,76.728,99.057,106.741,100,0.788841,152,13.582,24.363,29.682,0,0,0,0,2877,2877,21.0021,0,0,0,0,0,0,0,0,26312.1,0,0,0,0,0,1388,7440,15.7227,0,0,26336.6
ls24_clean_t0000_r02,ls24_clean,95,1.04704,285000,95,2001,14.636,19.064,24.244,0,0,0,0,0,0,0,0,747,79.961,100.129,108.764,100,0.819766,125,14.673,23.468,25.554,0,0,0,0,2873,2873,21.0021,0,0,0,0,0,0,0,0,26312.1,0,0,0,0,0,1425,7670,15.6679,0,0,26336.6
ls24_clean_t0000_r02,ls24_clean,96,1.05907,288000,96,1969,14.437,18.433,24.421,0,0,0,0,0,0,0,0,723,79.837,99.873,106.428,100,0.81648,148,14.153,23.594,30.521,0,0,0,0,2840,2840,21.0021,0,0,0,0,0,0,0,0,26312.1,0,0,0,0,0,1410,7465,15.8873,0,0,26336.6
ls24_clean_t0000_r02,ls24_clean,97,1.07111,291000,97,1924,14.41,18.464,23.276,0,0,0,0,0,0,0,0,748,78.302,98.825,104.618,100,0.799247,160,14.419,25.82,29.053,0,0,0,0,2832,2832,21.0021,0,0,0,0,0,0,0,0,26312.1,0,0,0,0,0,1422,7633,15.704,0,0,26336.7
ls24_clean_t0000_r02,ls24_clean,98,1.08319,294000,98,1920,14.401,18.061,24.032,0,0,0,0,0,0,0,0,744,79.752,98.729,105.333,100,0.813002,158,13.854,22.955,26.509,0,0,0,0,2822,2822,21.0021,0,0,0,0,0,0,0,0,26312.1,0,0,0,0,0,1420,7600,15.7428,0,0,26336.7
ls24_clean_t0000_r02,ls24_clean,99,1.09564,297000,99,1999,14.969,18.533,24.003,0,0,0,0,0,0,0,0,714,83.885,102.081,111.103,100,0.852856,147,14.315,25.673,32.686,0,0,0,0,2860,2860,21.0021,0,0,0,0,0,0,0,0,26312.1,0,0,0,0,0,1397,7435,15.8175,0,0,26336.8
ls24_clean_t0000_r02,ls24_clean,100,1.10834,300000,100,1949,15.152,19.525,24.561,0,0,0,0,0,0,0,0,726,83.456,100.604,108.174,100,0.851025,158,14.452,25.22,40.302,0,0,0,0,2833,2833,21.0021,0,0,0,0,0,0,0,0,26312.1,0,0,0,0,0,1397,7562,15.5933,0,0,26336.8
ls24_clean_t0000_r03,ls24_clean,1,0.0366627,3000,1,1889,16.085,142.808,953.084,0,0,0,0,0,0,0,0,661,94.69,692.838,5600.65,100,2.58024,148,17.721,44.721,65.757,0,0,0,0,2698,2698,1.00196,0,0,0,0,0,0,0,0,26312,0,0,0,0,0,1364,6955,16.3962,0,0,26317.7
ls24_clean_t0000_r03,ls24_clean,2,0.137688,6000,2,1818,22.006,1462.88,3442.22,0,0,0,0,0,0,0,0,722,143.32,4039.73,11687.8,100,6.44845,141,30.134,76.32,104.488,0,0,0,0,2681,2681,1.00196,0,0,0,0,0,0,0,0,26312,0,0,0,0,0,1564,7367,17.512,0,0,26317.7
ls24_clean_t0000_r03,ls24_clean,3,0.166222,9000,3,1810,17.838,150.565,214.907,0,0,0,0,0,0,0,0,740,125.05,744.905,884.97,100,2.01471,145,21.518,50.451,67.723,0,0,0,0,2695,2695,1.00196,0,0,0,0,0,0,0,0,26312,0,0,0,0,0,1598,7457,17.6477,0,0,26317.8
ls24_clean_t0000_r03,ls24_clean,4,0.196152,12000,4,1753,17.836,144.592,198.207,0,0,0,0,0,0,0,0,826,123.974,741.269,914.87,100,2.04307,150,18.464,36.649,44.434,0,0,0,0,2729,2729,1.00196,0,0,0,0,0,0,0,0,26312,0,0,0,0,0,1768,8005,18.0907,0,0,26317.8
ls24_clean_t0000_r03,ls24_clean,5,0.221382,15000,5,1869,16.922,137.176,209.053,0,0,0,0,0,0,0,0,697,110.81,687.192,796.145,100,1.81706,131,18.668,32.117,39.863,0,0,0,0,2697,2697,1.00196,0,0,0,0,0,0,0,0,26312,0,0,0,0,0,1549,7198,17.7089,0,0,26317.8
ls24_clean_t0000_r03,ls24_clean,6,0.246948,18000,6,1756,16.856,136.086,203.768,0,0,0,0,0,0,0,0,796,102.735,673.118,830.012,100,1.66616,160,18.487,30.645,38.643,0,0,0,0,2712,2712,1.00196,0,0,0,0,0,0,0,0,26312,0,0,0,0,0,1738,7816,18.1913,0,0,26317.9
ls24_clean_t0000_r03,ls24_clean,7,0.292163,21000,7,1825,17.124,187.504,1787.01,0,0,0,0,0,0,0,0,728,106.242,727.466,5016.02,100,2.70178,146,18.954,43.007,80.341,0,0,0,0,2699,2699,1.00196,0,0,0,0,0,0,0,0,26312,0,0,0,0,0,1566,7433,17.4019,0,0,26317.9
ls24_clean_t0000_r03,ls24_clean,8,0.380647,24000,8,1805,25.274,1212.05,3337.99,0,0,0,0,0,0,0,0,727,160.421,2163,10480.9,100,5.46404,154,32.969,72.417,83.796,0,0,0,0,2686,2686,1.00196,0,0,0,0,0,0,0,0,26312,0,0,0,0,0,1573,7264,17.8002,0,0,26318
ls24_clean_t0000_r03,ls24_clean,9,0.416554,27000,9,1791,17.999,177.319,1604.21,0,0,0,0,0,0,0,0,771,110.416,739.02,2323.55,100,2.15614,150,22.653,49.87,61.801,0,0,0,0,2712,2712,1.00196,0,0,0,0,0,0,0,0,26312,0,0,0,0,0,1688,7719,17.9441,0,0,26318
ls24_clean_t0000_r03,ls24_clean,10,0.444599,30000,10,1785,16.741,134.344,214.082,0,0,0,0,0,0,0,0,767,103.228,724.995,959.279,100.13,1.87621,160,18.297,40.6,51.72,0,0,0,0,2712,2712,1.00196,0,0,0,0,0,0,0,0,26312,0,0,0,0,0,1645,7633,17.7301,0,0,26318.1
ls24_clean_t0000_r03,ls24_clean,11,0.476132,33000,11,1803,17.034,142.813,634.224,0,0,0,0,0,0,0,0,738,103.892,701.563,2115.19,100,2.02665,162,18.177,37.668,57.678,0,0,0,0,2703,2703,1.00196,0,0,0,0,0,0,0,0,26312,0,0,0,0,0,1598,7401,17.7575,0,0,26318.1
ls24_clean_t0000_r03,ls24_clean,12,0.502675,36000,12,1810,16.694,137.69,206.642,0,0,0,0,0,0,0,0,744,103.491,699.127,802.756,100,1.81858,144,17.865,31.128,43.181,0,0,0,0,2698,2698,1.00196,0,0,0,0,0,0,0,0,26312,0,0,0,0,0,1650,7481,18.0703,0,0,26318.1
ls24_clean_t0000_r03,ls24_clean,13,0.529209,39000,13,1799,16.45,135.558,209.892,0,0,0,0,0,0,0,0,753,100.914,697.95,836.075,100,1.78101,141,17.943,26.226,36.193,0,0,0,0,2693,2693,1.00196,0,0,0,0,0,0,0,0,26312,0,0,0,0,0,1668,7491,18.2116,0,0,26318.2
ls24_clean_t0000_r03,ls24_clean,14,0.557536,42000,14,1817,16.66,150.054,294.716,0,0,0,0,0,0,0,0,747,101.512,675.01,2184.49,100,1.8735,144,18.484,34.189,42.305,0,0,0,0,2708,2708,1.00196,0,0,0,0,0,0,0,0,26312,0,0,0,0,0,1640,7512,17.9196,0,0,26318.2
ls24_clean_t0000_r03,ls24_clean,15,0.585019,45000,15,1800,16.648,134.233,230.868,0,0,0,0,0,0,0,0,730,102.393,676.71,939.309,100,1.81354,170,18.047,36.457,46.613,0,0,0,0,2700,2700,1.00196,0,0,0,0,0,0,0,0,26312,0,0,0,0,0,1597,7307,17.9358,0,0,26318.3
ls24_clean_t0000_r03,ls24_clean,16,0.609752,48000,16,1806,16.484,132.485,200.886,0,0,0,0,0,0,0,0,754,102.793,669.537,847.56,100,1.7117,137,17.891,28.067,43.897,0,0,0,0,2697,2697,1.00196,0,0,0,0,0,0,0,0,26312,0,0,0,0,0,1619,7562,17.6342,0,0,26318.3
ls24_clean_t0000_r03,ls24_clean,17,0.643617,51000,17,1756,16.984,139.498,354.075,0,0,0,0,0,0,0,0,815,104.984,742.963,2491.22,100,2.16303,132,18.806,33.594,39.756,0,0,0,0,2703,2703,1.00196,0,0,0,0,0,0,0,0,26312,0,0,0,0,0,1761,7960,18.1154,0,0,26318.3
ls24_clean_t0000_r03,ls24_clean,18,0.671285,54000,18,1801,16.875,139.22,265.428,0,0,0,0,0,0,0,0,738,102.161,669.116,943.269,100,1.75488,159,18.678,34.002,44.215,0,0,0,0,2698,2698,1.00196,0,0,0,0,0,0,0,0,26312,0,0,0,0,0,1591,7480,17.5394,0,0,26318.4
ls24_clean_t0000_r03,ls24_clean,19,0.696507,57000,19,1796,16.925,134.861,212.665,0,0,0,0,0,0,0,0,750,104.468,668.191,813.596,100,1.74983,158,18.606,40.079,45.249,0,0,0,0,2704,2704,1.00196,0,0,0,0,0,0,0,0,26312,0,0,0,0,0,1617,7512,17.7128,0,0,26318.4
ls24_clean_t0000_r03,ls24_clean,20,0.722906,60000,20,1825,16.594,134.11,208.281,0,0,0,0,0,0,0,0,740,103.567,704.685,906.248,100,1.74267,135,18.439,35.929,52.221,0,0,0,0,2700,2700,1.00196,0,0,0,0,0,0,0,0,26312,0,0,0,0,0,1603,7490,17.6289,0,0,26318.5
ls24_clean_t0000_r03,ls24_clean,21,0.754357,63000,21,1792,17.025,150.74,332.453,0,0,0,0,0,0,0,0,784,104.114,732.147,2477.49,100,2.03391,155,19.272,34.515,48.514,0,0,0,0,2731,2731,1.00196,0,0,0,0,0,0,0,0,26312,0,0,0,0,0,1737,7756,18.2977,0,0,26318.5
ls24_clean_t0000_r03,ls24_clean,22,0.781343,66000,22,1796,16.377,133.575,208.376,0,0,0,0,0,0,0,0,729,100.711,677.924,853.71,100,1.83906,157,18.249,32.163,50.62,0,0,0,0,2682,2682,1.00196,0,0,0,0,0,0,0,0,26312,0,0,0,0,0,1567,7359,17.5555,0,0,26318.6
ls24_clean_t0000_r03,ls24_clean,23,0.812396,69000,23,1767,16.877,140.902,575.363,0,0,0,0,0,0,0,0,765,102.855,679.28,2307.87,100,1.97869,136,19.71,31.971,45.865,0,0,0,0,2668,2668,1.00196,0,0,0,0,0,0,0,0,26312,0,0,0,0,0,1654,7632,17.8118,0,0,26318.6
ls24_clean_t0000_r03,ls24_clean,24,0.838956,72000,24,1782,16.733,136.9,246.138,0,0,0,0,0,0,0,0,765,102.887,681.558,835.928,100,1.75526,131,18.922,34.33,40.93,0,0,0,0,2678,2678,2.00197,0,0,0,0,0,0,0,0,26312,0,0,0,0,0,1620,7639,17.4965,0,0,26318.6
ls24_clean_t0000_r03,ls24_clean,25,0.86581,75000,25,1771,16.647,134.038,285.492,0,0,0,0,0,0,0,0,756,102.137,691.243,875.619,100,1.78404,169,18.342,38.573,67.475,0,0,0,0,2696,2696,2.00197,0,0,0,0,0,0,0,0,26312,0,0,0,0,0,1628,7537,17.7632,0,0,26318.7
ls24_clean_t0000_r03,ls24_clean,26,0.894698,78000,26,1800,16.712,136.454,594.275,0,0,0,0,0,0,0,0,757,101.869,671.757,1112.64,100,1.81243,145,19.726,37.97,46.551,0,0,0,0,2702,2702,2.00197,0,0,0,0,0,0,0,0,26312,0,0,0,0,0,1641,7534,17.8856,0,0,26318.7
ls24_clean_t0000_r03,ls24_clean,27,0.926325,81000,27,1807,16.671,134.897,352.527,0,0,0,0,0,0,0,0,729,103.255,737.874,2843.94,100,2.20159,156,19.716,40.938,53.148,0,0,0,0,2692,2692,2.00197,0,0,0,0,0,0,0,0,26312,0,0,0,0,0,1562,7373,17.4818,0,0,26318.8
ls24_clean_t0000_r03,ls24_clean,28,0.952372,84000,28,1849,16.488,130.382,196.294,0,0,0,0,0,0,0,0,713,102.53,704.772,900.63,100,1.94181,155,18.37,33.56,48.441,0,0,0,0,2717,2717,2.00197,0,0,0,0,0,0,0,0,26312,0,0,0,0,0,1578,7258,17.8588,0,0,26318.8
ls24_clean_t0000_r03,ls24_clean,29,0.979708,87000,29,1841,16.894,136.355,222.4,0,0,0,0,0,0,0,0,748,104.992,684.352,1041.27,100,1.82593,155,18.703,34.75,39.51,0,0,0,0,2744,2744,2.00197,0,0,0,0,0,0,0,0,26312,0,0,0,0,0,1632,7532,17.8088,0,0,26318.9
ls24_clean_t0000_r03,ls24_clean,30,1.01647,90000,30,1759,17.222,146.113,859.815,0,0,0,0,0,0,0,0,762,106.284,682.936,1656.32,100,1.92096,149,20.242,49.506,65.916,0,0,0,0,2670,2670,2.00197,0,0,0,0,0,0,0,0,26312,0,0,0,0,0,1657,7580,17.9387,0,0,26318.9
ls24_clean_t0000_r03,ls24_clean,31,1.04386,93000,31,1807,16.906,139.836,249.714,0,0,0,0,0,0,0,0,749,103.415,664.199,868.893,100,1.8025,148,19.262,34.951,47.766,0,0,0,0,2704,2704,2.00197,0,0,0,0,0,0,0,0,26312,0,0,0,0,0,1615,7556,17.6099,0,0,26318.9
ls24_clean_t0000_r03,ls24_clean,32,1.07233,96000,32,1762,17.106,134.869,265.536,0,0,0,0,0,0,0,0,787,104.373,668.441,956.673,100,1.79081,164,18.634,36.644,54.07,0,0,0,0,2713,2713,2.00197,0,0,0,0,0,0,0,0,26312,0,0,0,0,0,1700,7768,17.9552,0,0,26319
ls24_clean_t0000_r03,ls24_clean,33,1.09726,99000,33,1784,16.583,130.692,198,0,0,0,0,0,0,0,0,739,102.347,675.717,816.704,100,1.77005,160,18.401,30.864,39.066,0,0,0,0,2683,2683,2.00197,0,0,0,0,0,0,0,0,26312,0,0,0,0,0,1612,7432,17.824,0,0,26319
ls24_clean_t0000_r03,ls24_clean,34,1.1224,102000,34,1048,17.724,139.889,1157.85,0,0,0,0,0,0,0,0,495,106.396,732.82,2906.24,100,2.05669,1257,24.836,53.874,67.612,0,0,0,0,2800,2800,3.00198,0,0,0,0,0,0,0,0,26312,0,0,0,0,0,1061,4795,18.1182,0,0,26319.4
ls24_clean_t0000_r03,ls24_clean,35,1.13921,105000,35,733,18.803,133.663,197.269,0,0,0,0,0,0,0,0,308,108.146,641.8,756.218,100,1.6483,1808,28.506,51.315,58.797,0,0,0,0,2849,2849,3.00198,0,0,0,0,0,0,0,0,26312,0,0,0,0,0,667,3055,17.9205,0,0,26319.9
ls24_clean_t0000_r03,ls24_clean,36,1.15551,108000,36,742,18.543,133.209,195.642,0,0,0,0,0,0,0,0,314,104.475,650.952,773.424,100,1.55133,1811,26.419,45.69,54.744,0,0,0,0,2867,2867,4.00198,0,0,0,0,0,0,0,0,26312,0,0,0,0,0,678,3160,17.6655,0,0,26320.4
ls24_clean_t0000_r03,ls24_clean,37,1.17208,111000,37,721,18.201,130.377,195.63,0,0,0,0,0,0,0,0,305,104.546,679.851,767.979,100,1.81653,1837,25.408,46.237,52.691,0,0,0,0,2863,2863,4.00198,0,0,0,0,0,0,0,0,26312,0,0,0,0,0,670,3014,18.1868,0,0,26320.9
ls24_clean_t0000_r03,ls24_clean,38,1.18869,114000,38,779,18.477,134.422,200.85,0,0,0,0,0,0,0,0,289,107.648,684.65,815.025,100,1.82536,1770,25.841,46.764,53.638,0,0,0,0,2838,2838,5.00199,0,0,0,0,0,0,0,0,26312,0,0,0,0,0,619,2967,17.2616,0,0,26321.4
ls24_clean_t0000_r03,ls24_clean,39,1.20496,117000,39,786,18.457,131.541,200.609,0,0,0,0,0,0,0,0,278,105.777,671.212,729.287,100,1.69439,1789,26.734,47.541,53.702,0,0,0,0,2853,2853,5.00199,0,0,0,0,0,0,0,0,26312,0,0,0,0,0,598,2955,16.8308,0,0,26321.9
ls24_clean_t0000_r03,ls24_clean,40,1.22293,120000,40,737,18.861,134.102,200.584,0,0,0,0,0,0,0,0,341,107.093,730.167,905.839,100,1.97208,1814,25.674,46.172,54.187,0,0,0,0,2892,2892,6.002,0,0,0,0,0,0,0,0,26312,0,0,0,0,0,711,3289,17.775,0,0,26322.4
ls24_clean_t0000_r03,ls24_clean,41,1.23945,123000,41,718,19.138,151.145,199.441,0,0,0,0,0,0,0,0,270,107.935,629.424,801.23,100,1.71625,1821,27.904,49.29,60.845,0,0,0,0,2809,2809,6.002,0,0,0,0,0,0,0,0,26312,0,0,0,0,0,602,2802,17.6851,0,0,26322.9
ls24_clean_t0000_r03,ls24_clean,42,1.25623,126000,42,763,18.807,132.897,198.204,0,0,0,0,0,0,0,0,314,107.025,639.558,751.085,100,1.68065,1767,27.922,47.947,57.25,0,0,0,0,2844,2844,7.00201,0,0,0,0,0,0,0,0,26312,0,0,0,0,0,682,3123,17.9238,0,0,26323.3
ls24_clean_t0000_r03,ls24_clean,43,1.27275,129000,43,753,18.831,132.38,197.995,0,0,0,0,0,0,0,0,291,106.629,626.852,766.428,100,1.63041,1826,27.953,49.372,56.063,0,0,0,0,2870,2870,7.00201,0,0,0,0,0,0,0,0,26312,0,0,0,0,0,621,2995,17.1737,0,0,26323.8
ls24_clean_t0000_r03,ls24_clean,44,1.28908,132000,44,713,18.772,131.148,197.89,0,0,0,0,0,0,0,0,307,105.247,651.697,738.093,100,1.62084,1830,28.657,48.375,57.959,0,0,0,0,2850,2850,8.00201,0,0,0,0,0,0,0,0,26312,0,0,0,0,0,662,3070,17.7385,0,0,26324.3
ls24_clean_t0000_r03,ls24_clean,45,1.30544,135000,45,697,18.663,131.17,196.622,0,0,0,0,0,0,0,0,308,105.222,668.114,745.579,100,1.60513,1826,28.128,47.816,55.777,0,0,0,0,2831,2831,9.00202,0,0,0,0,0,0,0,0,26312,0,0,0,0,0,678,3037,18.2503,0,0,26324.8
ls24_clean_t0000_r03,ls24_clean,46,1.32154,138000,46,745,18.639,131.923,198.342,0,0,0,0,0,0,0,0,274,105.818,614.556,753.12,100,1.56814,1835,29.914,50.668,57.948,0,0,0,0,2854,2854,9.00202,0,0,0,0,0,0,0,0,26312,0,0,0,0,0,583,2855,16.9575,0,0,26325.3
ls24_clean_t0000_r03,ls24_clean,47,1.33804,141000,47,741,18.7,132.293,199.164,0,0,0,0,0,0,0,0,313,105.96,620.179,872.955,100,1.59086,1773,28.391,48.028,56.539,0,0,0,0,2827,2827,10.002,0,0,0,0,0,0,0,0,26312,0,0,0,0,0,678,3112,17.8892,0,0,26325.8
ls24_clean_t0000_r03,ls24_clean,48,1.35388,144000,48,790,18.734,131.138,197.606,0,0,0,0,0,0,0,0,283,107.151,609.847,703.565,100,1.47744,1793,30.03,50.795,57.063,0,0,0,0,2866,2866,10.002,0,0,0,0,0,0,0,0,26312,0,0,0,0,0,593,2940,16.7846,0,0,26326.3
ls24_clean_t0000_r03,ls24_clean,49,1.37013,147000,49,760,18.994,128.781,192.136,0,0,0,0,0,0,0,0,280,106.969,660.307,757.481,100,1.70397,1787,28.45,47.979,52.682,0,0,0,0,2827,2827,11.002,0,0,0,0,0,0,0,0,26312,0,0,0,0,0,609,2891,17.4,0,0,26326.8
ls24_clean_t0000_r03,ls24_clean,50,1.38764,150000,50,719,19.212,133.683,201.768,0,0,0,0,0,0,0,0,304,107.574,686.213,754.252,100,1.84865,1856,27.68,46.831,54.474,0,0,0,0,2879,2879,11.002,0,0,0,0,0,0,0,0,26312,0,0,0,0,0,660,3027,17.9007,0,0,26327.3
ls24_clean_t0000_r03,ls24_clean,51,1.4041,153000,51,737,19.141,133.615,199.544,0,0,0,0,0,0,0,0,293,107.051,650.359,742.457,100,1.61664,1801,29.335,49.54,55.663,0,0,0,0,2831,2831,12.002,0,0,0,0,0,0,0,0,26312,0,0,0,0,0,628,2968,17.4638,0,0,26327.8
ls24_clean_t0000_r03,ls24_clean,52,1.42099,156000,52,773,18.957,136.789,202.797,0,0,0,0,0,0,0,0,285,107.943,655.546,750.492,100,1.66041,1819,28.1,48.639,57.94,0,0,0,0,2877,2877,12.002,0,0,0,0,0,0,0,0,26312,0,0,0,0,0,620,2970,17.2702,0,0,26328.3
ls24_clean_t0000_r03,ls24_clean,53,1.43574,159000,53,747,18.127,131.599,197.298,0,0,0,0,0,0,0,0,299,106.334,697.889,794.392,100,1.88538,1802,16.201,31.684,43.751,0,0,0,0,2848,2848,13.0021,0,0,0,0,0,0,0,0,26312,0,0,0,0,0,658,2974,18.1167,0,0,26328.8
ls24_clean_t0000_r03,ls24_clean,54,1.44949,162000,54,743,18.291,134.216,200.372,0,0,0,0,0,0,0,0,282,103.952,625.702,736.958,100,1.64472,1816,16.598,26.335,31.032,0,0,0,0,2841,2841,14.0021,0,0,0,0,0,0,0,0,26312,0,0,0,0,0,607,2920,17.2101,0,0,26329.3
ls24_clean_t0000_r03,ls24_clean,55,1.46277,165000,55,761,18.307,134.424,199.644,0,0,0,0,0,0,0,0,262,104.502,661.106,747.211,100,1.65594,1838,17.333,28.133,36.637,0,0,0,0,2861,2861,15.0021,0,0,0,0,0,0,0,0,26312,0,0,0,0,0,577,2744,17.3743,0,0,26329.8
ls24_clean_t0000_r03,ls24_clean,56,1.47616,168000,56,738,18.247,131.818,198.465,0,0,0,0,0,0,0,0,300,104.994,610.803,714.186,100,1.52512,1805,16.975,28.105,33.062,0,0,0,0,2843,2843,15.0021,0,0,0,0,0,0,0,0,26312,0,0,0,0,0,650,3046,17.5866,0,0,26330.3
ls24_clean_t0000_r03,ls24_clean,57,1.49014,171000,57,746,18.479,132.451,199.087,0,0,0,0,0,0,0,0,305,105.105,626.834,745.622,100,1.63131,1797,17.142,28.471,34.449,0,0,0,0,2848,2848,15.0021,0,0,0,0,0,0,0,0,26312,0,0,0,0,0,661,3065,17.7402,0,0,26330.8
ls24_clean_t0000_r03,ls24_clean,58,1.50433,174000,58,708,18.514,132.744,198.156,0,0,0,0,0,0,0,0,318,105.187,640.8,724.861,100,1.6267,1818,16.942,28.824,34.243,0,0,0,0,2844,2844,16.0021,0,0,0,0,0,0,0,0,26312,0,0,0,0,0,689,3132,18.0319,0,0,26331.3
ls24_clean_t0000_r03,ls24_clean,59,1.51923,177000,59,787,18.428,131.451,200.537,0,0,0,0,0,0,0,0,304,106.868,671.8,779.565,100,1.85769,1756,16.57,28.367,32.932,0,0,0,0,2847,2847,16.0021,0,0,0,0,0,0,0,0,26312,0,0,0,0,0,642,3132,17.0111,0,0,26331.8
ls24_clean_t0000_r03,ls24_clean,60,1.53461,180000,60,777,18.585,136.902,201.204,0,0,0,0,0,0,0,0,342,105.982,697.231,753.585,100,1.85637,1750,15.886,28.017,33.057,0,0,0,0,2869,2869,17.0021,0,0,0,0,0,0,0,0,26312,0,0,0,0,0,727,3387,17.6714,0,0,26332.3
ls24_clean_t0000_r03,ls24_clean,61,1.55593,183000,61,735,18.672,196.725,1345.57,0,0,0,0,0,0,0,0,292,107.437,756.706,4980.76,100,2.889,1798,15.52,27.805,34.757,0,0,0,0,2825,2825,17.0021,0,0,0,0,0,0,0,0,26312,0,0,0,0,0,627,2981,17.378,0,0,26332.7
ls24_clean_t0000_r03,ls24_clean,62,1.57394,186000,62,784,19.03,179.646,1297.14,0,0,0,0,0,0,0,0,292,108.691,733.334,2679.05,100,2.03721,1779,16.197,28.587,37.859,0,0,0,0,2855,2855,18.0021,0,0,0,0,0,0,0,0,26312,0,0,0,0,0,631,3002,17.3686,0,0,26333.2
ls24_clean_t0000_r03,ls24_clean,63,1.59206,189000,63,797,18.988,169.339,1070.51,0,0,0,0,0,0,0,0,306,109.939,665.383,2758.33,100,2.16742,1736,17.29,32.266,40.802,0,0,0,0,2839,2839,18.0021,0,0,0,0,0,0,0,0,26312,0,0,0,0,0,673,3127,17.7105,0,0,26333.7
ls24_clean_t0000_r03,ls24_clean,64,1.60772,192000,64,750,18.705,133.146,200.997,0,0,0,0,0,0,0,0,302,107.703,726.701,932.717,100,2.15552,1823,17.106,29.971,36.448,0,0,0,0,2875,2875,19.0021,0,0,0,0,0,0,0,0,26312,0,0,0,0,0,640,3054,17.3254,0,0,26334.2
ls24_clean_t0000_r03,ls24_clean,65,1.62788,195000,65,770,18.407,138.978,1662.05,0,0,0,0,0,0,0,0,297,107.686,727.1,5152.6,100,2.61929,1762,16.597,29.622,36.981,0,0,0,0,2829,2829,20.0021,0,0,0,0,0,0,0,0,26312,0,0,0,0,0,665,3015,18.0707,0,0,26334.7
ls24_clean_t0000_r03,ls24_clean,66,1.64795,198000,66,752,19.747,145.733,1654.1,0,0,0,0,0,0,0,0,325,109.913,761.767,2611.18,100,2.26352,1766,16.994,30.824,43.479,0,0,0,0,2843,2843,20.0021,0,0,0,0,0,0,0,0,26312,0,0,0,0,0,700,3250,17.7215,0,0,26335.2
ls24_clean_t0000_r03,ls24_clean,67,1.66999,201000,67,1160,18.879,148.138,1160.23,0,0,0,0,0,0,0,0,440,109.685,691.421,816.257,100,1.88227,1255,17.09,31.629,40.594,0,0,0,0,2855,2855,20.0021,0,0,0,0,0,0,0,0,26312,0,0,0,0,0,933,4504,17.1602,0,0,26335.5
ls24_clean_t0000_r03,ls24_clean,68,1.69985,204000,68,1911,18.223,134.989,215.592,0,0,0,0,0,0,0,0,779,104.635,680.947,1640.13,100,1.91877,146,19.978,35.335,42.051,0,0,0,0,2836,2836,20.0021,0,0,0,0,0,0,0,0,26312,0,0,0,0,0,1733,7887,18.0146,0,0,26335.5
ls24_clean_t0000_r03,ls24_clean,69,1.73621,207000,69,1962,20.601,144.548,1433.73,0,0,0,0,0,0,0,0,765,116.102,701.505,1685.92,100,2.07384,144,23.136,38.853,49.768,0,0,0,0,2871,2871,20.0021,0,0,0,0,0,0,0,0,26312,0,0,0,0,0,1639,7740,17.4752,0,0,26335.6
ls24_clean_t0000_r03,ls24_clean,70,1.7742,210000,70,1949,20.161,156.94,1695.95,0,0,0,0,0,0,0,0,712,117.067,718.055,2462.18,100,2.18117,160,22.517,37.464,50.253,0,0,0,0,2821,2821,21.0021,0,0,0,0,0,0,0,0,26312,0,0,0,0,0,1559,7413,17.3763,0,0,26335.6
ls24_clean_t0000_r03,ls24_clean,71,1.80329,213000,71,1979,19.151,136.013,229.652,0,0,0,0,0,0,0,0,739,108.12,678.691,892.805,100,1.93237,158,20.286,36.757,42.041,0,0,0,0,2876,2876,21.0021,0,0,0,0,0,0,0,0,26312,0,0,0,0,0,1567,7615,17.066,0,0,26335.7
ls24_clean_t0000_r03,ls24_clean,72,1.82937,216000,72,1914,18.474,133.44,199.978,0,0,0,0,0,0,0,0,794,105.764,663.804,745.785,100,1.68747,159,20,32.47,36.409,0,0,0,0,2867,2867,21.0021,0,0,0,0,0,0,0,0,26312,0,0,0,0,0,1725,7944,17.8405,0,0,26335.7
ls24_clean_t0000_r03,ls24_clean,73,1.85436,219000,73,1960,18.391,134.971,199.681,0,0,0,0,0,0,0,0,751,105.806,655.997,792.201,100,1.65886,134,20.012,29.805,34.816,0,0,0,0,2845,2845,21.0021,0,0,0,0,0,0,0,0,26312,0,0,0,0,0,1644,7681,17.63,0,0,26335.8
ls24_clean_t0000_r03,ls24_clean,74,1.88027,222000,74,1999,18.207,134.149,199.529,0,0,0,0,0,0,0,0,729,103.574,661.729,774.282,100,1.7553,150,20.335,31.193,41.424,0,0,0,0,2878,2878,21.0021,0,0,0,0,0,0,0,0,26312,0,0,0,0,0,1600,7532,17.5208,0,0,26335.8
ls24_clean_t0000_r03,ls24_clean,75,1.91707,225000,75,1913,18.561,140.64,868.635,0,0,0,0,0,0,0,0,745,106.029,712.079,3636.19,100,2.41543,158,20.421,34.843,42.586,0,0,0,0,2816,2816,21.0021,0,0,0,0,0,0,0,0,26312,0,0,0,0,0,1644,7624,17.7385,0,0,26335.8
ls24_clean_t0000_r03,ls24_clean,76,1.94883,228000,76,1961,19.201,140.343,986.253,0,0,0,0,0,0,0,0,771,107.9,692.46,1034.32,100,1.85439,140,22.307,41.773,45.516,0,0,0,0,2872,2872,21.0021,0,0,0,0,0,0,0,0,26312,0,0,0,0,0,1631,7834,17.2319,0,0,26335.9
ls24_clean_t0000_r03,ls24_clean,77,1.97449,231000,77,1989,18.379,135.569,207.671,0,0,0,0,0,0,0,0,723,104.251,640.255,836.834,100,1.65544,148,19.69,33.466,43.946,0,0,0,0,2860,2860,21.0021,0,0,0,0,0,0,0,0,26312,0,0,0,0,0,1555,7503,17.1671,0,0,26335.9
ls24_clean_t0000_r03,ls24_clean,78,1.99947,234000,78,1950,17.574,131.696,199.697,0,0,0,0,0,0,0,0,753,101.245,645.843,782.586,100,1.67412,148,19.288,28.337,31.653,0,0,0,0,2851,2851,21.0021,0,0,0,0,0,0,0,0,26312,0,0,0,0,0,1632,7676,17.5333,0,0,26336
ls24_clean_t0000_r03,ls24_clean,79,2.04045,237000,79,1906,18.583,135.986,302.982,0,0,0,0,0,0,0,0,773,104.538,728.368,1723.14,100,1.98497,163,19.644,34.299,42.099,0,0,0,0,2842,2842,21.0021,0,0,0,0,0,0,0,0,26312,0,0,0,0,0,1684,7803,17.7506,0,0,26336
ls24_clean_t0000_r03,ls24_clean,80,2.06736,240000,80,1956,18.059,133.191,205.277,0,0,0,0,0,0,0,0,754,102.83,665.809,917.51,100,1.78171,141,19.533,34.549,45.513,0,0,0,0,2851,2851,21.0021,0,0,0,0,0,0,0,0,26312,0,0,0,0,0,1664,7723,17.7266,0,0,26336.1
ls24_clean_t0000_r03,ls24_clean,81,2.0972,243000,81,1996,18.341,143.171,396.4,0,0,0,0,0,0,0,0,723,105.183,614.31,1997.95,100,1.76682,136,19.758,37.968,46.951,0,0,0,0,2855,2855,21.0021,0,0,0,0,0,0,0,0,26312,0,0,0,0,0,1548,7508,17.0936,0,0,26336.1
ls24_clean_t0000_r03,ls24_clean,82,2.12997,246000,82,1971,18.432,146.989,861.055,0,0,0,0,0,0,0,0,742,103.23,655.496,2915.47,100,2.00964,142,20.253,40.141,46.926,0,0,0,0,2855,2855,21.0021,0,0,0,0,0,0,0,0,26312,0,0,0,0,0,1608,7637,17.3932,0,0,26336.1
ls24_clean_t0000_r03,ls24_clean,83,2.15694,249000,83,1918,17.928,141.243,221.61,0,0,0,0,0,0,0,0,751,103.31,649.88,803.188,100,1.74984,158,18.538,30.713,38.169,0,0,0,0,2827,2827,21.0021,0,0,0,0,0,0,0,0,26312,0,0,0,0,0,1628,7657,17.5337,0,0,26336.2
ls24_clean_t0000_r03,ls24_clean,84,2.18613,252000,84,1920,18.053,132.8,269.936,0,0,0,0,0,0,0,0,773,102.813,683.748,1839.56,100,1.85741,153,19.807,34.514,48.429,0,0,0,0,2846,2846,21.0021,0,0,0,0,0,0,0,0,26312,0,0,0,0,0,1627,7784,17.2883,0,0,26336.2
ls24_clean_t0000_r03,ls24_clean,85,2.21579,255000,85,1951,17.593,130.812,233.231,0,0,0,0,0,0,0,0,766,101.78,697.464,928.996,100,1.91501,143,18.909,31.97,50.571,0,0,0,0,2860,2860,21.0021,0,0,0,0,0,0,0,0,26312,0,0,0,0,0,1658,7823,17.4876,0,0,26336.3
ls24_clean_t0000_r03,ls24_clean,86,2.24041,258000,86,1883,17.343,132.824,197.442,0,0,0,0,0,0,0,0,802,99.667,666.603,783.76,100,1.62595,166,18.403,28.803,33.644,0,0,0,0,2851,2851,21.0021,0,0,0,0,0,0,0,0,26312,0,0,0,0,0,1733,7937,17.9214,0,0,26336.3
ls24_clean_t0000_r03,ls24_clean,87,2.2645,261000,87,1936,17.177,131.164,196.344,0,0,0,0,0,0,0,0,792,100.055,629.632,740.317,100,1.56248,137,18.245,28.483,31.432,0,0,0,0,2865,2865,21.0021,0,0,0,0,0,0,0,0,26312,0,0,0,0,0,1753,7982,18.0072,0,0,26336.3
ls24_clean_t0000_r03,ls24_clean,88,2.28772,264000,88,1930,17.096,129.654,196.169,0,0,0,0,0,0,0,0,755,99.915,640.889,759.194,100,1.55113,137,18.272,27.623,32.726,0,0,0,0,2822,2822,21.0021,0,0,0,0,0,0,0,0,26312,0,0,0,0,0,1659,7652,17.8176,0,0,26336.4
ls24_clean_t0000_r03,ls24_clean,89,2.31038,267000,89,1925,16.814,128.242,192.961,0,0,0,0,0,0,0,0,751,99.066,636.086,810.489,100,1.53802,160,17.205,27.492,34.269,0,0,0,0,2836,2836,21.0021,0,0,0,0,0,0,0,0,26312,0,0,0,0,0,1594,7663,17.2194,0,0,26336.4
ls24_clean_t0000_r03,ls24_clean,90,2.3346,270000,90,1939,17.087,129.426,201.666,0,0,0,0,0,0,0,0,768,100.186,652.549,752.631,100,1.61672,147,18.709,28.049,35.275,0,0,0,0,2854,2854,21.0021,0,0,0,0,0,0,0,0,26312,0,0,0,0,0,1694,7829,17.7885,0,0,26336.5
ls24_clean_t0000_r03,ls24_clean,91,2.35841,273000,91,1953,17.536,129.753,196.959,0,0,0,0,0,0,0,0,735,100.774,649.374,755.512,100,1.65014,149,18.177,29.653,32.573,0,0,0,0,2837,2837,21.0021,0,0,0,0,0,0,0,0,26312,0,0,0,0,0,1595,7536,17.468,0,0,26336.5
ls24_clean_t0000_r03,ls24_clean,92,2.38277,276000,92,1960,17.219,127.641,196.771,0,0,0,0,0,0,0,0,752,100.509,683.743,827.899,100,1.67044,149,18.284,26.771,34.422,0,0,0,0,2861,2861,22.0021,0,0,0,0,0,0,0,0,26312,0,0,0,0,0,1634,7665,17.5718,0,0,26336.6
ls24_clean_t0000_r03,ls24_clean,93,2.40596,279000,93,1955,17.331,130.244,198.56,0,0,0,0,0,0,0,0,738,100.377,640.462,767.737,100,1.58345,155,18.166,26.009,31.041,0,0,0,0,2848,2848,22.0021,0,0,0,0,0,0,0,0,26312,0,0,0,0,0,1625,7560,17.6919,0,0,26336.6
ls24_clean_t0000_r03,ls24_clean,94,2.42951,282000,94,2005,17.067,130.379,198.233,0,0,0,0,0,0,0,0,714,100.234,651.583,751.842,100,1.61674,152,17.769,25.842,32.212,0,0,0,0,2871,2871,22.0021,0,0,0,0,0,0,0,0,26312,0,0,0,0,0,1564,7430,17.3894,0,0,26336.6
ls24_clean_t0000_r03,ls24_clean,95,2.45325,285000,95,1998,16.935,128.716,195.761,0,0,0,0,0,0,0,0,747,100.142,637.546,767.416,100,1.60772,124,18.394,29.536,47.411,0,0,0,0,2869,2869,22.0021,0,0,0,0,0,0,0,0,26312,0,0,0,0,0,1598,7689,17.2068,0,0,26336.7
ls24_clean_t0000_r03,ls24_clean,96,2.47542,288000,96,1967,17.104,130.004,195.998,0,0,0,0,0,0,0,0,720,100.456,616.343,756.177,100,1.48171,148,18.394,26.815,30.808,0,0,0,0,2835,2835,22.0021,0,0,0,0,0,0,0,0,26312,0,0,0,0,0,1594,7446,17.6327,0,0,26336.7
ls24_clean_t0000_r03,ls24_clean,97,2.49887,291000,97,1927,16.936,129.792,193.543,0,0,0,0,0,0,0,0,751,99.852,661.484,796.828,100,1.59781,161,17.598,26.871,34.666,0,0,0,0,2839,2839,22.0021,0,0,0,0,0,0,0,0,26312,0,0,0,0,0,1611,7648,17.3993,0,0,26336.8
ls24_clean_t0000_r03,ls24_clean,98,2.52117,294000,98,1925,16.97,130.744,196.499,0,0,0,0,0,0,0,0,745,99.221,608.032,744.613,100,1.45645,158,17.646,25.866,33.268,0,0,0,0,2828,2828,22.0021,0,0,0,0,0,0,0,0,26312,0,0,0,0,0,1608,7588,17.4859,0,0,26336.8
ls24_clean_t0000_r03,ls24_clean,99,2.54335,297000,99,1989,17.151,130.107,198.955,0,0,0,0,0,0,0,0,714,100.132,643.711,746.335,100,1.51334,147,18.236,30.768,38.265,0,0,0,0,2850,2850,22.0021,0,0,0,0,0,0,0,0,26312,0,0,0,0,0,1582,7426,17.5622,0,0,26336.9
ls24_clean_t0000_r03,ls24_clean,100,2.56546,300000,100,1959,17.039,130.884,200.371,0,0,0,0,0,0,0,0,727,99.5,601.173,750.224,100,1.45005,158,17.344,27.304,35.442,0,0,0,0,2844,2844,22.0021,0,0,0,0,0,0,0,0,26312,0,0,0,0,0,1595,7533,17.4737,0,0,26336.9
