elapsed_sec,phase_id,interval_trace_ops,interval_trace_iops,interval_db_api_ops,interval_db_api_iops,cum_new_puts,cum_update_puts,cum_del_ranges,cum_clean_noops,put_cnt,put_p50,put_p95,put_p99,put_p999,get_del_cnt,get_del_p99,get_adj_cnt,get_adj_p99,get_ctl_cnt,get_ctl_p99,scan_inter_cnt,scan_inter_p99,scan_non_cnt,scan_non_p99,scan_bound_cnt,scan_bound_p99,del_range_cnt,del_range_p99,stall_micros_delta,is_write_stopped,is_write_slowdown,memtable_size_bytes,memtable_tombstones,num_imm,l0_files,l1_files,l2_files,l3_files,l4_files,l5_files,l6_files,l0_bytes,l1_bytes,l2_bytes,l3_bytes,l4_bytes,l5_bytes,l6_bytes,pending_compaction_bytes,disk_bytes
5.00,0,1044737,208947.40,1044737,208947.40,737433,105382,0,0,835960,27.00,41.00,66.00,259.000000,42528,26.00,34347,26.00,79589,26.00,16191,326.00,36122,353.00,0,0.00,0,0.00,0,0,0,49285496,44071,1,8,0,0,0,0,0,4,0,0,0,0,0,0,0,512834745,1211038154
10.08,0,492564,98512.80,492564,98512.80,1081164,154387,0,0,394494,34.00,64.00,177.00,1332.000000,19488,94.00,16159,90.00,37734,86.00,7588,957.00,17101,1035.00,0,0.00,0,0.00,0,0,0,7342136,6060,1,7,0,0,0,0,0,7,0,0,0,0,0,0,0,1415767229,1489927219
15.11,0,849526,169905.20,849526,169905.20,1675997,239755,0,0,679427,26.00,42.00,63.00,1181.000000,34288,43.00,28065,42.00,65392,42.00,12957,565.00,29397,595.00,0,0.00,0,0.00,0,0,0,10487888,8594,1,8,0,0,0,0,5,10,0,0,0,0,0,0,0,2712608399,2357022237
20.14,0,923917,184783.40,923917,184783.40,2317575,331338,0,0,738359,25.00,38.00,53.00,995.000000,37469,43.00,30452,42.00,71331,42.00,14320,525.00,31986,540.00,0,0.00,0,0.00,0,0,0,7342136,5423,3,12,0,0,0,0,5,10,0,0,0,0,0,0,0,4036898131,3861868212
25.19,0,807139,161427.80,807139,161427.80,2885053,412274,0,0,645018,25.00,45.00,67.00,297.000000,32498,52.00,27085,50.00,62125,49.00,12439,708.00,27974,738.00,0,0.00,0,0.00,0,0,0,40896824,36453,1,10,0,0,0,0,12,10,0,0,0,0,0,0,0,5461815196,4996918525
30.21,0,775142,155028.40,775142,155028.40,3428699,489545,0,0,620190,26.00,43.00,58.00,161.000000,31119,47.00,25358,47.00,59652,46.00,11953,638.00,26870,682.00,0,0.00,0,0.00,0,0,0,46139744,40413,1,14,0,0,0,0,12,10,0,0,0,0,0,0,0,6764025913,5215841470
35.24,0,758250,151650.00,758250,151650.00,3958398,565601,0,0,607028,24.00,39.00,49.00,156.000000,30291,43.00,24938,42.00,58210,42.00,11505,565.00,26278,615.00,0,0.00,0,0.00,0,0,0,34605320,31210,2,17,0,0,0,0,12,10,0,0,0,0,0,0,0,7930819487,7128293545
40.28,0,799663,159932.60,799663,159932.60,4514961,645243,0,0,639655,22.00,38.00,57.00,1174.000000,32039,53.00,26274,52.00,61647,51.00,12236,725.00,27812,779.00,0,0.00,0,0.00,0,0,0,53479832,49276,1,18,0,0,0,0,12,10,0,0,0,0,0,0,0,9362504612,9379070153
45.36,0,723223,144644.60,723223,144644.60,5026878,718166,0,0,578754,24.00,42.00,93.00,1301.000000,28810,54.00,23882,53.00,55488,54.00,11162,788.00,25127,841.00,0,0.00,0,0.00,0,0,0,22022312,18932,1,17,0,0,0,0,22,10,0,0,0,0,0,0,0,10398629205,6537234429
50.41,0,877097,175419.40,876686,175337.20,5640848,805460,0,422,701793,23.00,37.00,48.00,108.000000,34893,44.00,28792,43.00,67227,44.00,13463,595.00,30518,635.00,0,0.00,0,0.00,0,0,0,48236912,43202,1,19,0,0,0,0,22,10,0,0,0,0,0,0,0,11821219967,9006151285
55.44,0,582161,116432.20,581313,116262.60,6045805,863201,0,1266,464866,24.00,49.00,1102.00,2294.000000,23263,74.00,19143,73.00,45221,75.00,8819,927.00,20001,961.00,0,0.00,0,0.00,0,0,0,16779392,14918,1,18,0,0,0,0,22,10,0,0,0,0,0,0,0,12852557561,10772628006
60.47,0,373081,74616.20,372539,74507.80,6303802,900332,0,1801,298315,26.00,96.00,1186.00,2301.000000,14866,82.00,12408,79.00,28521,80.00,5557,1022.00,12872,1056.00,0,0.00,0,0.00,0,0,0,3147800,2631,1,20,0,0,0,0,22,10,0,0,0,0,0,0,0,13499468790,13468396629
65.49,1,212544,42508.80,212267,42453.40,6438145,929692,0,2083,162424,24.00,1085.00,1308.00,2383.000000,9602,95.00,7817,95.00,18211,94.00,4373,1074.00,9840,1121.00,0,0.00,0,0.00,0,0,0,48236912,42236,1,14,0,0,0,0,22,10,0,0,0,0,0,0,0,13716834121,14931607813
70.51,1,691291,138258.20,690589,138117.80,6783810,1067869,0,2783,484104,19.00,33.00,41.00,76.000000,36371,40.00,30585,39.00,70716,39.00,21067,534.00,47746,574.00,0,0.00,0,0.00,0,0,0,39848240,35569,1,9,0,0,0,0,31,14,0,0,0,0,0,0,0,15403010655,8406174089
75.54,1,508626,101725.20,508111,101622.20,7038345,1169054,0,3301,355117,21.00,38.00,48.00,138.000000,27079,48.00,22479,46.00,52302,48.00,15615,648.00,35519,685.00,0,0.00,0,0.00,0,0,0,27265232,23518,0,16,0,0,0,0,25,25,0,0,0,0,0,0,0,16144764415,10732082265
80.58,1,555648,111129.60,555084,111016.80,7316672,1280124,0,3867,388244,18.00,34.00,45.00,117.000000,29581,47.00,24655,46.00,56775,46.00,17247,639.00,38582,665.00,0,0.00,0,0.00,0,0,0,57674168,46542,0,13,0,0,0,0,21,33,0,0,0,0,0,0,0,14142540117,12656627331
85.62,1,592594,118518.80,591993,118398.60,7612249,1398276,0,4464,414494,19.00,36.00,46.00,89.000000,31395,50.00,25902,50.00,60682,48.00,18274,694.00,41246,721.00,0,0.00,0,0.00,0,0,0,48236912,40130,0,17,0,0,0,0,17,41,0,0,0,0,0,0,0,17656959183,14941261385
90.65,1,607391,121478.20,606773,121354.60,7917030,1520003,0,5083,425129,18.00,33.00,43.00,80.000000,32374,45.00,26630,44.00,62174,45.00,18576,594.00,41890,626.00,0,0.00,0,0.00,0,0,0,50334080,40862,0,17,0,0,0,21,8,58,0,0,0,0,0,0,0,17457976373,11126796313
95.68,1,582653,116530.60,582062,116412.40,8207786,1636164,0,5673,407855,17.00,32.00,42.00,74.000000,30874,48.00,25523,47.00,59978,48.00,17795,673.00,40037,702.00,0,0.00,0,0.00,0,0,0,25168064,22364,1,16,0,0,0,21,3,67,0,0,0,0,0,0,0,17853120539,13172559408
100.72,1,637791,127558.20,637144,127428.80,8527328,1763725,0,6321,446100,17.00,31.00,40.00,81.000000,33969,46.00,27979,45.00,65552,45.00,19561,611.00,43983,655.00,0,0.00,0,0.00,0,0,0,47188328,43230,0,18,0,0,0,21,3,67,0,0,0,0,0,0,0,19429784509,14877768955
105.76,1,427767,85553.40,427333,85466.60,8738702,1848162,0,6750,299103,20.00,70.00,1163.00,1229.000000,22729,87.00,18860,86.00,43917,84.00,13023,1026.00,29701,1097.00,0,0.00,0,0.00,0,0,0,34605320,30967,0,20,0,0,0,21,3,67,0,0,0,0,0,0,0,20421735807,17242624095
110.78,1,355630,71126.00,355269,71053.80,8917898,1919924,0,7114,248850,21.00,100.00,1192.00,1452.000000,18917,99.00,15510,95.00,36635,95.00,10837,1349.00,24520,1413.00,0,0.00,0,0.00,0,0,0,38799656,34993,1,16,0,0,0,21,3,67,0,0,0,0,0,0,0,20966022289,18646622476
115.81,1,390820,78164.00,390424,78084.80,9112482,1998279,0,7512,272793,19.00,95.00,1225.00,1455.000000,20842,99.00,17131,98.00,40545,99.00,11986,929.00,27127,995.00,0,0.00,0,0.00,0,0,0,67111440,60889,2,8,0,0,0,23,11,67,0,0,0,0,0,0,0,20035138829,11503307193
120.84,1,227672,45534.40,227440,45488.00,9223954,2043205,0,7739,159024,28.00,191.00,1273.00,1472.000000,12045,105.00,10107,107.00,23602,107.00,6970,1091.00,15692,1155.00,0,0.00,0,0.00,0,0,0,39848240,35519,2,10,0,0,0,23,11,67,0,0,0,0,0,0,0,20631471385,12378103841
126.03,1,373860,74772.00,373482,74696.40,9414283,2119712,0,8126,261889,23.00,46.00,74.00,1232.000000,19837,65.00,16292,64.00,38480,65.00,11246,805.00,25738,868.00,0,0.00,0,0.00,0,0,0,62917088,58045,2,10,0,0,0,23,6,77,0,0,0,0,0,0,0,20539544361,13593158517
131.08,1,527146,105429.20,526611,105322.20,9674117,2224112,0,8652,368897,18.00,36.00,54.00,1171.000000,27971,54.00,23251,53.00,53961,53.00,16147,701.00,36384,746.00,0,0.00,0,0.00,0,0,0,59771336,54405,1,13,0,0,0,23,5,79,0,0,0,0,0,0,0,21743701251,14957612948
136.14,1,674139,134827.80,673454,134690.80,10015814,2360635,0,9347,471359,17.00,31.00,41.00,71.000000,35851,45.00,29762,45.00,68942,44.00,20726,594.00,46814,640.00,0,0.00,0,0.00,0,0,0,45091160,40991,1,15,0,0,0,23,5,79,0,0,0,0,0,0,0,23323195583,16713106111
141.21,1,577527,115505.40,576942,115388.40,10301689,2474527,0,9927,403507,16.00,32.00,45.00,76.000000,30469,55.00,25677,53.00,59164,54.00,17934,758.00,40191,818.00,0,0.00,0,0.00,0,0,0,19925144,17565,2,15,0,0,0,23,5,79,0,0,0,0,0,0,0,24491621875,18826238702
146.25,1,609716,121943.20,609098,121819.60,10606535,2596174,0,10546,426222,17.00,32.00,41.00,65.000000,32681,46.00,26913,45.00,62357,44.00,18670,595.00,42255,643.00,0,0.00,0,0.00,0,0,0,16779392,13078,1,14,0,0,0,23,5,79,0,0,0,0,0,0,0,26042600915,20484521983
151.28,1,627946,125589.20,627307,125461.40,10919170,2721368,0,11181,439085,17.00,32.00,42.00,68.000000,33568,48.00,27718,47.00,64176,47.00,19129,668.00,43631,729.00,0,0.00,0,0.00,0,0,0,28313816,25364,1,18,0,0,0,23,5,79,0,0,0,0,0,0,0,27405054978,22252071676
156.31,1,667782,133556.40,667106,133421.20,11252695,2854824,0,11861,466214,17.00,31.00,38.00,61.000000,35933,43.00,29356,43.00,68652,43.00,20418,551.00,46533,603.00,0,0.00,0,0.00,0,0,0,7342136,5399,1,14,0,0,0,27,14,79,0,0,0,0,0,0,0,27159998514,20502279916
161.34,1,458556,91711.20,458090,91618.00,11481003,2946357,0,12325,320712,21.00,40.00,55.00,110.000000,24573,58.00,20117,58.00,46913,57.00,14127,804.00,31648,870.00,0,0.00,0,0.00,0,0,0,28313816,25727,1,9,0,0,0,27,8,91,0,0,0,0,0,0,0,27031164959,14902433548
166.38,1,673598,134719.60,672916,134583.20,11817612,3081883,0,13009,471209,17.00,31.00,40.00,74.000000,35703,41.00,29680,40.00,69029,40.00,20530,554.00,46765,601.00,0,0.00,0,0.00,0,0,0,8390720,6807,1,14,0,0,0,27,6,95,0,0,0,0,0,0,0,28233216729,17055724698
171.41,1,679032,135806.40,678342,135668.40,12156617,3217368,0,13700,474328,16.00,29.00,37.00,61.000000,36196,40.00,30140,39.00,69281,39.00,21000,534.00,47398,584.00,0,0.00,0,0.00,0,0,0,63965672,56693,0,16,0,0,0,27,6,95,0,0,0,0,0,0,0,29796447095,18891977666
176.44,1,612379,122475.80,611757,122351.40,12463066,3339649,0,14319,428592,15.00,28.00,37.00,59.000000,32577,43.00,26790,43.00,62916,42.00,18712,596.00,42170,655.00,0,0.00,0,0.00,0,0,0,2099216,1183,2,16,0,0,0,27,6,95,0,0,0,0,0,0,0,30956202148,21380132941
181.48,1,600366,120073.20,599760,119952.00,12761482,3458727,0,14923,420006,12.00,25.00,32.00,48.000000,32209,39.00,26440,38.00,61456,38.00,18184,504.00,41464,545.00,0,0.00,0,0.00,0,0,0,4196384,3550,1,14,0,0,0,27,6,95,0,0,0,0,0,0,0,32444026734,23162529471
186.51,2,351448,70289.60,351370,70274.00,12896223,3543003,0,15000,218552,11.00,30.00,42.00,64.000000,22611,47.00,18481,45.00,43033,45.00,14951,677.00,33742,760.00,0,0.00,0,0.00,0,0,0,51382664,46608,1,14,0,0,0,27,6,95,0,0,0,0,0,0,0,32993066902,25089646091
191.53,2,543843,108768.60,543842,108768.40,13086733,3679145,0,15000,325664,13.00,27.00,34.00,52.000000,36373,40.00,29759,39.00,69724,39.00,24907,529.00,57415,587.00,0,0.00,0,0.00,0,0,0,19925144,15549,1,14,0,0,0,27,6,95,0,0,0,0,0,0,0,34150047773,26519295189
196.57,2,533195,106639.00,533196,106639.20,13273948,3812229,0,15000,320254,13.00,26.00,34.00,51.000000,35459,41.00,29424,40.00,68307,40.00,24584,564.00,55168,619.00,0,0.00,0,0.00,0,0,0,54528416,44745,0,17,0,0,0,27,6,95,0,0,0,0,0,0,0,35257043205,28655021097
201.60,2,485924,97184.80,485923,97184.60,13444075,3933185,0,15000,291332,13.00,28.00,37.00,59.000000,32586,47.00,27212,46.00,62138,45.00,22079,644.00,50576,714.00,0,0.00,0,0.00,0,0,0,51382664,46037,0,16,0,0,0,27,6,95,0,0,0,0,0,0,0,36156901189,30043172868
206.64,2,569155,113831.00,569155,113831.00,13643327,4076506,0,15000,341846,13.00,27.00,35.00,64.000000,38236,38.00,31196,37.00,72673,37.00,25991,508.00,59213,565.00,0,0.00,0,0.00,0,0,0,33556736,29047,1,10,0,0,0,48,11,95,0,0,0,0,0,0,0,35085857882,17972466890
211.68,2,553729,110745.80,553730,110746.00,13837281,4214940,0,15000,332270,13.00,27.00,34.00,59.000000,36830,38.00,30466,37.00,71030,38.00,25646,531.00,57488,583.00,0,0.00,0,0.00,0,0,0,17827976,15634,1,10,0,0,0,48,8,101,0,0,0,0,0,0,0,35690539615,19635285550
216.72,2,609790,121958.00,609789,121957.80,14050713,4368064,0,15000,366531,13.00,26.00,32.00,48.000000,40975,35.00,33470,34.00,77914,35.00,27789,433.00,63110,468.00,0,0.00,0,0.00,0,0,0,24119480,19434,0,14,0,0,0,48,8,101,0,0,0,0,0,0,0,37040548032,21713414073
221.76,2,498709,99741.80,498709,99741.80,14225204,4492087,0,15000,299130,13.00,29.00,40.00,75.000000,33345,47.00,27383,46.00,64261,46.00,22899,655.00,51691,723.00,0,0.00,0,0.00,0,0,0,31459568,24529,0,13,0,0,0,48,8,101,0,0,0,0,0,0,0,37953118378,23237936407
226.80,2,582022,116404.40,582022,116404.40,14429482,4637923,0,15000,349693,12.00,26.00,32.00,51.000000,38467,37.00,31975,37.00,74457,37.00,26643,456.00,60787,503.00,0,0.00,0,0.00,0,0,0,32508152,24337,0,13,0,0,0,48,8,101,0,0,0,0,0,0,0,39068039140,25035258187
231.84,2,543221,108644.20,543221,108644.20,14619493,4773554,0,15000,326330,12.00,26.00,33.00,51.000000,35975,39.00,29769,39.00,69615,39.00,24932,542.00,56600,601.00,0,0.00,0,0.00,0,0,0,12585056,8677,1,12,0,0,0,48,8,101,0,0,0,0,0,0,0,39950335345,27106943781
236.87,2,593762,118752.40,593762,118752.40,14826990,4922692,0,15000,356045,12.00,25.00,31.00,43.000000,39701,36.00,32482,35.00,76091,35.00,27210,435.00,62234,478.00,0,0.00,0,0.00,0,0,0,24119480,21211,1,15,0,0,0,48,8,101,0,0,0,0,0,0,0,41035635751,28899595348
241.92,2,524977,104995.40,524977,104995.40,15009644,5053696,0,15000,314896,13.00,26.00,34.00,54.000000,35043,41.00,28815,40.00,67363,40.00,24030,539.00,54829,594.00,0,0.00,0,0.00,0,0,0,34605320,31800,1,14,0,0,0,48,8,101,0,0,0,0,0,0,0,41982192141,30819791927
246.94,2,578122,115624.40,578122,115624.40,15212751,5198548,0,15000,347142,12.00,25.00,31.00,45.000000,38533,36.00,31603,35.00,74245,36.00,26236,458.00,60363,505.00,0,0.00,0,0.00,0,0,0,33556736,27006,1,14,0,0,0,48,8,101,0,0,0,0,0,0,0,43101298700,32361610642
251.98,2,508785,101757.00,508785,101757.00,15390339,5326204,0,15000,305657,12.00,26.00,34.00,55.000000,33994,43.00,27763,41.00,65267,42.00,23081,613.00,53023,680.00,0,0.00,0,0.00,0,0,0,34605320,28353,0,17,0,0,0,48,8,101,0,0,0,0,0,0,0,44258972572,34496541157
257.02,2,520191,104038.20,520191,104038.20,15572603,5456830,0,15000,312375,13.00,27.00,34.00,53.000000,34874,41.00,28438,39.00,66524,39.00,24130,563.00,53850,627.00,0,0.00,0,0.00,0,0,0,56625584,45861,0,9,0,0,0,36,39,101,0,0,0,0,0,0,0,39157785635,34449988986
262.05,2,550095,110019.00,550095,110019.00,15764662,5593614,0,15000,330344,13.00,26.00,34.00,74.000000,36504,38.00,30462,37.00,70366,37.00,24966,502.00,57453,573.00,0,0.00,0,0.00,0,0,0,25168064,22678,0,12,0,0,0,36,39,101,0,0,0,0,0,0,0,40283746218,21940007959
267.09,2,481870,96374.00,481870,96374.00,15933732,5714098,0,15000,289196,13.00,28.00,37.00,64.000000,32224,44.00,26342,43.00,62052,43.00,22213,605.00,49843,676.00,0,0.00,0,0.00,0,0,0,8390720,5743,1,12,0,0,0,36,25,129,0,0,0,0,0,0,0,38731321463,23911084719
272.11,2,460853,92170.60,460853,92170.60,16094749,5829085,0,15000,275439,13.00,28.00,37.00,66.000000,31202,46.00,25317,45.00,59261,45.00,20992,625.00,48642,698.00,0,0.00,0,0.00,0,0,0,46139744,41770,0,17,0,0,0,36,21,137,0,0,0,0,0,0,0,39006202134,26309670373
277.14,2,461068,92213.60,461068,92213.60,16256178,5944398,0,15000,276561,13.00,28.00,38.00,63.000000,30580,46.00,25493,45.00,59073,44.00,21505,628.00,47856,708.00,0,0.00,0,0.00,0,0,0,23070896,18361,0,14,0,0,0,36,14,151,0,0,0,0,0,0,0,38680386735,28240126708
282.18,2,455013,91002.60,455014,91002.80,16414799,6058625,0,15000,273144,13.00,28.00,36.00,65.000000,30554,45.00,24964,44.00,58190,44.00,20885,619.00,47277,689.00,0,0.00,0,0.00,0,0,0,63965672,52061,0,15,0,0,0,36,12,153,0,0,0,0,0,0,0,38972629236,30280021715
287.21,2,397235,79447.00,397234,79446.80,16553919,6157931,0,15000,238562,13.00,28.00,37.00,59.000000,26404,49.00,21822,47.00,50747,49.00,18145,672.00,41554,747.00,0,0.00,0,0.00,0,0,0,1050632,590,2,15,0,0,0,36,11,153,0,0,0,0,0,0,0,39292000107,31603739026
292.24,2,400051,80010.20,400051,80010.20,16693792,6258092,0,15000,240096,13.00,29.00,41.00,67.000000,26496,53.00,22268,52.00,51001,52.00,18438,782.00,41752,849.00,0,0.00,0,0.00,0,0,0,62917088,58170,1,19,0,0,0,36,11,153,0,0,0,0,0,0,0,40076589544,32892002874
297.28,2,334711,66942.20,334711,66942.20,16809940,6341226,0,15000,200835,14.00,47.00,1109.00,1335.000000,22369,80.00,18457,78.00,42936,77.00,15444,990.00,34670,1116.00,0,0.00,0,0.00,0,0,0,16779392,12965,1,17,0,0,0,36,11,153,0,0,0,0,0,0,0,40836370770,34140893865
302.44,2,435486,87097.20,435486,87097.20,16962513,6450163,0,15000,261289,12.00,28.00,40.00,64.000000,28918,53.00,24269,50.00,55799,51.00,19774,745.00,45437,834.00,0,0.00,0,0.00,0,0,0,40896824,37269,0,19,0,0,0,36,11,153,0,0,0,0,0,0,0,41804702140,35178389904
307.49,2,460085,92017.00,460086,92017.20,17125015,6565813,0,15000,275779,13.00,28.00,38.00,61.000000,30832,49.00,25339,47.00,59208,48.00,20977,683.00,47951,763.00,0,0.00,0,0.00,0,0,0,16779392,14409,1,17,0,0,0,36,11,153,0,0,0,0,0,0,0,42579042727,37165933519
312.54,2,545518,109103.60,545518,109103.60,17316371,6702000,0,15000,326938,11.00,24.00,31.00,47.000000,36205,39.00,30218,38.00,69638,39.00,25166,515.00,57353,574.00,0,0.00,0,0.00,0,0,0,47188328,41389,0,17,0,0,0,36,11,153,0,0,0,0,0,0,0,43726563028,38624664829
317.59,2,543394,108678.80,543393,108678.60,17506503,6837410,0,15000,326195,12.00,25.00,31.00,639.000000,36373,40.00,29723,39.00,69706,39.00,24957,503.00,56439,555.00,0,0.00,0,0.00,0,0,0,13633640,10214,1,19,0,0,0,36,11,153,0,0,0,0,0,0,0,44677000562,40856502577
322.63,2,459159,91831.80,459159,91831.80,17667224,6952357,0,15000,275479,13.00,32.00,271.00,1189.000000,30714,72.00,25292,67.00,59029,67.00,21130,974.00,47515,1079.00,0,0.00,0,0.00,0,0,0,57674168,52325,0,9,0,0,0,62,13,153,0,0,0,0,0,0,0,43402317668,38128344673
327.67,2,627417,125483.40,627417,125483.40,17887348,7109247,0,15000,376555,12.00,25.00,31.00,56.000000,42124,34.00,34485,33.00,80074,34.00,28913,425.00,65266,471.00,0,0.00,0,0.00,0,0,0,5244968,3439,1,12,0,0,0,62,12,154,0,0,0,0,0,0,0,44509512431,24332256825
332.71,2,596450,119290.00,596450,119290.00,18096098,7257877,0,15000,357817,12.00,25.00,31.00,47.000000,39950,36.00,33019,35.00,76217,35.00,27602,439.00,61845,485.00,0,0.00,0,0.00,0,0,0,14682224,12209,1,12,0,0,0,62,12,154,0,0,0,0,0,0,0,45658025501,26256169874
337.76,2,390706,78141.20,390706,78141.20,18230983,7354610,0,15000,234531,13.00,28.00,38.00,66.000000,26087,46.00,21472,45.00,50051,45.00,17914,666.00,40651,731.00,0,0.00,0,0.00,0,0,0,6293552,4542,2,15,0,0,0,62,12,154,0,0,0,0,0,0,0,46227683104,27789785246
342.92,2,444120,88824.00,443765,88753.00,18388442,7466477,0,15369,266075,14.00,30.00,41.00,70.000000,29529,53.00,24581,52.00,57175,52.00,20361,767.00,46044,853.00,0,0.00,0,0.00,0,0,0,45091160,39256,0,15,0,0,0,62,12,154,0,0,0,0,0,0,0,47338896574,29009107742
347.97,2,531861,106372.20,530330,106066.00,18573524,7599177,0,16941,317812,12.00,26.00,34.00,53.000000,35497,41.00,29173,40.00,68392,40.00,24277,528.00,55180,596.00,0,0.00,0,0.00,0,0,0,66062840,53981,0,14,0,0,0,62,12,154,0,0,0,0,0,0,0,48310743926,30411768671
353.02,2,495715,99143.00,490577,98115.40,18744767,7721636,0,22073,294093,13.00,27.00,35.00,57.000000,32600,45.00,26645,44.00,63183,44.00,22747,604.00,51308,687.00,0,0.00,0,0.00,0,0,0,63965672,58297,1,12,0,0,0,62,12,154,0,0,0,0,0,0,0,49031556824,32228429302
358.06,2,526431,105286.20,519528,103905.60,18926242,7850871,0,29000,311146,12.00,25.00,32.00,48.000000,34837,39.00,28868,38.00,67140,38.00,23774,516.00,53764,563.00,0,0.00,0,0.00,0,0,0,12585056,10792,1,15,0,0,0,62,12,154,0,0,0,0,0,0,0,50188019531,33607175914
363.10,2,418787,83757.40,410382,82076.40,19068948,7952587,0,37343,246487,11.00,24.00,31.00,46.000000,27162,41.00,22533,39.00,52775,39.00,18772,547.00,42652,619.00,0,0.00,0,0.00,0,0,0,18876560,16658,1,16,0,0,0,62,12,154,0,0,0,0,0,0,0,50937530866,35573214774
368.13,2,270207,54041.40,264778,52955.60,19162161,8018770,0,42786,159023,8.00,22.00,30.00,48.000000,17943,42.00,14478,41.00,33693,42.00,12157,609.00,27484,683.00,0,0.00,0,0.00,0,0,0,55577000,51502,0,13,0,0,0,62,12,154,0,0,0,0,0,0,0,51516556847,36717687982
373.15,3,348349,69669.80,345737,69147.40,19296206,8081791,0,45379,195608,11.00,25.00,34.00,56.000000,26201,41.00,21475,40.00,50536,40.00,16070,627.00,35848,670.00,0,0.00,0,0.00,0,0,0,2099216,622,1,16,0,0,0,62,12,154,0,0,0,0,0,0,0,52111827315,37992236860
378.19,3,547984,109596.80,547130,109426.00,19514374,8163568,0,46232,300588,12.00,25.00,31.00,49.000000,43155,38.00,36322,36.00,84568,37.00,25146,480.00,57350,534.00,0,0.00,0,0.00,0,0,0,60819920,55698,0,15,0,0,0,62,12,154,0,0,0,0,0,0,0,53092628736,39481479840
383.21,3,490236,98047.20,489471,97894.20,19709598,8237516,0,47000,268880,12.00,26.00,34.00,56.000000,38370,46.00,32579,44.00,76147,44.00,22032,681.00,51463,759.00,0,0.00,0,0.00,0,0,0,37751072,29354,2,18,0,0,0,62,12,154,0,0,0,0,0,0,0,53662392552,41254752689
388.25,3,513831,102766.20,513029,102605.80,19915872,8314507,0,47801,282846,12.00,26.00,33.00,57.000000,39585,44.00,34233,43.00,79474,43.00,22826,566.00,54065,625.00,0,0.00,0,0.00,0,0,0,19925144,15640,1,15,0,0,0,62,12,154,0,0,0,0,0,0,0,54777349889,42861108265
393.28,3,517653,103530.60,516844,103368.80,20121598,8391661,0,48603,284526,12.00,26.00,56.00,1146.000000,39699,51.00,34320,48.00,80744,49.00,22707,662.00,54848,705.00,0,0.00,0,0.00,0,0,0,8390720,6101,3,18,0,0,0,62,12,154,0,0,0,0,0,0,0,55348494260,43812342636
398.32,3,100299,20059.80,100144,20028.80,20161208,8406494,0,48758,55025,35.00,1096.00,1237.00,1440.000000,7636,114.00,6702,111.00,15651,110.00,4413,1144.00,10717,1277.00,0,0.00,0,0.00,0,1,0,2048,0,4,18,0,0,0,62,12,154,0,0,0,0,0,0,0,55348494260,43869977184
404.22,3,150342,30068.40,150106,30021.20,20221843,8429103,0,48995,82686,21.00,589.00,1167.00,1299.000000,11453,102.00,10049,99.00,23490,95.00,6547,1139.00,15881,1284.00,0,0.00,0,0.00,0,0,0,24119480,21767,1,9,0,0,0,46,47,154,0,0,0,0,0,0,0,49029988949,40792791716
409.23,3,260629,52125.80,260222,52044.40,20325779,8468204,0,49402,142670,17.00,39.00,55.00,160.000000,19565,58.00,17581,56.00,41045,55.00,11442,807.00,27919,929.00,0,0.00,0,0.00,0,0,0,54528416,48751,0,9,0,0,0,46,34,167,0,0,0,0,0,0,0,47434857903,36876328047
414.26,3,360181,72036.20,359676,71935.20,20470053,8522510,0,49907,197839,17.00,37.00,50.00,91.000000,27085,50.00,24116,48.00,56684,49.00,15420,740.00,38532,844.00,0,0.00,0,0.00,0,0,0,8390720,6996,1,9,0,0,0,46,34,167,0,0,0,0,0,0,0,48027727728,29373538371
419.31,3,362453,72490.60,362359,72471.80,20615440,8577188,0,50000,199542,17.00,37.00,52.00,129.000000,26884,56.00,24474,53.00,57322,53.00,15650,783.00,38487,884.00,0,0.00,0,0.00,0,0,0,32508152,26607,0,13,0,0,0,37,32,189,0,0,0,0,0,0,0,45517661264,28356406606
424.35,3,413941,82788.20,413941,82788.20,20781425,8639720,0,50000,227863,15.00,33.00,43.00,75.000000,30732,49.00,27821,47.00,65974,47.00,17699,691.00,43852,777.00,0,0.00,0,0.00,0,0,0,26216648,22025,1,16,0,0,0,37,30,193,0,0,0,0,0,0,0,45632697551,30600477769
429.39,3,498650,99730.00,498650,99730.00,20981212,8714205,0,50000,273890,12.00,26.00,35.00,56.000000,36917,43.00,33675,42.00,79418,42.00,21136,585.00,53614,664.00,0,0.00,0,0.00,0,0,0,66062840,52396,0,17,0,0,0,37,21,211,0,0,0,0,0,0,0,44930418719,32662072461
434.44,3,508155,101631.00,508155,101631.00,21183548,8789848,0,50000,279244,12.00,26.00,33.00,56.000000,36831,40.00,34711,40.00,80811,39.00,21256,529.00,55302,585.00,0,0.00,0,0.00,0,0,0,35653904,32531,0,18,0,0,0,37,17,214,0,0,0,0,0,0,0,45167933534,34910053666
439.49,3,352189,70437.80,352189,70437.80,21324723,8842650,0,50000,194211,15.00,67.00,1119.00,1197.000000,25620,74.00,23884,72.00,56008,72.00,14643,1026.00,37823,1171.00,0,0.00,0,0.00,0,0,0,56625584,50108,0,16,0,0,0,37,15,218,0,0,0,0,0,0,0,45276829271,37261327672
444.52,3,429927,85985.40,429927,85985.40,21496909,8907394,0,50000,236468,14.00,31.00,43.00,71.000000,30734,54.00,29422,52.00,68761,52.00,17724,779.00,46818,835.00,0,0.00,0,0.00,0,0,0,58722752,46820,0,14,0,0,0,37,14,218,0,0,0,0,0,0,0,45793883772,39178145872
449.56,3,524393,104878.60,524394,104878.80,21706752,8986519,0,50000,288067,12.00,26.00,34.00,50.000000,37130,40.00,35761,39.00,84095,39.00,21676,539.00,57665,601.00,0,0.00,0,0.00,0,0,0,52431264,42387,0,16,0,0,0,37,14,218,0,0,0,0,0,0,0,46768452591,40518006095
454.60,3,446588,89317.60,446587,89317.40,21883889,9052855,0,50000,245992,12.00,26.00,34.00,157.000000,31549,44.00,30615,43.00,71522,43.00,18033,578.00,48876,633.00,0,0.00,0,0.00,0,0,0,3147800,1380,3,18,0,0,0,37,14,218,0,0,0,0,0,0,0,47147896344,41573605216
459.64,3,277177,55435.40,277177,55435.40,21995555,9094597,0,50000,152657,16.00,54.00,963.00,1220.000000,19418,93.00,18717,89.00,44862,88.00,11057,1008.00,30466,1113.00,0,0.00,0,0.00,0,0,0,36702488,31789,2,17,0,0,0,37,14,218,0,0,0,0,0,0,0,47711935626,42806737737
464.67,3,207864,41572.80,207864,41572.80,22078907,9125691,0,50000,114834,21.00,536.00,1175.00,1352.000000,14592,101.00,14159,97.00,33373,99.00,8268,1075.00,22638,1199.00,0,0.00,0,0.00,0,0,0,27265232,24073,3,18,0,0,0,37,14,218,0,0,0,0,0,0,0,47914812045,43196129082
469.69,3,377825,75565.00,377825,75565.00,22229576,9182209,0,50000,207686,14.00,39.00,329.00,1238.000000,26036,75.00,26221,71.00,61332,73.00,15176,915.00,41374,1011.00,0,0.00,0,0.00,0,0,0,65014256,52099,1,19,0,0,0,37,14,218,0,0,0,0,0,0,0,48910692803,44182173703
474.73,3,444887,88977.40,444887,88977.40,22409466,9249542,0,50000,244859,13.00,28.00,39.00,64.000000,30760,50.00,30891,49.00,71582,49.00,17690,740.00,49105,818.00,0,0.00,0,0.00,0,0,0,9439304,6839,1,18,0,0,0,37,14,218,0,0,0,0,0,0,0,49863489941,45273226138
479.78,3,458729,91745.80,458729,91745.80,22591751,9317716,0,50000,252389,12.00,37.00,766.00,1174.000000,31408,66.00,32031,63.00,74371,62.00,17794,948.00,50736,1041.00,0,0.00,0,0.00,0,0,0,34605320,31286,0,20,0,0,0,37,14,218,0,0,0,0,0,0,0,50810128474,46716049075
484.83,3,330215,66043.00,330215,66043.00,22723982,9367204,0,50000,182021,16.00,88.00,1137.00,1199.000000,22385,78.00,22909,75.00,53484,76.00,12807,1029.00,36609,1156.00,0,0.00,0,0.00,0,0,0,50334080,42612,0,20,0,0,0,37,14,218,0,0,0,0,0,0,0,51369684008,48304274839
489.87,3,324650,64930.00,324651,64930.20,22854072,9416275,0,50000,178633,15.00,49.00,575.00,1185.000000,21808,82.00,22699,77.00,52738,77.00,12447,1283.00,36326,2525.00,0,0.00,0,0.00,0,0,0,59771336,50417,0,6,0,0,0,53,33,218,0,0,0,0,0,0,0,47803913341,44154294109
494.90,3,417450,83490.00,417449,83489.80,23021169,9479257,0,50000,229579,15.00,34.00,47.00,135.000000,28074,51.00,29262,49.00,68045,49.00,16093,706.00,46396,818.00,0,0.00,0,0.00,0,0,0,46139744,40491,0,10,0,0,0,47,38,224,0,0,0,0,0,0,0,47013348909,30160513119
499.93,3,486178,97235.60,486178,97235.60,23215566,9552328,0,50000,267429,13.00,29.00,39.00,89.000000,32229,43.00,34372,43.00,79804,43.00,18263,621.00,54081,701.00,0,0.00,0,0.00,0,0,0,19925144,15305,1,14,0,0,0,47,36,228,0,0,0,0,0,0,0,47427646004,32246551645
504.96,3,425361,85072.20,425361,85072.20,23384851,9615687,0,50000,233503,14.00,31.00,42.00,97.000000,28060,50.00,29812,49.00,69683,49.00,16066,738.00,48237,831.00,0,0.00,0,0.00,0,0,0,11536472,8322,1,13,0,0,0,47,27,244,0,0,0,0,0,0,0,46436352597,33820173834
509.97,3,467928,93585.60,467928,93585.60,23573039,9686261,0,50000,257841,13.00,28.00,38.00,108.000000,30390,45.00,32825,44.00,76774,44.00,17590,616.00,52508,700.00,0,0.00,0,0.00,0,0,0,42993992,33986,0,15,0,0,0,47,24,244,0,0,0,0,0,0,0,47040742068,35811474662
515.00,3,532218,106443.60,532218,106443.60,23786003,9766422,0,50000,292543,12.00,25.00,32.00,74.000000,34728,41.00,37536,39.00,87714,40.00,19813,511.00,59884,560.00,0,0.00,0,0.00,0,0,0,36702488,33772,1,15,0,0,0,47,22,251,0,0,0,0,0,0,0,47386025405,37935292797
520.04,3,537494,107498.80,537494,107498.80,24001411,9846775,0,50000,295668,12.00,25.00,33.00,846.000000,34529,42.00,37887,41.00,88808,41.00,19793,531.00,60809,578.00,0,0.00,0,0.00,0,0,0,40896824,35071,0,17,0,0,0,47,20,254,0,0,0,0,0,0,0,48056576668,39781330603
525.08,3,560904,112180.80,560904,112180.80,24225568,9931087,0,50000,308197,12.00,25.00,31.00,50.000000,35574,39.00,39765,38.00,93356,38.00,20418,484.00,63594,530.00,0,0.00,0,0.00,0,0,0,55577000,50762,0,16,0,0,0,47,20,254,0,0,0,0,0,0,0,49040045912,41536692018
530.12,3,464253,92850.60,464253,92850.60,24409432,9999904,0,50000,255201,12.00,35.00,671.00,1177.000000,29074,67.00,33158,65.00,77276,65.00,16724,948.00,52820,1048.00,0,0.00,0,0.00,0,0,0,66062840,59766,0,20,0,0,0,47,20,254,0,0,0,0,0,0,0,49858403006,43935745537
535.17,3,538381,107676.20,538381,107676.20,24626171,10080590,0,50000,295848,13.00,28.00,38.00,92.000000,33743,48.00,38158,46.00,89646,46.00,19384,675.00,61602,701.00,0,0.00,0,0.00,0,0,0,63965672,58338,0,15,0,0,0,47,20,254,0,0,0,0,0,0,0,50824835070,45206433065
540.20,3,576255,115251.00,576255,115251.00,24856968,10167047,0,50000,317276,12.00,25.00,31.00,48.000000,35813,38.00,41085,37.00,95566,37.00,20365,473.00,66150,515.00,0,0.00,0,0.00,0,0,0,15730808,12353,1,17,0,0,0,47,20,254,0,0,0,0,0,0,0,51834874326,47491447671
545.22,3,543682,108736.40,543682,108736.40,25074860,10248513,0,50000,298904,12.00,26.00,33.00,53.000000,33396,41.00,38761,39.00,90979,40.00,19175,533.00,62467,569.00,0,0.00,0,0.00,0,0,0,29362400,22438,0,17,0,0,0,47,20,254,0,0,0,0,0,0,0,52988863420,48813381321
550.26,3,512051,102410.20,512051,102410.20,25279047,10325526,0,50000,281622,11.00,24.00,30.00,45.000000,31170,37.00,36320,36.00,85939,36.00,17953,481.00,59047,517.00,0,0.00,0,0.00,0,0,0,18876560,16610,1,18,0,0,0,47,20,254,0,0,0,0,0,0,0,53742965380,50524010276
555.29,3,438164,87632.80,438164,87632.80,25453003,10390541,0,50000,240473,11.00,25.00,31.00,52.000000,26502,39.00,31771,37.00,73597,38.00,15190,486.00,50631,526.00,0,0.00,0,0.00,0,0,0,14682224,11095,1,16,0,0,0,47,20,254,0,0,0,0,0,0,0,54547518696,52321663918
560.38,3,316797,63359.40,316798,63359.60,25579058,10437904,0,50000,173625,10.00,24.00,32.00,61.000000,19346,39.00,22999,36.00,53192,36.00,10921,547.00,36715,583.00,0,0.00,0,0.00,0,0,0,8390720,6757,0,8,0,0,0,53,37,260,0,0,0,0,0,0,0,50931076194,33040854962
