exp_id,group_name,threshold,phase,elapsed_sec,completed_ops,true_phase_iops,scan_us_per_key,scan_p99_us,get_live_p99_us,get_del_p99_us,put_p99_us,scan_limit_truncated_count
formal_f4a_wbs_16mb_rep01,F4A-WBS-16MB,0,"Phase A (Read Sensitive)",0.4430,100000,225729.6252,0.7039,297.8155,241.6339,276.0912,50.5151,29
formal_f4a_wbs_16mb_rep01,F4A-WBS-16MB,0,"Phase B (Write Burst)",3.8360,100000,26068.7607,9.8078,2654.2839,2417.8038,2347.0715,197.1228,32
formal_f4a_wbs_16mb_rep01,F4A-WBS-16MB,0,"Phase C (Read Recovery)",5.5284,100000,18088.3206,6.8771,3731.1448,3473.6773,3442.2476,160.2274,38
formal_f4a_wbs_64mb_rep01,F4A-WBS-64MB,0,"Phase A (Read Sensitive)",0.4706,100000,212490.0983,0.7531,330.3295,259.2294,321.8337,53.2818,29
formal_f4a_wbs_64mb_rep01,F4A-WBS-64MB,0,"Phase B (Write Burst)",6.9897,100000,14306.6885,17.9158,4748.7461,4488.5417,4557.0544,201.3480,32
formal_f4a_wbs_64mb_rep01,F4A-WBS-64MB,0,"Phase C (Read Recovery)",12.1394,100000,8237.6624,13.4072,6535.2643,6256.2744,6256.2744,186.2087,38
formal_f4a_wbs_128mb_rep01,F4A-WBS-128MB,0,"Phase A (Read Sensitive)",0.4500,100000,222205.0384,0.7057,300.7169,246.2157,273.2618,52.0059,29
formal_f4a_wbs_128mb_rep01,F4A-WBS-128MB,0,"Phase B (Write Burst)",6.5430,100000,15283.4520,15.1013,4717.1991,4458.7233,4499.4341,169.7215,32
formal_f4a_wbs_128mb_rep01,F4A-WBS-128MB,0,"Phase C (Read Recovery)",11.3244,100000,8830.5053,10.3586,6425.3196,6214.7126,6210.9480,166.1599,38
formal_f4b_wbs_16mb_rep01,F4B-WBS-16MB,0,"Phase A (Read Sensitive)",1.4308,436904,305361.1744,0.0000,0.0000,0.0000,0.0000,52.7677,0
formal_f4b_wbs_16mb_rep01,F4B-WBS-16MB,0,"Phase B (Write Burst)",1.3818,436904,316177.0520,0.0000,0.0000,0.0000,0.0000,37.4247,0
formal_f4b_wbs_16mb_rep01,F4B-WBS-16MB,0,"Phase C (Read Recovery)",1.9116,436912,228557.6801,0.0000,0.0000,0.0000,0.0000,73.2825,0
formal_f4b_wbs_64mb_rep01,F4B-WBS-64MB,0,"Phase A (Read Sensitive)",0.9241,436904,472763.8546,0.0000,0.0000,0.0000,0.0000,25.1493,0
formal_f4b_wbs_64mb_rep01,F4B-WBS-64MB,0,"Phase B (Write Burst)",1.1239,436904,388745.2872,0.0000,0.0000,0.0000,0.0000,29.3872,0
formal_f4b_wbs_64mb_rep01,F4B-WBS-64MB,0,"Phase C (Read Recovery)",1.2020,436912,363482.9035,0.0000,0.0000,0.0000,0.0000,32.1249,0
formal_f4b_wbs_128mb_rep01,F4B-WBS-128MB,0,"Phase A (Read Sensitive)",0.9298,436904,469869.7294,0.0000,0.0000,0.0000,0.0000,25.3022,0
formal_f4b_wbs_128mb_rep01,F4B-WBS-128MB,0,"Phase B (Write Burst)",1.1458,436904,381319.9136,0.0000,0.0000,0.0000,0.0000,28.8928,0
formal_f4b_wbs_128mb_rep01,F4B-WBS-128MB,0,"Phase C (Read Recovery)",1.0826,436912,403559.4842,0.0000,0.0000,0.0000,0.0000,28.5448,0
formal_f4b_wbs_128mb_rep02,F4B-WBS-128MB,0,"Phase A (Read Sensitive)",0.8597,436904,508206.9719,0.0000,0.0000,0.0000,0.0000,22.2250,0
formal_f4b_wbs_128mb_rep02,F4B-WBS-128MB,0,"Phase B (Write Burst)",0.9911,436904,440810.7269,0.0000,0.0000,0.0000,0.0000,25.6107,0
formal_f4b_wbs_128mb_rep02,F4B-WBS-128MB,0,"Phase C (Read Recovery)",0.9712,436912,449869.8538,0.0000,0.0000,0.0000,0.0000,25.3482,0
formal_f4b_wbs_64mb_rep02,F4B-WBS-64MB,0,"Phase A (Read Sensitive)",0.8190,436904,533453.1982,0.0000,0.0000,0.0000,0.0000,21.6928,0
formal_f4b_wbs_64mb_rep02,F4B-WBS-64MB,0,"Phase B (Write Burst)",1.0259,436904,425865.4940,0.0000,0.0000,0.0000,0.0000,27.9966,0
formal_f4b_wbs_64mb_rep02,F4B-WBS-64MB,0,"Phase C (Read Recovery)",1.2219,436912,357562.2567,0.0000,0.0000,0.0000,0.0000,27.9796,0
formal_f4b_wbs_16mb_rep02,F4B-WBS-16MB,0,"Phase A (Read Sensitive)",1.5043,436904,290440.0938,0.0000,0.0000,0.0000,0.0000,51.5666,0
formal_f4b_wbs_16mb_rep02,F4B-WBS-16MB,0,"Phase B (Write Burst)",1.9837,436904,220241.4672,0.0000,0.0000,0.0000,0.0000,82.1247,0
formal_f4b_wbs_16mb_rep02,F4B-WBS-16MB,0,"Phase C (Read Recovery)",1.8679,436912,233901.2405,0.0000,0.0000,0.0000,0.0000,62.2979,0
formal_f4a_wbs_128mb_rep02,F4A-WBS-128MB,0,"Phase A (Read Sensitive)",0.4488,100000,222812.2623,0.6913,286.3137,237.4249,314.1270,48.8001,29
formal_f4a_wbs_128mb_rep02,F4A-WBS-128MB,0,"Phase B (Write Burst)",6.9116,100000,14468.3706,17.7469,4725.7820,4513.0868,4524.0387,216.5341,32
formal_f4a_wbs_128mb_rep02,F4A-WBS-128MB,0,"Phase C (Read Recovery)",12.1460,100000,8233.1464,13.4952,6539.2255,6305.7514,6305.7514,181.7497,38
formal_f4a_wbs_64mb_rep02,F4A-WBS-64MB,0,"Phase A (Read Sensitive)",0.4441,100000,225168.1294,0.7186,309.2169,252.2563,308.0947,49.8461,29
formal_f4a_wbs_64mb_rep02,F4A-WBS-64MB,0,"Phase B (Write Burst)",6.8309,100000,14639.4084,17.5888,4737.2501,4499.4341,4507.6207,200.4958,32
formal_f4a_wbs_64mb_rep02,F4A-WBS-64MB,0,"Phase C (Read Recovery)",11.8986,100000,8404.3756,12.3605,6480.0588,6210.9480,6226.0202,179.0172,38
formal_f4a_wbs_16mb_rep02,F4A-WBS-16MB,0,"Phase A (Read Sensitive)",0.4610,100000,216916.8972,0.7386,328.7321,270.7893,342.9755,52.0690,29
formal_f4a_wbs_16mb_rep02,F4A-WBS-16MB,0,"Phase B (Write Burst)",3.8030,100000,26295.0547,9.4649,3008.9921,2813.2642,2797.9639,173.8854,32
formal_f4a_wbs_16mb_rep02,F4A-WBS-16MB,0,"Phase C (Read Recovery)",6.7589,100000,14795.2606,8.1634,3747.0045,3404.9071,3386.3890,176.4326,38
formal_f4a_wbs_64mb_rep03,F4A-WBS-64MB,0,"Phase A (Read Sensitive)",0.5035,100000,198610.0873,0.7946,353.0976,287.1824,348.4218,53.4111,29
formal_f4a_wbs_64mb_rep03,F4A-WBS-64MB,0,"Phase B (Write Burst)",6.8606,100000,14575.9462,17.8320,4745.8695,4488.5417,4524.0387,200.2530,32
formal_f4a_wbs_64mb_rep03,F4A-WBS-64MB,0,"Phase C (Read Recovery)",12.2298,100000,8176.7428,13.4568,6535.2643,6290.4862,6286.6756,170.9601,38
formal_f4b_wbs_16mb_rep03,F4B-WBS-16MB,0,"Phase A (Read Sensitive)",1.6626,436904,262789.8508,0.0000,0.0000,0.0000,0.0000,53.8988,0
formal_f4b_wbs_16mb_rep03,F4B-WBS-16MB,0,"Phase B (Write Burst)",1.6834,436904,259533.8436,0.0000,0.0000,0.0000,0.0000,64.8399,0
formal_f4b_wbs_16mb_rep03,F4B-WBS-16MB,0,"Phase C (Read Recovery)",2.0091,436912,217465.3792,0.0000,0.0000,0.0000,0.0000,62.2602,0
formal_f4a_wbs_128mb_rep03,F4A-WBS-128MB,0,"Phase A (Read Sensitive)",0.4498,100000,222328.9495,0.6861,284.2394,250.1255,305.3071,49.4251,29
formal_f4a_wbs_128mb_rep03,F4A-WBS-128MB,0,"Phase B (Write Burst)",6.9050,100000,14482.3114,17.7836,4705.7796,4510.3529,4493.9846,206.9138,32
formal_f4a_wbs_128mb_rep03,F4A-WBS-128MB,0,"Phase C (Read Recovery)",12.1417,100000,8236.0904,13.5729,6535.2643,6321.0536,6332.5547,187.6813,38
formal_f4b_wbs_64mb_rep03,F4B-WBS-64MB,0,"Phase A (Read Sensitive)",0.9015,436904,484656.0997,0.0000,0.0000,0.0000,0.0000,23.1038,0
formal_f4b_wbs_64mb_rep03,F4B-WBS-64MB,0,"Phase B (Write Burst)",1.0228,436904,427169.3396,0.0000,0.0000,0.0000,0.0000,27.5757,0
formal_f4b_wbs_64mb_rep03,F4B-WBS-64MB,0,"Phase C (Read Recovery)",1.3664,436912,319751.8774,0.0000,0.0000,0.0000,0.0000,28.5621,0
formal_f4a_wbs_16mb_rep03,F4A-WBS-16MB,0,"Phase A (Read Sensitive)",0.4336,100000,230618.4900,0.7007,304.7526,245.1736,260.3313,50.8221,29
formal_f4a_wbs_16mb_rep03,F4A-WBS-16MB,0,"Phase B (Write Burst)",3.5774,100000,27953.5345,8.8897,2949.4215,2737.5901,2699.7018,169.9273,32
formal_f4a_wbs_16mb_rep03,F4A-WBS-16MB,0,"Phase C (Read Recovery)",6.3212,100000,15819.7446,7.1764,3753.8221,3458.9746,3469.4702,155.3516,38
formal_f4b_wbs_128mb_rep03,F4B-WBS-128MB,0,"Phase A (Read Sensitive)",0.9150,436904,477474.6265,0.0000,0.0000,0.0000,0.0000,24.2220,0
formal_f4b_wbs_128mb_rep03,F4B-WBS-128MB,0,"Phase B (Write Burst)",0.9883,436904,442082.3493,0.0000,0.0000,0.0000,0.0000,25.8132,0
formal_f4b_wbs_128mb_rep03,F4B-WBS-128MB,0,"Phase C (Read Recovery)",1.1767,436912,371312.3105,0.0000,0.0000,0.0000,0.0000,30.7722,0
