config,phase_id,phase_name,op_name,count,p50_us_mean,p50_us_median,p50_us_iqr,p95_us_mean,p99_us_mean,p99_us_median,p99_us_iqr,p999_us_mean,max_us_mean,avg_us_mean,ret_keys_total,avg_returned_keys,scan_cost_per_key_us
AMTV-T0,0,Phase A (Baseline),GetLive,70000,6.4792000000000005,6.511,0.1670000000000007,17.812199999999997,23.4586,22.695,0.777000000000001,39.7992,146.07620000000003,8.072078000000001,0,0.0,0.0
AMTV-T0,0,Phase A (Baseline),Put,20000,11.3792,11.381,0.16999999999999993,20.6826,26.956599999999998,26.808,0.9170000000000016,64.455,274.4348,12.207939999999999,0,0.0,0.0
AMTV-T0,0,Phase A (Baseline),Scan-NonIntersect,5000,45.5176,45.312,0.7239999999999966,69.2668,84.9226,79.42,7.811999999999998,118.3208,177.12800000000001,48.57656,500000,100.0,0.4857656
AMTV-T0,0,Phase A (Baseline),Scan-PlannedIntersect,5000,62.8014,63.224,0.5559999999999974,129.5644,162.959,154.2,13.311000000000007,210.50699999999998,260.9756,71.18625999999999,500000,100.0,0.7118625999999999
AMTV-T0,1,Phase B (Dynamic Injection),DeleteRange,20000,44.286,44.466,1.757000000000005,149.708,227.67579999999998,229.823,18.22199999999998,326.4108,419.76239999999996,58.38324,0,0.0,0.0
AMTV-T0,1,Phase B (Dynamic Injection),GetLive,40000,9.6102,9.669,0.07699999999999996,19.784399999999998,27.5774,27.574,0.3949999999999996,53.370799999999996,247.69520000000003,10.72138,0,0.0,0.0
AMTV-T0,1,Phase B (Dynamic Injection),Put,30000,13.2374,13.037,0.7029999999999994,108.45360000000001,188.7176,194.42,12.221000000000004,285.3232,408.3728,29.61692,0,0.0,0.0
AMTV-T0,1,Phase B (Dynamic Injection),Scan-Intersect,5000,1787.5760000000002,1786.96,40.590000000000146,3367.34,3726.6639999999998,3697.16,59.620000000000346,4632.389999999999,5136.7880000000005,1800.7839999999997,250000,50.0,36.015640000000005
AMTV-T0,1,Phase B (Dynamic Injection),Scan-NonIntersect,5000,1797.218,1792.69,17.659999999999854,3356.6580000000004,3691.172,3690.42,152.67999999999984,4682.022,5658.88,1802.182,500000,100.0,18.021819999999998
AMTV-T0,2,Phase C (Post-Injection Read-Dominant),GetLive,80000,7.768800000000001,7.552,0.25899999999999945,14.441400000000002,19.750999999999998,20.507,3.030000000000001,28.8122,83.8798,8.137495999999999,0,0.0,0.0
AMTV-T0,2,Phase C (Post-Injection Read-Dominant),Put,10000,10.5134,10.667,1.1639999999999997,21.0228,27.517599999999998,28.127,5.510999999999999,41.3144,74.442,11.780439999999999,0,0.0,0.0
AMTV-T0,2,Phase C (Post-Injection Read-Dominant),Scan-Intersect,5000,54.7984,55.39,3.0989999999999966,82.74980000000001,103.57159999999999,106.368,14.265,902.017,1052.6972,58.90634,250000,50.0,1.1781259999999998
AMTV-T0,2,Phase C (Post-Injection Read-Dominant),Scan-NonIntersect,5000,50.824200000000005,50.907,1.8290000000000006,77.57820000000001,97.399,99.616,16.321000000000012,130.759,893.2149999999999,54.3446,500000,100.0,0.543446
AMTV-T512,0,Phase A (Baseline),GetLive,70000,6.314,6.233,0.3359999999999994,16.700200000000002,22.401999999999997,21.962,1.4600000000000009,37.800200000000004,120.6822,7.810784,0,0.0,0.0
AMTV-T512,0,Phase A (Baseline),Put,20000,11.054599999999999,10.96,0.2920000000000016,19.8526,25.4272,25.45,0.2789999999999999,61.455799999999996,208.66560000000004,11.855939999999999,0,0.0,0.0
AMTV-T512,0,Phase A (Baseline),Scan-NonIntersect,5000,45.0338,44.855,1.3290000000000006,62.3322,80.572,74.673,2.088000000000008,105.499,138.4876,47.034659999999995,500000,100.0,0.47034660000000006
AMTV-T512,0,Phase A (Baseline),Scan-PlannedIntersect,5000,61.436400000000006,61.926,3.0919999999999987,118.83419999999998,155.8878,145.393,3.5500000000000114,194.8212,326.18739999999997,68.53209999999999,500000,100.0,0.685321
AMTV-T512,1,Phase B (Dynamic Injection),DeleteRange,20000,172.7764,173.212,14.943999999999988,1159.382,1609.3960000000002,1615.66,43.25,2770.1299999999997,3664.304,270.82319999999993,0,0.0,0.0
AMTV-T512,1,Phase B (Dynamic Injection),GetLive,40000,22.111399999999996,23.048,1.2669999999999995,61.427,82.1866,83.423,6.532000000000011,123.95540000000001,581.1196,26.498720000000002,0,0.0,0.0
AMTV-T512,1,Phase B (Dynamic Injection),Put,30000,123.40039999999999,123.175,11.389999999999986,818.2366000000001,1492.4879999999998,1508.12,16.199999999999818,2614.626,3490.6059999999998,209.16960000000003,0,0.0,0.0
AMTV-T512,1,Phase B (Dynamic Injection),Scan-Intersect,5000,226.02039999999997,231.937,17.75200000000001,548.5458000000001,666.3039999999999,663.957,35.831999999999994,841.2369999999999,3684.6769999999997,262.5146,250000,50.0,5.25029
AMTV-T512,1,Phase B (Dynamic Injection),Scan-NonIntersect,5000,224.54739999999998,229.365,15.52000000000001,524.6338,625.8525999999999,628.443,25.022000000000048,801.0734,2518.9268,256.0238,500000,100.0,2.560238
AMTV-T512,2,Phase C (Post-Injection Read-Dominant),GetLive,80000,10.8554,10.476,0.8599999999999994,25.0854,34.278000000000006,30.983,2.8270000000000017,47.102999999999994,411.49120000000005,13.0531,0,0.0,0.0
AMTV-T512,2,Phase C (Post-Injection Read-Dominant),Put,10000,13.990199999999998,13.684,0.3179999999999996,125.67460000000001,254.43040000000002,36.587,3.2280000000000015,274.7764,355.044,25.8371,0,0.0,0.0
AMTV-T512,2,Phase C (Post-Injection Read-Dominant),Scan-Intersect,5000,73.0272,69.838,8.363,170.13619999999997,223.1576,206.339,25.771000000000015,315.93080000000003,452.4076,87.09667999999999,250000,50.0,1.7419339999999999
AMTV-T512,2,Phase C (Post-Injection Read-Dominant),Scan-NonIntersect,5000,81.849,80.293,8.504999999999995,155.2002,200.29659999999998,182.441,14.227000000000004,279.5786,2810.3688,92.96712,500000,100.0,0.9296711999999999
Native-T0,0,Phase A (Baseline),GetLive,70000,6.183199999999999,6.088,0.21399999999999952,17.2332,24.6276,23.46,5.638999999999999,41.3624,176.0498,7.847481999999999,0,0.0,0.0
Native-T0,0,Phase A (Baseline),Put,20000,10.695,10.743,0.17700000000000138,19.923000000000002,26.5574,27.069,2.6119999999999983,74.40040000000002,265.7638,11.608419999999999,0,0.0,0.0
Native-T0,0,Phase A (Baseline),Scan-NonIntersect,5000,44.352000000000004,43.715,0.3200000000000003,67.5556,91.92500000000001,91.802,29.099000000000004,127.9102,176.9558,47.39134,500000,100.0,0.4739134
Native-T0,0,Phase A (Baseline),Scan-PlannedIntersect,5000,61.03060000000001,60.109,1.2759999999999962,127.018,173.53940000000003,158.892,50.498999999999995,241.0496,300.17900000000003,69.54012,500000,100.0,0.6954012
Native-T0,1,Phase B (Dynamic Injection),DeleteRange,20000,113.59579999999998,115.875,5.054000000000002,271.35,393.4154,397.983,18.416999999999973,1497.488,7728.661999999999,130.5166,0,0.0,0.0
Native-T0,1,Phase B (Dynamic Injection),GetLive,40000,4025.495999999999,4185.54,390.77999999999975,10501.3,11389.8,11368.5,86.39999999999964,13858.2,17486.82,4461.188,0,0.0,0.0
Native-T0,1,Phase B (Dynamic Injection),Put,30000,55.19499999999999,58.644,7.012999999999998,189.41060000000002,311.7498,318.892,22.983000000000004,530.9415999999999,7796.37,72.30078,0,0.0,0.0
Native-T0,1,Phase B (Dynamic Injection),Scan-Intersect,5000,4186.106,4299.25,451.6099999999997,10731.16,11634.66,11585.8,221.8000000000011,14734.86,17548.16,4646.052000000001,250000,50.0,92.92105999999998
Native-T0,1,Phase B (Dynamic Injection),Scan-NonIntersect,5000,4185.718,4301.57,329.3499999999999,10735.6,11600.5,11644.3,124.80000000000109,14257.579999999998,16948.5,4629.611999999999,500000,100.0,46.29612
Native-T0,2,Phase C (Post-Injection Read-Dominant),GetLive,80000,8.8042,8.668,0.3439999999999994,20.6712,28.0928,28.338,1.2810000000000024,43.827200000000005,1887.5094000000001,9.970051999999999,0,0.0,0.0
Native-T0,2,Phase C (Post-Injection Read-Dominant),Put,10000,14.409600000000001,14.755,0.625,33.807399999999994,47.0204,47.314,6.896000000000001,67.96619999999999,106.46459999999999,16.959480000000003,0,0.0,0.0
Native-T0,2,Phase C (Post-Injection Read-Dominant),Scan-Intersect,5000,70.5798,70.747,4.3430000000000035,145.83859999999999,178.5748,179.358,7.3440000000000225,233.129,292.51180000000005,81.21384,250000,50.0,1.624276
Native-T0,2,Phase C (Post-Injection Read-Dominant),Scan-NonIntersect,5000,65.9344,65.484,1.6940000000000026,144.2194,163.5714,163.047,3.382000000000005,208.57599999999996,261.6774,77.43794,500000,100.0,0.7743793999999999
Native-T512,0,Phase A (Baseline),GetLive,70000,6.195199999999999,6.136,0.11800000000000033,16.877000000000002,23.861,22.474,2.907,40.3584,140.3732,7.779146,0,0.0,0.0
Native-T512,0,Phase A (Baseline),Put,20000,10.8176,10.663,0.37700000000000067,19.791400000000003,26.240999999999996,26.692,1.7429999999999986,67.2894,298.2366,11.69286,0,0.0,0.0
Native-T512,0,Phase A (Baseline),Scan-NonIntersect,5000,43.9692,43.451,0.892000000000003,65.8958,89.41260000000001,84.889,16.474000000000004,115.832,215.5134,46.64842,500000,100.0,0.4664842
Native-T512,0,Phase A (Baseline),Scan-PlannedIntersect,5000,60.3986,60.098,0.7809999999999988,125.54839999999999,168.3556,160.792,37.982,224.0882,300.4754,68.54339999999999,500000,100.0,0.6854340000000001
Native-T512,1,Phase B (Dynamic Injection),DeleteRange,20000,98.05640000000001,99.486,3.492999999999995,1080.6951999999999,1945.0600000000002,2266.39,864.3500000000001,2811.6780000000003,4364.4800000000005,210.53360000000004,0,0.0,0.0
Native-T512,1,Phase B (Dynamic Injection),GetLive,40000,87.89180000000002,87.325,13.533000000000001,291.24899999999997,347.11699999999996,346.022,6.350999999999999,434.20320000000004,1124.392,113.51962,0,0.0,0.0
Native-T512,1,Phase B (Dynamic Injection),Put,30000,61.407999999999994,62.173,5.151000000000003,823.7364,1832.836,2035.56,871.98,2552.634,4356.33,156.3186,0,0.0,0.0
Native-T512,1,Phase B (Dynamic Injection),Scan-Intersect,5000,252.4758,261.912,39.123999999999995,553.0718,653.766,652.14,13.267000000000053,834.49,3813.817,278.9866,250000,50.0,5.579734
Native-T512,1,Phase B (Dynamic Injection),Scan-NonIntersect,5000,258.8984,274.18,38.55800000000002,531.4087999999999,618.3878,615.709,12.025999999999954,814.0332000000001,3123.7264,275.9136,500000,100.0,2.7591360000000003
Native-T512,2,Phase C (Post-Injection Read-Dominant),GetLive,80000,9.3846,9.322,0.5700000000000003,26.931400000000004,39.3254,39.676,1.605000000000004,54.54780000000001,388.50579999999997,11.909299999999998,0,0.0,0.0
Native-T512,2,Phase C (Post-Injection Read-Dominant),Put,10000,14.077800000000002,14.014,0.588000000000001,33.52139999999999,204.14520000000002,48.184,18.128,502.73,626.322,20.70792,0,0.0,0.0
Native-T512,2,Phase C (Post-Injection Read-Dominant),Scan-Intersect,5000,66.444,66.421,3.2079999999999984,186.02100000000002,278.8534,284.48,22.137999999999977,364.7382,994.0255999999999,84.47189999999999,250000,50.0,1.6894379999999998
Native-T512,2,Phase C (Post-Injection Read-Dominant),Scan-NonIntersect,5000,79.2722,79.924,2.561000000000007,196.14339999999999,277.4044,280.398,13.310999999999979,359.5034,1445.7720000000002,94.8607,500000,100.0,0.948607
