exp_id,action_id,request_time_us,action,reason,state_before,flush_begin_time_us,flush_end_time_us,compaction_related,read_relief,put_cost,flush_output_bytes,compaction_read_bytes,compaction_write_bytes,result
rtp_mc_v2a_rep01,1,401181,SEAL,"READ_WARN","read_debt=0.082221;maint_debt=0.000000;tombstones=957",0,0,0,0.0000,0.0000,0,0,0,REQUESTED
rtp_mc_v2a_rep01,1,401181,SEAL,"READ_WARN","read_debt=0.082221;maint_debt=0.000000;tombstones=957",402464,0,0,0.0000,0.0000,0,0,0,FLUSHING
rtp_mc_v2a_rep01,1,401181,SEAL,"READ_WARN","read_debt=0.082221;maint_debt=0.000000;tombstones=957",402464,439647,0,0.0000,0.0000,3998427,0,0,DONE
rtp_mc_v2a_rep01,2,645559,SEAL,"READ_CRITICAL","read_debt=3.389500;maint_debt=0.369069;tombstones=1046",0,0,0,0.0000,0.0000,0,0,0,REQUESTED
rtp_mc_v2a_rep01,2,645559,SEAL,"READ_CRITICAL","read_debt=3.389500;maint_debt=0.369069;tombstones=1046",646948,0,0,0.0000,0.0000,0,0,0,FLUSHING
rtp_mc_v2a_rep01,2,645559,SEAL,"READ_CRITICAL","read_debt=3.389500;maint_debt=0.369069;tombstones=1046",646948,673920,0,0.0000,0.0000,3284225,0,0,DONE
rtp_mc_v2a_rep01,3,707255,SEAL,"READ_CRITICAL","read_debt=3.950978;maint_debt=0.385878;tombstones=473",0,0,0,0.0000,0.0000,0,0,0,REQUESTED
rtp_mc_v2a_rep01,3,707255,SEAL,"READ_CRITICAL","read_debt=3.950978;maint_debt=0.385878;tombstones=473",708024,0,0,0.0000,0.0000,0,0,0,FLUSHING
rtp_mc_v2a_rep01,3,707255,SEAL,"READ_CRITICAL","read_debt=3.950978;maint_debt=0.385878;tombstones=473",708024,732929,0,0.0000,0.0000,1361559,0,0,DONE
rtp_mc_v2a_rep01,4,768334,SEAL,"READ_CRITICAL","read_debt=4.162760;maint_debt=0.392861;tombstones=526",0,0,0,0.0000,0.0000,0,0,0,REQUESTED
rtp_mc_v2a_rep01,4,768334,SEAL,"READ_CRITICAL","read_debt=4.162760;maint_debt=0.392861;tombstones=526",769150,0,0,0.0000,0.0000,0,0,0,FLUSHING
rtp_mc_v2a_rep01,4,768334,SEAL,"READ_CRITICAL","read_debt=4.162760;maint_debt=0.392861;tombstones=526",769150,791967,0,0.0000,0.0000,1514739,0,0,DONE
rtp_mc_v2a_rep01,5,829550,SEAL,"READ_CRITICAL","read_debt=4.341442;maint_debt=0.400628;tombstones=572",0,0,0,0.0000,0.0000,0,0,0,REQUESTED
rtp_mc_v2a_rep01,5,829550,SEAL,"READ_CRITICAL","read_debt=4.341442;maint_debt=0.400628;tombstones=572",951296,0,0,0.0000,0.0000,0,0,0,FLUSHING
rtp_mc_v2a_rep01,5,829550,SEAL,"READ_CRITICAL","read_debt=4.341442;maint_debt=0.400628;tombstones=572",951296,1004511,0,0.0000,0.0000,3520813,0,0,DONE
rtp_mc_v2a_rep01,6,1010827,SEAL,"READ_CRITICAL","read_debt=3.376942;maint_debt=0.000000;tombstones=473",0,0,0,0.0000,0.0000,0,0,0,REQUESTED
rtp_mc_v2a_rep01,6,1010827,SEAL,"READ_CRITICAL","read_debt=3.376942;maint_debt=0.000000;tombstones=473",1011621,0,0,0.0000,0.0000,0,0,0,FLUSHING
rtp_mc_v2a_rep01,6,1010827,SEAL,"READ_CRITICAL","read_debt=3.376942;maint_debt=0.000000;tombstones=473",1011621,1035931,0,0.0000,0.0000,1327450,0,0,DONE
rtp_mc_v2a_rep01,7,1070893,SEAL,"READ_CRITICAL","read_debt=3.240514;maint_debt=0.000000;tombstones=522",0,0,0,0.0000,0.0000,0,0,0,REQUESTED
rtp_mc_v2a_rep01,7,1070893,SEAL,"READ_CRITICAL","read_debt=3.240514;maint_debt=0.000000;tombstones=522",1071759,0,0,0.0000,0.0000,0,0,0,FLUSHING
rtp_mc_v2a_rep01,7,1070893,SEAL,"READ_CRITICAL","read_debt=3.240514;maint_debt=0.000000;tombstones=522",1071759,1100152,0,0.0000,0.0000,1490444,0,0,DONE
rtp_mc_v2a_rep01,8,1131230,SEAL,"READ_CRITICAL","read_debt=3.326479;maint_debt=0.000000;tombstones=580",0,0,0,0.0000,0.0000,0,0,0,REQUESTED
rtp_mc_v2a_rep01,8,1131230,SEAL,"READ_CRITICAL","read_debt=3.326479;maint_debt=0.000000;tombstones=580",1132094,0,0,0.0000,0.0000,0,0,0,FLUSHING
rtp_mc_v2a_rep01,8,1131230,SEAL,"READ_CRITICAL","read_debt=3.326479;maint_debt=0.000000;tombstones=580",1132094,1163589,0,0.0000,0.0000,1545483,0,0,DONE
rtp_mc_v2a_rep01,9,1191566,SEAL,"READ_CRITICAL","read_debt=2.773439;maint_debt=0.000000;tombstones=505",0,0,0,0.0000,0.0000,0,0,0,REQUESTED
rtp_mc_v2a_rep01,9,1191566,SEAL,"READ_CRITICAL","read_debt=2.773439;maint_debt=0.000000;tombstones=505",1689906,0,0,0.0000,0.0000,0,0,0,FLUSHING
rtp_mc_v2a_rep01,9,1191566,SEAL,"READ_CRITICAL","read_debt=2.773439;maint_debt=0.000000;tombstones=505",1689906,1753924,0,0.0000,0.0000,4326559,0,0,DONE
rtp_mc_v2a_rep01,10,1756799,SEAL,"READ_CRITICAL","read_debt=11.350173;maint_debt=0.000000;tombstones=188",0,0,0,0.0000,0.0000,0,0,0,REQUESTED
rtp_mc_v2a_rep01,10,1756799,SEAL,"READ_CRITICAL","read_debt=11.350173;maint_debt=0.000000;tombstones=188",1757355,0,0,0.0000,0.0000,0,0,0,FLUSHING
rtp_mc_v2a_rep01,10,1756799,SEAL,"READ_CRITICAL","read_debt=11.350173;maint_debt=0.000000;tombstones=188",1757355,1765997,0,0.0000,0.0000,311414,0,0,DONE
rtp_mc_v2a_rep01,11,1823602,SEAL,"READ_CRITICAL","read_debt=13.566072;maint_debt=0.000000;tombstones=255",0,0,0,0.0000,0.0000,0,0,0,REQUESTED
rtp_mc_v2a_rep01,11,1823602,SEAL,"READ_CRITICAL","read_debt=13.566072;maint_debt=0.000000;tombstones=255",1824298,0,0,0.0000,0.0000,0,0,0,FLUSHING
rtp_mc_v2a_rep01,11,1823602,SEAL,"READ_CRITICAL","read_debt=13.566072;maint_debt=0.000000;tombstones=255",1824298,1837973,0,0.0000,0.0000,433762,0,0,DONE
rtp_mc_v2a_rep01,12,1883685,SEAL,"READ_CRITICAL","read_debt=15.805891;maint_debt=0.000000;tombstones=286",0,0,0,0.0000,0.0000,0,0,0,REQUESTED
rtp_mc_v2a_rep01,12,1883685,SEAL,"READ_CRITICAL","read_debt=15.805891;maint_debt=0.000000;tombstones=286",1884401,0,0,0.0000,0.0000,0,0,0,FLUSHING
rtp_mc_v2a_rep01,12,1883685,SEAL,"READ_CRITICAL","read_debt=15.805891;maint_debt=0.000000;tombstones=286",1884401,1900111,0,0.0000,0.0000,466235,0,0,DONE
rtp_mc_v2a_rep01,13,1944294,SEAL,"READ_CRITICAL","read_debt=17.829531;maint_debt=0.000000;tombstones=317",0,0,0,0.0000,0.0000,0,0,0,REQUESTED
rtp_mc_v2a_rep01,13,1944294,SEAL,"READ_CRITICAL","read_debt=17.829531;maint_debt=0.000000;tombstones=317",2177116,0,0,0.0000,0.0000,0,0,0,FLUSHING
rtp_mc_v2a_rep01,13,1944294,SEAL,"READ_CRITICAL","read_debt=17.829531;maint_debt=0.000000;tombstones=317",2177116,2212246,0,0.0000,0.0000,1756874,0,0,DONE
rtp_mc_v2a_rep01,14,2237334,SEAL,"READ_CRITICAL","read_debt=18.929877;maint_debt=0.000000;tombstones=191",0,0,0,0.0000,0.0000,0,0,0,REQUESTED
rtp_mc_v2a_rep01,14,2237334,SEAL,"READ_CRITICAL","read_debt=18.929877;maint_debt=0.000000;tombstones=191",2237927,0,0,0.0000,0.0000,0,0,0,FLUSHING
rtp_mc_v2a_rep01,14,2237334,SEAL,"READ_CRITICAL","read_debt=18.929877;maint_debt=0.000000;tombstones=191",2237927,2243994,0,0.0000,0.0000,349365,0,0,DONE
rtp_mc_v2a_rep01,15,2296811,SEAL,"READ_CRITICAL","read_debt=3.577968;maint_debt=0.000000;tombstones=271",0,0,0,0.0000,0.0000,0,0,0,REQUESTED
rtp_mc_v2a_rep01,15,2296811,SEAL,"READ_CRITICAL","read_debt=3.577968;maint_debt=0.000000;tombstones=271",2297460,0,0,0.0000,0.0000,0,0,0,FLUSHING
rtp_mc_v2a_rep01,15,2296811,SEAL,"READ_CRITICAL","read_debt=3.577968;maint_debt=0.000000;tombstones=271",2297460,2310872,0,0.0000,0.0000,455402,0,0,DONE
rtp_mc_v2a_rep01,16,2356266,SEAL,"READ_CRITICAL","read_debt=3.598169;maint_debt=0.000000;tombstones=189",0,0,0,0.0000,0.0000,0,0,0,REQUESTED
rtp_mc_v2a_rep01,16,2356266,SEAL,"READ_CRITICAL","read_debt=3.598169;maint_debt=0.000000;tombstones=189",2356822,0,0,0.0000,0.0000,0,0,0,FLUSHING
rtp_mc_v2a_rep01,16,2356266,SEAL,"READ_CRITICAL","read_debt=3.598169;maint_debt=0.000000;tombstones=189",2356822,0,0,0.0000,0.0000,0,0,0,CANCELLED
rtp_mc_v2a_rep02,1,396375,SEAL,"READ_WARN","read_debt=0.246911;maint_debt=0.000000;tombstones=973",0,0,0,0.0000,0.0000,0,0,0,REQUESTED
rtp_mc_v2a_rep02,1,396375,SEAL,"READ_WARN","read_debt=0.246911;maint_debt=0.000000;tombstones=973",397702,0,0,0.0000,0.0000,0,0,0,FLUSHING
rtp_mc_v2a_rep02,1,396375,SEAL,"READ_WARN","read_debt=0.246911;maint_debt=0.000000;tombstones=973",397702,442259,0,0.0000,0.0000,4063752,0,0,DONE
rtp_mc_v2a_rep02,2,520466,SEAL,"READ_CRITICAL","read_debt=0.160612;maint_debt=0.369403;tombstones=488",0,0,0,0.0000,0.0000,0,0,0,REQUESTED
rtp_mc_v2a_rep02,2,520466,SEAL,"READ_CRITICAL","read_debt=0.160612;maint_debt=0.369403;tombstones=488",521413,0,0,0.0000,0.0000,0,0,0,FLUSHING
rtp_mc_v2a_rep02,2,520466,SEAL,"READ_CRITICAL","read_debt=0.160612;maint_debt=0.369403;tombstones=488",521413,534405,0,0.0000,0.0000,1627123,0,0,DONE
rtp_mc_v2a_rep02,3,581345,SEAL,"READ_CRITICAL","read_debt=0.206164;maint_debt=0.377725;tombstones=539",0,0,0,0.0000,0.0000,0,0,0,REQUESTED
rtp_mc_v2a_rep02,3,581345,SEAL,"READ_CRITICAL","read_debt=0.206164;maint_debt=0.377725;tombstones=539",582237,0,0,0.0000,0.0000,0,0,0,FLUSHING
rtp_mc_v2a_rep02,3,581345,SEAL,"READ_CRITICAL","read_debt=0.206164;maint_debt=0.377725;tombstones=539",582237,609895,0,0.0000,0.0000,1626406,0,0,DONE
rtp_mc_v2a_rep02,4,642179,SEAL,"READ_CRITICAL","read_debt=0.349828;maint_debt=0.386057;tombstones=607",0,0,0,0.0000,0.0000,0,0,0,REQUESTED
rtp_mc_v2a_rep02,4,642179,SEAL,"READ_CRITICAL","read_debt=0.349828;maint_debt=0.386057;tombstones=607",643107,0,0,0.0000,0.0000,0,0,0,FLUSHING
rtp_mc_v2a_rep02,4,642179,SEAL,"READ_CRITICAL","read_debt=0.349828;maint_debt=0.386057;tombstones=607",643107,671567,0,0.0000,0.0000,1699384,0,0,DONE
rtp_mc_v2a_rep02,5,703031,SEAL,"READ_CRITICAL","read_debt=0.666700;maint_debt=0.394774;tombstones=622",0,0,0,0.0000,0.0000,0,0,0,REQUESTED
rtp_mc_v2a_rep02,5,703031,SEAL,"READ_CRITICAL","read_debt=0.666700;maint_debt=0.394774;tombstones=622",961000,0,0,0.0000,0.0000,0,0,0,FLUSHING
rtp_mc_v2a_rep02,5,703031,SEAL,"READ_CRITICAL","read_debt=0.666700;maint_debt=0.394774;tombstones=622",961000,1026765,0,0.0000,0.0000,4747922,0,0,DONE
rtp_mc_v2a_rep02,6,1078028,SEAL,"READ_CRITICAL","read_debt=8.285778;maint_debt=0.000000;tombstones=643",0,0,0,0.0000,0.0000,0,0,0,REQUESTED
rtp_mc_v2a_rep02,6,1078028,SEAL,"READ_CRITICAL","read_debt=8.285778;maint_debt=0.000000;tombstones=643",1078945,0,0,0.0000,0.0000,0,0,0,FLUSHING
rtp_mc_v2a_rep02,6,1078028,SEAL,"READ_CRITICAL","read_debt=8.285778;maint_debt=0.000000;tombstones=643",1078945,1109514,0,0.0000,0.0000,1696880,0,0,DONE
rtp_mc_v2a_rep02,7,1137675,SEAL,"READ_CRITICAL","read_debt=7.957965;maint_debt=0.000000;tombstones=396",0,0,0,0.0000,0.0000,0,0,0,REQUESTED
rtp_mc_v2a_rep02,7,1137675,SEAL,"READ_CRITICAL","read_debt=7.957965;maint_debt=0.000000;tombstones=396",1138456,0,0,0.0000,0.0000,0,0,0,FLUSHING
rtp_mc_v2a_rep02,7,1137675,SEAL,"READ_CRITICAL","read_debt=7.957965;maint_debt=0.000000;tombstones=396",1138456,1160758,0,0.0000,0.0000,1174395,0,0,DONE
rtp_mc_v2a_rep02,8,1197156,SEAL,"READ_CRITICAL","read_debt=7.691042;maint_debt=0.000000;tombstones=468",0,0,0,0.0000,0.0000,0,0,0,REQUESTED
rtp_mc_v2a_rep02,8,1197156,SEAL,"READ_CRITICAL","read_debt=7.691042;maint_debt=0.000000;tombstones=468",1197995,0,0,0.0000,0.0000,0,0,0,FLUSHING
rtp_mc_v2a_rep02,8,1197156,SEAL,"READ_CRITICAL","read_debt=7.691042;maint_debt=0.000000;tombstones=468",1197995,1224685,0,0.0000,0.0000,1330013,0,0,DONE
rtp_mc_v2a_rep02,9,1256640,SEAL,"READ_CRITICAL","read_debt=7.554611;maint_debt=0.000000;tombstones=513",0,0,0,0.0000,0.0000,0,0,0,REQUESTED
rtp_mc_v2a_rep02,9,1256640,SEAL,"READ_CRITICAL","read_debt=7.554611;maint_debt=0.000000;tombstones=513",1689280,0,0,0.0000,0.0000,0,0,0,FLUSHING
rtp_mc_v2a_rep02,9,1256640,SEAL,"READ_CRITICAL","read_debt=7.554611;maint_debt=0.000000;tombstones=513",1689280,1753140,0,0.0000,0.0000,4088098,0,0,DONE
rtp_mc_v2a_rep02,10,1755129,SEAL,"READ_CRITICAL","read_debt=8.942003;maint_debt=0.000000;tombstones=153",0,0,0,0.0000,0.0000,0,0,0,REQUESTED
rtp_mc_v2a_rep02,10,1755129,SEAL,"READ_CRITICAL","read_debt=8.942003;maint_debt=0.000000;tombstones=153",1755841,0,0,0.0000,0.0000,0,0,0,FLUSHING
rtp_mc_v2a_rep02,10,1755129,SEAL,"READ_CRITICAL","read_debt=8.942003;maint_debt=0.000000;tombstones=153",1755841,1764865,0,0.0000,0.0000,271559,0,0,DONE
rtp_mc_v2a_rep02,11,1820243,SEAL,"READ_CRITICAL","read_debt=11.161659;maint_debt=0.000000;tombstones=241",0,0,0,0.0000,0.0000,0,0,0,REQUESTED
rtp_mc_v2a_rep02,11,1820243,SEAL,"READ_CRITICAL","read_debt=11.161659;maint_debt=0.000000;tombstones=241",1820871,0,0,0.0000,0.0000,0,0,0,FLUSHING
rtp_mc_v2a_rep02,11,1820243,SEAL,"READ_CRITICAL","read_debt=11.161659;maint_debt=0.000000;tombstones=241",1820871,1833791,0,0.0000,0.0000,417078,0,0,DONE
rtp_mc_v2a_rep02,12,1879979,SEAL,"READ_CRITICAL","read_debt=13.782806;maint_debt=0.000000;tombstones=302",0,0,0,0.0000,0.0000,0,0,0,REQUESTED
rtp_mc_v2a_rep02,12,1879979,SEAL,"READ_CRITICAL","read_debt=13.782806;maint_debt=0.000000;tombstones=302",1880742,0,0,0.0000,0.0000,0,0,0,FLUSHING
rtp_mc_v2a_rep02,12,1879979,SEAL,"READ_CRITICAL","read_debt=13.782806;maint_debt=0.000000;tombstones=302",1880742,1895935,0,0.0000,0.0000,489686,0,0,DONE
rtp_mc_v2a_rep02,13,1940354,SEAL,"READ_CRITICAL","read_debt=16.317756;maint_debt=0.000000;tombstones=329",0,0,0,0.0000,0.0000,0,0,0,REQUESTED
rtp_mc_v2a_rep02,13,1940354,SEAL,"READ_CRITICAL","read_debt=16.317756;maint_debt=0.000000;tombstones=329",2163125,0,0,0.0000,0.0000,0,0,0,FLUSHING
rtp_mc_v2a_rep02,13,1940354,SEAL,"READ_CRITICAL","read_debt=16.317756;maint_debt=0.000000;tombstones=329",2163125,2197691,0,0.0000,0.0000,1720957,0,0,DONE
rtp_mc_v2a_rep02,14,2220900,SEAL,"READ_CRITICAL","read_debt=17.797114;maint_debt=0.000000;tombstones=235",0,0,0,0.0000,0.0000,0,0,0,REQUESTED
rtp_mc_v2a_rep02,14,2220900,SEAL,"READ_CRITICAL","read_debt=17.797114;maint_debt=0.000000;tombstones=235",2221596,0,0,0.0000,0.0000,0,0,0,FLUSHING
rtp_mc_v2a_rep02,14,2220900,SEAL,"READ_CRITICAL","read_debt=17.797114;maint_debt=0.000000;tombstones=235",2221596,2233049,0,0.0000,0.0000,397144,0,0,DONE
rtp_mc_v2a_rep02,15,2280115,SEAL,"READ_CRITICAL","read_debt=3.749344;maint_debt=0.000000;tombstones=292",0,0,0,0.0000,0.0000,0,0,0,REQUESTED
rtp_mc_v2a_rep02,15,2280115,SEAL,"READ_CRITICAL","read_debt=3.749344;maint_debt=0.000000;tombstones=292",2280902,0,0,0.0000,0.0000,0,0,0,FLUSHING
rtp_mc_v2a_rep02,15,2280115,SEAL,"READ_CRITICAL","read_debt=3.749344;maint_debt=0.000000;tombstones=292",2280902,2295271,0,0.0000,0.0000,506050,0,0,DONE
rtp_mc_v2a_rep02,16,2335103,SEAL,"READ_CRITICAL","read_debt=3.838791;maint_debt=0.000000;tombstones=289",0,0,0,0.0000,0.0000,0,0,0,REQUESTED
rtp_mc_v2a_rep02,16,2335103,SEAL,"READ_CRITICAL","read_debt=3.838791;maint_debt=0.000000;tombstones=289",2335491,0,0,0.0000,0.0000,0,0,0,FLUSHING
rtp_mc_v2a_rep02,16,2335103,SEAL,"READ_CRITICAL","read_debt=3.838791;maint_debt=0.000000;tombstones=289",2335491,2348470,0,0.0000,0.0000,474053,0,0,DONE
rtp_mc_v2a_rep03,1,457196,SEAL,"READ_WARN","read_debt=1.921406;maint_debt=0.000000;tombstones=985",0,0,0,0.0000,0.0000,0,0,0,REQUESTED
rtp_mc_v2a_rep03,1,457196,SEAL,"READ_WARN","read_debt=1.921406;maint_debt=0.000000;tombstones=985",458378,0,0,0.0000,0.0000,0,0,0,FLUSHING
rtp_mc_v2a_rep03,1,457196,SEAL,"READ_WARN","read_debt=1.921406;maint_debt=0.000000;tombstones=985",458378,497921,0,0.0000,0.0000,4119932,0,0,DONE
rtp_mc_v2a_rep03,2,579987,SEAL,"READ_CRITICAL","read_debt=1.772090;maint_debt=0.369687;tombstones=503",0,0,0,0.0000,0.0000,0,0,0,REQUESTED
rtp_mc_v2a_rep03,2,579987,SEAL,"READ_CRITICAL","read_debt=1.772090;maint_debt=0.369687;tombstones=503",580870,0,0,0.0000,0.0000,0,0,0,FLUSHING
rtp_mc_v2a_rep03,2,579987,SEAL,"READ_CRITICAL","read_debt=1.772090;maint_debt=0.369687;tombstones=503",580870,592126,0,0.0000,0.0000,1652715,0,0,DONE
rtp_mc_v2a_rep03,3,640861,SEAL,"READ_CRITICAL","read_debt=1.724672;maint_debt=0.378141;tombstones=592",0,0,0,0.0000,0.0000,0,0,0,REQUESTED
rtp_mc_v2a_rep03,3,640861,SEAL,"READ_CRITICAL","read_debt=1.724672;maint_debt=0.378141;tombstones=592",641885,0,0,0.0000,0.0000,0,0,0,FLUSHING
rtp_mc_v2a_rep03,3,640861,SEAL,"READ_CRITICAL","read_debt=1.724672;maint_debt=0.378141;tombstones=592",641885,672324,0,0.0000,0.0000,1805357,0,0,DONE
rtp_mc_v2a_rep03,4,701799,SEAL,"READ_CRITICAL","read_debt=1.852385;maint_debt=0.387388;tombstones=623",0,0,0,0.0000,0.0000,0,0,0,REQUESTED
rtp_mc_v2a_rep03,4,701799,SEAL,"READ_CRITICAL","read_debt=1.852385;maint_debt=0.387388;tombstones=623",702689,0,0,0.0000,0.0000,0,0,0,FLUSHING
rtp_mc_v2a_rep03,4,701799,SEAL,"READ_CRITICAL","read_debt=1.852385;maint_debt=0.387388;tombstones=623",702689,728278,0,0.0000,0.0000,1734773,0,0,DONE
rtp_mc_v2a_rep03,5,762670,SEAL,"READ_CRITICAL","read_debt=1.941241;maint_debt=0.396288;tombstones=667",0,0,0,0.0000,0.0000,0,0,0,REQUESTED
rtp_mc_v2a_rep03,5,762670,SEAL,"READ_CRITICAL","read_debt=1.941241;maint_debt=0.396288;tombstones=667",1030094,0,0,0.0000,0.0000,0,0,0,FLUSHING
rtp_mc_v2a_rep03,5,762670,SEAL,"READ_CRITICAL","read_debt=1.941241;maint_debt=0.396288;tombstones=667",1030094,1101217,0,0.0000,0.0000,5306859,0,0,DONE
rtp_mc_v2a_rep03,6,1146761,SEAL,"READ_CRITICAL","read_debt=8.988511;maint_debt=0.000000;tombstones=789",0,0,0,0.0000,0.0000,0,0,0,REQUESTED
rtp_mc_v2a_rep03,6,1146761,SEAL,"READ_CRITICAL","read_debt=8.988511;maint_debt=0.000000;tombstones=789",1147796,0,0,0.0000,0.0000,0,0,0,FLUSHING
rtp_mc_v2a_rep03,6,1146761,SEAL,"READ_CRITICAL","read_debt=8.988511;maint_debt=0.000000;tombstones=789",1147796,1186008,0,0.0000,0.0000,2189444,0,0,DONE
rtp_mc_v2a_rep03,7,1206133,SEAL,"READ_CRITICAL","read_debt=8.857850;maint_debt=0.000000;tombstones=500",0,0,0,0.0000,0.0000,0,0,0,REQUESTED
rtp_mc_v2a_rep03,7,1206133,SEAL,"READ_CRITICAL","read_debt=8.857850;maint_debt=0.000000;tombstones=500",1206984,0,0,0.0000,0.0000,0,0,0,FLUSHING
rtp_mc_v2a_rep03,7,1206133,SEAL,"READ_CRITICAL","read_debt=8.857850;maint_debt=0.000000;tombstones=500",1206984,1234492,0,0.0000,0.0000,1473798,0,0,DONE
rtp_mc_v2a_rep03,8,1265223,SEAL,"READ_CRITICAL","read_debt=8.566463;maint_debt=0.000000;tombstones=486",0,0,0,0.0000,0.0000,0,0,0,REQUESTED
rtp_mc_v2a_rep03,8,1265223,SEAL,"READ_CRITICAL","read_debt=8.566463;maint_debt=0.000000;tombstones=486",1266001,0,0,0.0000,0.0000,0,0,0,FLUSHING
rtp_mc_v2a_rep03,8,1265223,SEAL,"READ_CRITICAL","read_debt=8.566463;maint_debt=0.000000;tombstones=486",1266001,1294650,0,0.0000,0.0000,1474390,0,0,DONE
rtp_mc_v2a_rep03,9,1324628,SEAL,"READ_CRITICAL","read_debt=8.653393;maint_debt=0.000000;tombstones=476",0,0,0,0.0000,0.0000,0,0,0,REQUESTED
rtp_mc_v2a_rep03,9,1324628,SEAL,"READ_CRITICAL","read_debt=8.653393;maint_debt=0.000000;tombstones=476",1706176,0,0,0.0000,0.0000,0,0,0,FLUSHING
rtp_mc_v2a_rep03,9,1324628,SEAL,"READ_CRITICAL","read_debt=8.653393;maint_debt=0.000000;tombstones=476",1706176,1754572,0,0.0000,0.0000,2821256,0,0,DONE
rtp_mc_v2a_rep03,10,1771505,SEAL,"READ_CRITICAL","read_debt=9.662275;maint_debt=0.000000;tombstones=238",0,0,0,0.0000,0.0000,0,0,0,REQUESTED
rtp_mc_v2a_rep03,10,1771505,SEAL,"READ_CRITICAL","read_debt=9.662275;maint_debt=0.000000;tombstones=238",1772120,0,0,0.0000,0.0000,0,0,0,FLUSHING
rtp_mc_v2a_rep03,10,1771505,SEAL,"READ_CRITICAL","read_debt=9.662275;maint_debt=0.000000;tombstones=238",1772120,1784545,0,0.0000,0.0000,417615,0,0,DONE
rtp_mc_v2a_rep03,11,1837389,SEAL,"READ_CRITICAL","read_debt=11.891596;maint_debt=0.000000;tombstones=327",0,0,0,0.0000,0.0000,0,0,0,REQUESTED
rtp_mc_v2a_rep03,11,1837389,SEAL,"READ_CRITICAL","read_debt=11.891596;maint_debt=0.000000;tombstones=327",1838091,0,0,0.0000,0.0000,0,0,0,FLUSHING
rtp_mc_v2a_rep03,11,1837389,SEAL,"READ_CRITICAL","read_debt=11.891596;maint_debt=0.000000;tombstones=327",1838091,1851987,0,0.0000,0.0000,530041,0,0,DONE
rtp_mc_v2a_rep03,12,1897242,SEAL,"READ_CRITICAL","read_debt=12.844786;maint_debt=0.000000;tombstones=338",0,0,0,0.0000,0.0000,0,0,0,REQUESTED
rtp_mc_v2a_rep03,12,1897242,SEAL,"READ_CRITICAL","read_debt=12.844786;maint_debt=0.000000;tombstones=338",1897919,0,0,0.0000,0.0000,0,0,0,FLUSHING
rtp_mc_v2a_rep03,12,1897242,SEAL,"READ_CRITICAL","read_debt=12.844786;maint_debt=0.000000;tombstones=338",1897919,1906873,0,0.0000,0.0000,554310,0,0,DONE
rtp_mc_v2a_rep03,13,1957604,SEAL,"READ_CRITICAL","read_debt=13.435398;maint_debt=0.000000;tombstones=348",0,0,0,0.0000,0.0000,0,0,0,REQUESTED
rtp_mc_v2a_rep03,13,1957604,SEAL,"READ_CRITICAL","read_debt=13.435398;maint_debt=0.000000;tombstones=348",2195657,0,0,0.0000,0.0000,0,0,0,FLUSHING
rtp_mc_v2a_rep03,13,1957604,SEAL,"READ_CRITICAL","read_debt=13.435398;maint_debt=0.000000;tombstones=348",2195657,2224158,0,0.0000,0.0000,1830692,0,0,DONE
rtp_mc_v2a_rep03,14,2255343,SEAL,"READ_CRITICAL","read_debt=11.192023;maint_debt=0.000000;tombstones=181",0,0,0,0.0000,0.0000,0,0,0,REQUESTED
rtp_mc_v2a_rep03,14,2255343,SEAL,"READ_CRITICAL","read_debt=11.192023;maint_debt=0.000000;tombstones=181",2255943,0,0,0.0000,0.0000,0,0,0,FLUSHING
rtp_mc_v2a_rep03,14,2255343,SEAL,"READ_CRITICAL","read_debt=11.192023;maint_debt=0.000000;tombstones=181",2255943,2265534,0,0.0000,0.0000,290516,0,0,DONE
rtp_mc_v2a_rep03,15,2314408,SEAL,"READ_CRITICAL","read_debt=2.281906;maint_debt=0.000000;tombstones=134",0,0,0,0.0000,0.0000,0,0,0,REQUESTED
rtp_mc_v2a_rep03,15,2314408,SEAL,"READ_CRITICAL","read_debt=2.281906;maint_debt=0.000000;tombstones=134",2314935,0,0,0.0000,0.0000,0,0,0,FLUSHING
rtp_mc_v2a_rep03,15,2314408,SEAL,"READ_CRITICAL","read_debt=2.281906;maint_debt=0.000000;tombstones=134",2314935,0,0,0.0000,0.0000,0,0,0,CANCELLED
rtp_mc_v2a_rep04,1,464184,SEAL,"READ_CRITICAL","read_debt=2.837338;maint_debt=0.000000;tombstones=1141",0,0,0,0.0000,0.0000,0,0,0,REQUESTED
rtp_mc_v2a_rep04,1,464184,SEAL,"READ_CRITICAL","read_debt=2.837338;maint_debt=0.000000;tombstones=1141",465643,0,0,0.0000,0.0000,0,0,0,FLUSHING
rtp_mc_v2a_rep04,1,464184,SEAL,"READ_CRITICAL","read_debt=2.837338;maint_debt=0.000000;tombstones=1141",465643,509821,0,0.0000,0.0000,4705301,0,0,DONE
rtp_mc_v2a_rep04,2,527023,SEAL,"READ_CRITICAL","read_debt=2.832782;maint_debt=0.372663;tombstones=57",0,0,0,0.0000,0.0000,0,0,0,REQUESTED
rtp_mc_v2a_rep04,2,527023,SEAL,"READ_CRITICAL","read_debt=2.832782;maint_debt=0.372663;tombstones=57",527614,0,0,0.0000,0.0000,0,0,0,FLUSHING
rtp_mc_v2a_rep04,2,527023,SEAL,"READ_CRITICAL","read_debt=2.832782;maint_debt=0.372663;tombstones=57",527614,531723,0,0.0000,0.0000,208547,0,0,DONE
rtp_mc_v2a_rep04,3,590937,SEAL,"READ_CRITICAL","read_debt=2.765956;maint_debt=0.373734;tombstones=339",0,0,0,0.0000,0.0000,0,0,0,REQUESTED
rtp_mc_v2a_rep04,3,590937,SEAL,"READ_CRITICAL","read_debt=2.765956;maint_debt=0.373734;tombstones=339",591762,0,0,0.0000,0.0000,0,0,0,FLUSHING
rtp_mc_v2a_rep04,3,590937,SEAL,"READ_CRITICAL","read_debt=2.765956;maint_debt=0.373734;tombstones=339",591762,608981,0,0.0000,0.0000,970429,0,0,DONE
rtp_mc_v2a_rep04,4,652574,SEAL,"READ_CRITICAL","read_debt=2.842303;maint_debt=0.378713;tombstones=400",0,0,0,0.0000,0.0000,0,0,0,REQUESTED
rtp_mc_v2a_rep04,4,652574,SEAL,"READ_CRITICAL","read_debt=2.842303;maint_debt=0.378713;tombstones=400",653197,0,0,0.0000,0.0000,0,0,0,FLUSHING
rtp_mc_v2a_rep04,4,652574,SEAL,"READ_CRITICAL","read_debt=2.842303;maint_debt=0.378713;tombstones=400",653197,673179,0,0.0000,0.0000,1234384,0,0,DONE
rtp_mc_v2a_rep04,5,712569,SEAL,"READ_CRITICAL","read_debt=2.978343;maint_debt=0.385035;tombstones=453",0,0,0,0.0000,0.0000,0,0,0,REQUESTED
rtp_mc_v2a_rep04,5,712569,SEAL,"READ_CRITICAL","read_debt=2.978343;maint_debt=0.385035;tombstones=453",994116,0,0,0.0000,0.0000,0,0,0,FLUSHING
rtp_mc_v2a_rep04,5,712569,SEAL,"READ_CRITICAL","read_debt=2.978343;maint_debt=0.385035;tombstones=453",994116,1053162,0,0.0000,0.0000,4094373,0,0,DONE
rtp_mc_v2a_rep04,6,1054514,SEAL,"READ_CRITICAL","read_debt=6.432250;maint_debt=0.000000;tombstones=284",0,0,0,0.0000,0.0000,0,0,0,REQUESTED
rtp_mc_v2a_rep04,6,1054514,SEAL,"READ_CRITICAL","read_debt=6.432250;maint_debt=0.000000;tombstones=284",1055325,0,0,0.0000,0.0000,0,0,0,FLUSHING
rtp_mc_v2a_rep04,6,1054514,SEAL,"READ_CRITICAL","read_debt=6.432250;maint_debt=0.000000;tombstones=284",1055325,1071463,0,0.0000,0.0000,812053,0,0,DONE
rtp_mc_v2a_rep04,7,1113627,SEAL,"READ_CRITICAL","read_debt=6.358998;maint_debt=0.000000;tombstones=358",0,0,0,0.0000,0.0000,0,0,0,REQUESTED
rtp_mc_v2a_rep04,7,1113627,SEAL,"READ_CRITICAL","read_debt=6.358998;maint_debt=0.000000;tombstones=358",1114349,0,0,0.0000,0.0000,0,0,0,FLUSHING
rtp_mc_v2a_rep04,7,1113627,SEAL,"READ_CRITICAL","read_debt=6.358998;maint_debt=0.000000;tombstones=358",1114349,1135784,0,0.0000,0.0000,1076808,0,0,DONE
rtp_mc_v2a_rep04,8,1170889,SEAL,"READ_CRITICAL","read_debt=6.326188;maint_debt=0.000000;tombstones=431",0,0,0,0.0000,0.0000,0,0,0,REQUESTED
rtp_mc_v2a_rep04,8,1170889,SEAL,"READ_CRITICAL","read_debt=6.326188;maint_debt=0.000000;tombstones=431",1171476,0,0,0.0000,0.0000,0,0,0,FLUSHING
rtp_mc_v2a_rep04,8,1170889,SEAL,"READ_CRITICAL","read_debt=6.326188;maint_debt=0.000000;tombstones=431",1171476,1195402,0,0.0000,0.0000,1176859,0,0,DONE
rtp_mc_v2a_rep04,9,1227251,SEAL,"READ_CRITICAL","read_debt=6.426069;maint_debt=0.000000;tombstones=489",0,0,0,0.0000,0.0000,0,0,0,REQUESTED
rtp_mc_v2a_rep04,9,1227251,SEAL,"READ_CRITICAL","read_debt=6.426069;maint_debt=0.000000;tombstones=489",1540910,0,0,0.0000,0.0000,0,0,0,FLUSHING
rtp_mc_v2a_rep04,9,1227251,SEAL,"READ_CRITICAL","read_debt=6.426069;maint_debt=0.000000;tombstones=489",1540910,1604569,0,0.0000,0.0000,4519525,0,0,DONE
rtp_mc_v2a_rep04,10,1613317,SEAL,"READ_CRITICAL","read_debt=7.638484;maint_debt=0.000000;tombstones=393",0,0,0,0.0000,0.0000,0,0,0,REQUESTED
rtp_mc_v2a_rep04,10,1613317,SEAL,"READ_CRITICAL","read_debt=7.638484;maint_debt=0.000000;tombstones=393",1614092,0,0,0.0000,0.0000,0,0,0,FLUSHING
rtp_mc_v2a_rep04,10,1613317,SEAL,"READ_CRITICAL","read_debt=7.638484;maint_debt=0.000000;tombstones=393",1614092,1635452,0,0.0000,0.0000,1059908,0,0,DONE
rtp_mc_v2a_rep04,11,1681417,SEAL,"READ_CRITICAL","read_debt=7.596875;maint_debt=0.000000;tombstones=390",0,0,0,0.0000,0.0000,0,0,0,REQUESTED
rtp_mc_v2a_rep04,11,1681417,SEAL,"READ_CRITICAL","read_debt=7.596875;maint_debt=0.000000;tombstones=390",1682271,0,0,0.0000,0.0000,0,0,0,FLUSHING
rtp_mc_v2a_rep04,11,1681417,SEAL,"READ_CRITICAL","read_debt=7.596875;maint_debt=0.000000;tombstones=390",1682271,1706173,0,0.0000,0.0000,1205172,0,0,DONE
rtp_mc_v2a_rep04,12,1738636,SEAL,"READ_CRITICAL","read_debt=6.981807;maint_debt=0.000000;tombstones=269",0,0,0,0.0000,0.0000,0,0,0,REQUESTED
rtp_mc_v2a_rep04,12,1738636,SEAL,"READ_CRITICAL","read_debt=6.981807;maint_debt=0.000000;tombstones=269",1739127,0,0,0.0000,0.0000,0,0,0,FLUSHING
rtp_mc_v2a_rep04,12,1738636,SEAL,"READ_CRITICAL","read_debt=6.981807;maint_debt=0.000000;tombstones=269",1739127,1749772,0,0.0000,0.0000,796027,0,0,DONE
rtp_mc_v2a_rep04,13,1794297,SEAL,"READ_CRITICAL","read_debt=7.402475;maint_debt=0.000000;tombstones=99",0,0,0,0.0000,0.0000,0,0,0,REQUESTED
rtp_mc_v2a_rep04,13,1794297,SEAL,"READ_CRITICAL","read_debt=7.402475;maint_debt=0.000000;tombstones=99",2215358,0,0,0.0000,0.0000,0,0,0,FLUSHING
rtp_mc_v2a_rep04,13,1794297,SEAL,"READ_CRITICAL","read_debt=7.402475;maint_debt=0.000000;tombstones=99",2215358,2250897,0,0.0000,0.0000,1758791,0,0,DONE
rtp_mc_v2a_rep04,14,2272310,SEAL,"READ_CRITICAL","read_debt=8.661553;maint_debt=0.000000;tombstones=160",0,0,0,0.0000,0.0000,0,0,0,REQUESTED
rtp_mc_v2a_rep04,14,2272310,SEAL,"READ_CRITICAL","read_debt=8.661553;maint_debt=0.000000;tombstones=160",2272901,0,0,0.0000,0.0000,0,0,0,FLUSHING
rtp_mc_v2a_rep04,14,2272310,SEAL,"READ_CRITICAL","read_debt=8.661553;maint_debt=0.000000;tombstones=160",2272901,2282333,0,0.0000,0.0000,260356,0,0,DONE
rtp_mc_v2a_rep04,15,2329925,SEAL,"READ_CRITICAL","read_debt=9.439386;maint_debt=0.000000;tombstones=215",0,0,0,0.0000,0.0000,0,0,0,REQUESTED
rtp_mc_v2a_rep04,15,2329925,SEAL,"READ_CRITICAL","read_debt=9.439386;maint_debt=0.000000;tombstones=215",2330604,0,0,0.0000,0.0000,0,0,0,FLUSHING
rtp_mc_v2a_rep04,15,2329925,SEAL,"READ_CRITICAL","read_debt=9.439386;maint_debt=0.000000;tombstones=215",2330604,2343059,0,0.0000,0.0000,381062,0,0,DONE
rtp_mc_v2a_rep04,16,2388279,SEAL,"READ_CRITICAL","read_debt=9.533429;maint_debt=0.000000;tombstones=289",0,0,0,0.0000,0.0000,0,0,0,REQUESTED
rtp_mc_v2a_rep04,16,2388279,SEAL,"READ_CRITICAL","read_debt=9.533429;maint_debt=0.000000;tombstones=289",2388984,0,0,0.0000,0.0000,0,0,0,FLUSHING
rtp_mc_v2a_rep04,16,2388279,SEAL,"READ_CRITICAL","read_debt=9.533429;maint_debt=0.000000;tombstones=289",2388984,2404200,0,0.0000,0.0000,470865,0,0,DONE
rtp_mc_v2a_rep04,17,2446827,SEAL,"READ_CRITICAL","read_debt=9.694741;maint_debt=0.000000;tombstones=328",0,0,0,0.0000,0.0000,0,0,0,REQUESTED
rtp_mc_v2a_rep04,17,2446827,SEAL,"READ_CRITICAL","read_debt=9.694741;maint_debt=0.000000;tombstones=328",2761210,0,0,0.0000,0.0000,0,0,0,FLUSHING
rtp_mc_v2a_rep04,17,2446827,SEAL,"READ_CRITICAL","read_debt=9.694741;maint_debt=0.000000;tombstones=328",2761210,0,0,0.0000,0.0000,0,0,0,CANCELLED
rtp_mc_v2a_rep05,1,460944,SEAL,"READ_CRITICAL","read_debt=2.549869;maint_debt=0.000000;tombstones=1080",0,0,0,0.0000,0.0000,0,0,0,REQUESTED
rtp_mc_v2a_rep05,1,460944,SEAL,"READ_CRITICAL","read_debt=2.549869;maint_debt=0.000000;tombstones=1080",462421,0,0,0.0000,0.0000,0,0,0,FLUSHING
rtp_mc_v2a_rep05,1,460944,SEAL,"READ_CRITICAL","read_debt=2.549869;maint_debt=0.000000;tombstones=1080",462421,505009,0,0.0000,0.0000,4458845,0,0,DONE
rtp_mc_v2a_rep05,2,520208,SEAL,"READ_CRITICAL","read_debt=2.562778;maint_debt=0.371415;tombstones=105",0,0,0,0.0000,0.0000,0,0,0,REQUESTED
rtp_mc_v2a_rep05,2,520208,SEAL,"READ_CRITICAL","read_debt=2.562778;maint_debt=0.371415;tombstones=105",520590,0,0,0.0000,0.0000,0,0,0,FLUSHING
rtp_mc_v2a_rep05,2,520208,SEAL,"READ_CRITICAL","read_debt=2.562778;maint_debt=0.371415;tombstones=105",520590,526067,0,0.0000,0.0000,438484,0,0,DONE
rtp_mc_v2a_rep05,3,577280,SEAL,"READ_CRITICAL","read_debt=2.510206;maint_debt=0.373655;tombstones=223",0,0,0,0.0000,0.0000,0,0,0,REQUESTED
rtp_mc_v2a_rep05,3,577280,SEAL,"READ_CRITICAL","read_debt=2.510206;maint_debt=0.373655;tombstones=223",577832,0,0,0.0000,0.0000,0,0,0,FLUSHING
rtp_mc_v2a_rep05,3,577280,SEAL,"READ_CRITICAL","read_debt=2.510206;maint_debt=0.373655;tombstones=223",577832,591734,0,0.0000,0.0000,648673,0,0,DONE
rtp_mc_v2a_rep05,4,634363,SEAL,"READ_CRITICAL","read_debt=2.475081;maint_debt=0.376985;tombstones=382",0,0,0,0.0000,0.0000,0,0,0,REQUESTED
rtp_mc_v2a_rep05,4,634363,SEAL,"READ_CRITICAL","read_debt=2.475081;maint_debt=0.376985;tombstones=382",634961,0,0,0.0000,0.0000,0,0,0,FLUSHING
rtp_mc_v2a_rep05,4,634363,SEAL,"READ_CRITICAL","read_debt=2.475081;maint_debt=0.376985;tombstones=382",634961,657181,0,0.0000,0.0000,1150142,0,0,DONE
rtp_mc_v2a_rep05,5,691625,SEAL,"READ_CRITICAL","read_debt=2.516924;maint_debt=0.382879;tombstones=425",0,0,0,0.0000,0.0000,0,0,0,REQUESTED
rtp_mc_v2a_rep05,5,691625,SEAL,"READ_CRITICAL","read_debt=2.516924;maint_debt=0.382879;tombstones=425",1069377,0,0,0.0000,0.0000,0,0,0,FLUSHING
rtp_mc_v2a_rep05,5,691625,SEAL,"READ_CRITICAL","read_debt=2.516924;maint_debt=0.382879;tombstones=425",1069377,1137942,0,0.0000,0.0000,4854942,0,0,DONE
rtp_mc_v2a_rep05,6,1184204,SEAL,"READ_CRITICAL","read_debt=6.991535;maint_debt=0.000000;tombstones=519",0,0,0,0.0000,0.0000,0,0,0,REQUESTED
rtp_mc_v2a_rep05,6,1184204,SEAL,"READ_CRITICAL","read_debt=6.991535;maint_debt=0.000000;tombstones=519",1185036,0,0,0.0000,0.0000,0,0,0,FLUSHING
rtp_mc_v2a_rep05,6,1184204,SEAL,"READ_CRITICAL","read_debt=6.991535;maint_debt=0.000000;tombstones=519",1185036,1212654,0,0.0000,0.0000,1523173,0,0,DONE
rtp_mc_v2a_rep05,7,1242839,SEAL,"READ_CRITICAL","read_debt=6.674828;maint_debt=0.000000;tombstones=364",0,0,0,0.0000,0.0000,0,0,0,REQUESTED
rtp_mc_v2a_rep05,7,1242839,SEAL,"READ_CRITICAL","read_debt=6.674828;maint_debt=0.000000;tombstones=364",1243565,0,0,0.0000,0.0000,0,0,0,FLUSHING
rtp_mc_v2a_rep05,7,1242839,SEAL,"READ_CRITICAL","read_debt=6.674828;maint_debt=0.000000;tombstones=364",1243565,1263542,0,0.0000,0.0000,1007012,0,0,DONE
rtp_mc_v2a_rep05,8,1301784,SEAL,"READ_CRITICAL","read_debt=7.084915;maint_debt=0.000000;tombstones=434",0,0,0,0.0000,0.0000,0,0,0,REQUESTED
rtp_mc_v2a_rep05,8,1301784,SEAL,"READ_CRITICAL","read_debt=7.084915;maint_debt=0.000000;tombstones=434",1302526,0,0,0.0000,0.0000,0,0,0,FLUSHING
rtp_mc_v2a_rep05,8,1301784,SEAL,"READ_CRITICAL","read_debt=7.084915;maint_debt=0.000000;tombstones=434",1302526,1327422,0,0.0000,0.0000,1205158,0,0,DONE
rtp_mc_v2a_rep05,9,1361184,SEAL,"READ_CRITICAL","read_debt=7.480837;maint_debt=0.000000;tombstones=490",0,0,0,0.0000,0.0000,0,0,0,REQUESTED
rtp_mc_v2a_rep05,9,1361184,SEAL,"READ_CRITICAL","read_debt=7.480837;maint_debt=0.000000;tombstones=490",1798261,0,0,0.0000,0.0000,0,0,0,FLUSHING
rtp_mc_v2a_rep05,9,1361184,SEAL,"READ_CRITICAL","read_debt=7.480837;maint_debt=0.000000;tombstones=490",1798261,1866524,0,0.0000,0.0000,4953991,0,0,DONE
rtp_mc_v2a_rep05,10,1927577,SEAL,"READ_CRITICAL","read_debt=6.109527;maint_debt=0.033170;tombstones=485",0,0,0,0.0000,0.0000,0,0,0,REQUESTED
rtp_mc_v2a_rep05,10,1927577,SEAL,"READ_CRITICAL","read_debt=6.109527;maint_debt=0.033170;tombstones=485",1928378,0,0,0.0000,0.0000,0,0,0,FLUSHING
rtp_mc_v2a_rep05,10,1927577,SEAL,"READ_CRITICAL","read_debt=6.109527;maint_debt=0.033170;tombstones=485",1928378,1954505,0,0.0000,0.0000,1409455,0,0,DONE
rtp_mc_v2a_rep05,11,1986246,SEAL,"READ_CRITICAL","read_debt=6.389389;maint_debt=0.012716;tombstones=97",0,0,0,0.0000,0.0000,0,0,0,REQUESTED
rtp_mc_v2a_rep05,11,1986246,SEAL,"READ_CRITICAL","read_debt=6.389389;maint_debt=0.012716;tombstones=97",1986821,0,0,0.0000,0.0000,0,0,0,FLUSHING
rtp_mc_v2a_rep05,11,1986246,SEAL,"READ_CRITICAL","read_debt=6.389389;maint_debt=0.012716;tombstones=97",1986821,1995054,0,0.0000,0.0000,209513,0,0,DONE
rtp_mc_v2a_rep05,12,2045087,SEAL,"READ_CRITICAL","read_debt=8.152656;maint_debt=0.015174;tombstones=168",0,0,0,0.0000,0.0000,0,0,0,REQUESTED
rtp_mc_v2a_rep05,12,2045087,SEAL,"READ_CRITICAL","read_debt=8.152656;maint_debt=0.015174;tombstones=168",2045712,0,0,0.0000,0.0000,0,0,0,FLUSHING
rtp_mc_v2a_rep05,12,2045087,SEAL,"READ_CRITICAL","read_debt=8.152656;maint_debt=0.015174;tombstones=168",2045712,2056491,0,0.0000,0.0000,256288,0,0,DONE
rtp_mc_v2a_rep05,13,2104330,SEAL,"READ_CRITICAL","read_debt=10.255693;maint_debt=0.012103;tombstones=197",0,0,0,0.0000,0.0000,0,0,0,REQUESTED
rtp_mc_v2a_rep05,13,2104330,SEAL,"READ_CRITICAL","read_debt=10.255693;maint_debt=0.012103;tombstones=197",2424610,0,0,0.0000,0.0000,0,0,0,FLUSHING
rtp_mc_v2a_rep05,13,2104330,SEAL,"READ_CRITICAL","read_debt=10.255693;maint_debt=0.012103;tombstones=197",2424610,2461300,0,0.0000,0.0000,1848666,0,0,DONE
rtp_mc_v2a_rep05,14,2482714,SEAL,"READ_CRITICAL","read_debt=6.532157;maint_debt=0.000000;tombstones=190",0,0,0,0.0000,0.0000,0,0,0,REQUESTED
rtp_mc_v2a_rep05,14,2482714,SEAL,"READ_CRITICAL","read_debt=6.532157;maint_debt=0.000000;tombstones=190",2483355,0,0,0.0000,0.0000,0,0,0,FLUSHING
rtp_mc_v2a_rep05,14,2482714,SEAL,"READ_CRITICAL","read_debt=6.532157;maint_debt=0.000000;tombstones=190",2483355,2493717,0,0.0000,0.0000,326751,0,0,DONE
rtp_mc_v2a_rep05,15,2541401,SEAL,"READ_CRITICAL","read_debt=7.090547;maint_debt=0.000000;tombstones=281",0,0,0,0.0000,0.0000,0,0,0,REQUESTED
rtp_mc_v2a_rep05,15,2541401,SEAL,"READ_CRITICAL","read_debt=7.090547;maint_debt=0.000000;tombstones=281",2542072,0,0,0.0000,0.0000,0,0,0,FLUSHING
rtp_mc_v2a_rep05,15,2541401,SEAL,"READ_CRITICAL","read_debt=7.090547;maint_debt=0.000000;tombstones=281",2542072,2556011,0,0.0000,0.0000,435099,0,0,DONE
rtp_mc_v2a_rep05,16,2600387,SEAL,"READ_CRITICAL","read_debt=7.232712;maint_debt=0.000000;tombstones=306",0,0,0,0.0000,0.0000,0,0,0,REQUESTED
rtp_mc_v2a_rep05,16,2600387,SEAL,"READ_CRITICAL","read_debt=7.232712;maint_debt=0.000000;tombstones=306",2601130,0,0,0.0000,0.0000,0,0,0,FLUSHING
rtp_mc_v2a_rep05,16,2600387,SEAL,"READ_CRITICAL","read_debt=7.232712;maint_debt=0.000000;tombstones=306",2601130,2616011,0,0.0000,0.0000,529788,0,0,DONE
rtp_mc_v2a_rep05,17,2659289,SEAL,"READ_CRITICAL","read_debt=7.431290;maint_debt=0.000000;tombstones=316",0,0,0,0.0000,0.0000,0,0,0,REQUESTED
rtp_mc_v2a_rep05,17,2659289,SEAL,"READ_CRITICAL","read_debt=7.431290;maint_debt=0.000000;tombstones=316",2943739,0,0,0.0000,0.0000,0,0,0,FLUSHING
rtp_mc_v2a_rep05,17,2659289,SEAL,"READ_CRITICAL","read_debt=7.431290;maint_debt=0.000000;tombstones=316",2943739,0,0,0.0000,0.0000,0,0,0,CANCELLED
