exp_id,timestamp_us,phase,active_memtable_generation,active_range_tombstones,active_memtable_bytes,range_del_rate,estimated_capacity_flush_ms,first_tombstone_seen_time_us,getlive_samples,getlive_p99_us,getdel_samples,getdel_p99_us,scan_samples,scan_p99_us,put_samples,put_p99_us,l0_files,immutable_memtables,pending_compaction_bytes,read_debt,reclaim_debt,maintenance_debt,decision,decision_reason,conflict_state
native_t512_rep01,50246,0,0,0,2048,0.00,1646410.68,0,0,0.00,0,0.00,0,0.00,0,0.00,0,0,0,0.0000,0.0000,0.0000,HOLD,INSUFFICIENT_SAMPLES,NORMAL
native_t512_rep01,102736,0,0,23,1050632,438.18,10970.25,102736,766,55.56,0,0.00,320,265.11,238,248.77,0,0,0,0.0000,66.8179,0.6584,HOLD,LOW_READ_DEBT,NORMAL
native_t512_rep01,155915,0,0,233,2099216,3948.93,6417.21,102736,11345,57.34,0,0.00,3892,128.67,3477,41.38,0,0,0,0.0000,630.3625,0.0000,HOLD,LOW_READ_DEBT,NORMAL
native_t512_rep01,210921,0,0,463,3147800,4181.36,4992.95,102736,22521,97.66,0,0.00,7614,145.78,6965,41.74,0,0,0,0.0000,891.1370,0.0000,HOLD,LOW_READ_DEBT,NORMAL
native_t512_rep01,268680,0,1,218,2099216,0.00,5074.80,268680,35808,102.14,0,0.00,12015,148.18,11152,43.05,0,0,139517573,0.0000,218.0000,0.3597,HOLD,LOW_READ_DEBT,NORMAL
native_t512_rep01,326953,0,1,451,3147800,3998.42,4452.41,268680,47723,101.16,0,0.00,16013,148.27,14902,43.57,0,0,139517573,0.0000,856.0737,0.3597,HOLD,LOW_READ_DEBT,NORMAL
native_t512_rep01,386005,0,2,157,2099216,0.00,4525.40,386005,59028,100.79,0,0.00,19659,149.17,18500,44.91,0,0,141776450,0.0000,157.0000,0.3709,HOLD,LOW_READ_DEBT,NORMAL
native_t512_rep01,442733,1,3,80,1050632,0.00,4598.39,442733,61158,104.52,0,0.00,20588,159.84,22349,55.73,0,1,141776450,0.0000,80.0000,0.3709,HOLD,LOW_READ_DEBT,NORMAL
native_t512_rep01,499967,1,4,336,2099216,4472.87,4525.40,499967,63716,106.70,0,0.00,21822,172.63,30292,66.75,0,0,145059490,0.0000,783.2866,0.3872,HOLD,LOW_READ_DEBT,NORMAL
native_t512_rep01,561683,1,5,452,3147800,1879.58,4452.41,561683,66027,109.91,0,0.00,22997,187.34,38045,70.24,0,0,146524990,0.0000,639.9577,0.3945,HOLD,LOW_READ_DEBT,NORMAL
native_t512_rep01,621799,1,6,458,2099216,99.81,4525.40,621799,66764,111.32,0,0.00,23480,197.60,42794,76.18,0,0,147746686,0.0000,467.9807,0.4005,HOLD,LOW_READ_DEBT,NORMAL
native_t512_rep01,682115,1,8,182,2099216,0.00,4525.40,682115,58538,117.13,0,0.00,21125,210.07,47129,76.55,0,1,149226859,0.0000,182.0000,0.4079,HOLD,LOW_READ_DEBT,NORMAL
native_t512_rep01,742516,1,9,91,2099216,0.00,4525.40,742516,49005,121.40,0,0.00,18270,217.85,48985,86.94,0,1,150698697,0.0000,91.0000,0.4152,HOLD,LOW_READ_DEBT,NORMAL
native_t512_rep01,802912,1,9,506,3147800,6871.32,4190.21,742516,36929,134.08,0,0.00,14445,266.40,48752,136.13,0,0,12733227,0.0000,1199.2036,0.0000,HOLD,LOW_READ_DEBT,NORMAL
native_t512_rep01,863350,1,11,83,2099216,0.00,4258.91,863350,26890,151.63,0,0.00,11383,298.72,50989,125.06,0,1,0,0.0000,83.0000,0.0000,HOLD,LOW_READ_DEBT,NORMAL
native_t512_rep01,923712,1,12,261,2099216,2948.88,4258.91,923712,17853,159.74,0,0.00,8848,308.28,54511,107.54,0,0,16857493,0.0000,555.8875,0.0000,HOLD,LOW_READ_DEBT,NORMAL
native_t512_rep01,984028,1,13,431,2099216,2818.49,4258.91,984028,18148,158.87,0,0.00,9076,306.79,58281,100.79,0,0,18347079,0.0000,712.8489,0.0000,HOLD,LOW_READ_DEBT,NORMAL
native_t512_rep01,1044279,2,14,178,2099216,0.00,4258.91,1044279,18319,157.91,0,0.00,8859,308.28,53119,107.28,0,0,19931719,0.0000,178.0000,0.0000,HOLD,LOW_READ_DEBT,NORMAL
native_t512_rep01,1104437,2,14,445,2099216,4438.31,6084.15,1044279,22129,148.72,0,0.00,9727,302.54,47069,113.78,0,0,19931719,0.0000,894.1712,0.0000,HOLD,LOW_READ_DEBT,NORMAL
native_t512_rep01,1164782,2,15,286,1050632,0.00,6182.29,1164782,27748,143.84,0,0.00,11210,299.63,44169,90.27,0,0,20875982,0.0000,286.0000,0.0000,HOLD,LOW_READ_DEBT,NORMAL
native_t512_rep01,1224914,2,16,127,2099216,0.00,6084.15,1224914,32461,138.88,0,0.00,12343,296.73,38733,95.62,0,0,21478206,0.0000,127.0000,0.0000,HOLD,LOW_READ_DEBT,NORMAL
native_t512_rep01,1285062,2,16,471,2099216,5719.23,8691.65,1224914,38974,134.81,0,0.00,14152,290.68,35694,82.22,0,0,21478206,0.0000,1048.5746,0.0000,HOLD,LOW_READ_DEBT,NORMAL
native_t512_rep01,1345238,2,17,347,2099216,0.00,8691.65,1345238,45733,125.66,0,0.00,16229,268.18,34038,71.35,0,0,22408433,0.0000,347.0000,0.0000,HOLD,LOW_READ_DEBT,NORMAL
native_t512_rep01,1405132,2,18,188,2099216,0.00,8691.65,1405132,49579,116.22,0,0.00,17297,247.11,29661,68.14,0,0,7860104,0.0000,188.0000,0.0000,HOLD,LOW_READ_DEBT,NORMAL
native_t512_rep01,1482151,2,19,47,2099216,0.00,8691.65,1482151,57055,112.20,0,0.00,19474,239.88,25272,62.49,0,1,7860104,0.0000,47.0000,0.0000,HOLD,LOW_READ_DEBT,NORMAL
native_t512_rep01,1548881,2,19,259,2099216,3176.98,12416.64,1482151,57399,109.32,0,0.00,19101,234.28,16443,56.95,0,0,8805268,0.0000,580.1170,0.0000,HOLD,LOW_READ_DEBT,NORMAL
rtp_mc_v2a_rep01,50310,0,0,0,2048,0.00,1648507.77,0,0,0.00,0,0.00,0,0.00,0,0.00,0,0,0,0.0000,0.0000,0.0000,HOLD,INSUFFICIENT_SAMPLES,NORMAL
rtp_mc_v2a_rep01,102783,0,0,9,1050632,171.52,10966.78,102783,122,66.96,0,0.00,56,341.73,45,0.00,0,0,0,0.0000,26.1517,0.0000,HOLD,LOW_READ_DEBT,NORMAL
rtp_mc_v2a_rep01,155641,0,0,197,2099216,3556.70,6393.70,102783,9466,55.52,0,0.00,3261,137.54,2921,44.91,0,0,0,0.0000,554.7187,0.0000,HOLD,LOW_READ_DEBT,NORMAL
rtp_mc_v2a_rep01,211727,0,0,422,3147800,4011.70,5025.92,102783,20544,95.96,0,0.00,6941,152.74,6279,43.73,0,0,0,0.0000,832.2848,0.0000,HOLD,LOW_READ_DEBT,NORMAL
rtp_mc_v2a_rep01,270303,0,0,622,4196384,3414.37,4406.02,102783,30714,133.35,0,0.00,10326,183.97,9576,44.48,0,0,0,0.0000,984.2116,0.0000,HOLD,LOW_READ_DEBT,NORMAL
rtp_mc_v2a_rep01,330091,0,0,808,5244968,3110.99,4054.89,102783,39713,165.96,0,0.00,13268,217.19,12326,45.16,0,0,0,0.0000,1155.7824,0.0000,HOLD,LOW_READ_DEBT,NORMAL
rtp_mc_v2a_rep01,390564,0,0,957,5244968,2463.91,5792.69,102783,47644,201.35,0,0.00,15935,249.52,14872,46.86,0,0,0,0.0822,1258.3228,0.0000,SEAL,READ_WARN,NORMAL
rtp_mc_v2a_rep01,452625,0,1,204,2099216,0.00,6087.25,452625,57836,200.37,0,0.00,19237,249.22,18095,47.95,0,0,141412350,0.0239,204.0000,0.3691,YIELD,PENDING_COMPACTION_PRESSURE,NORMAL
rtp_mc_v2a_rep01,513770,1,1,396,3147800,3140.08,5068.03,452625,60265,199.53,0,0.00,20163,249.82,19634,53.02,0,0,141412350,0.0000,714.8389,0.3691,HOLD,LOW_READ_DEBT,NORMAL
rtp_mc_v2a_rep01,575435,1,1,765,4196384,5983.95,4514.48,452625,61709,219.44,0,0.00,20856,296.20,24016,87.57,0,0,141412350,1.1422,1382.0606,0.3691,YIELD,PENDING_COMPACTION_PRESSURE,NORMAL
rtp_mc_v2a_rep01,635550,1,1,1046,5244968,4674.37,4127.59,452625,62633,257.66,0,0.00,21319,397.14,27294,94.52,0,0,141412350,3.3895,1551.5118,0.3691,SEAL,READ_CRITICAL,NORMAL
rtp_mc_v2a_rep01,697069,1,2,473,2099216,0.00,4337.48,697069,54776,278.11,0,0.00,18856,430.21,29166,109.52,0,0,144796441,3.9510,473.0000,0.3859,SEAL,READ_CRITICAL,NORMAL
rtp_mc_v2a_rep01,758118,1,3,526,3147800,868.16,4267.52,758118,45330,300.35,0,0.00,15999,451.58,31375,119.28,0,0,146202149,4.1628,612.8155,0.3929,SEAL,READ_CRITICAL,NORMAL
rtp_mc_v2a_rep01,819282,1,4,572,3147800,752.08,4267.52,819282,36971,328.93,0,0.00,13527,469.15,33930,121.54,0,0,147765841,4.3414,647.2076,0.4006,SEAL,READ_CRITICAL,NORMAL
rtp_mc_v2a_rep01,1001460,1,5,473,3147800,0.00,4267.52,1001460,13818,452.40,0,0.00,6670,582.10,38110,122.21,0,0,9990759,3.3769,473.0000,0.0000,SEAL,READ_CRITICAL,NORMAL
rtp_mc_v2a_rep01,1061725,1,6,522,3147800,813.08,4267.52,1061725,13078,454.88,0,0.00,6582,582.81,42000,122.36,0,0,11361974,3.2405,603.3076,0.0000,SEAL,READ_CRITICAL,NORMAL
rtp_mc_v2a_rep01,1121874,1,7,580,2099216,964.27,4337.48,1121874,13395,454.88,0,0.00,6769,581.75,43434,120.01,0,0,12900882,3.3265,676.4272,0.0000,SEAL,READ_CRITICAL,NORMAL
rtp_mc_v2a_rep01,1182227,2,8,505,2099216,0.00,4337.48,1182227,14205,409.11,0,0.00,7154,521.64,45738,116.00,0,0,14498727,2.7734,505.0000,0.0000,SEAL,READ_CRITICAL,NORMAL
rtp_mc_v2a_rep01,1740030,2,9,188,1050632,0.00,4407.44,1740030,13471,1015.88,0,0.00,4932,1347.33,12683,104.27,0,0,8981616,11.3502,188.0000,0.0000,SEAL,READ_CRITICAL,NORMAL
rtp_mc_v2a_rep01,1807539,2,10,255,2099216,992.46,4337.48,1807539,18719,992.15,0,0.00,6641,1304.75,14279,105.80,0,0,9308651,13.5661,354.2460,0.0000,SEAL,READ_CRITICAL,NORMAL
rtp_mc_v2a_rep01,1874443,2,11,286,2099216,463.35,4337.48,1874443,24868,971.92,0,0.00,8690,1272.73,16032,104.08,0,0,9763112,15.8059,332.3350,0.0000,SEAL,READ_CRITICAL,NORMAL
rtp_mc_v2a_rep01,1934538,2,12,317,1050632,515.85,4407.44,1934538,31581,948.65,0,0.00,10910,1229.52,18005,102.83,0,0,10252177,17.8295,368.5850,0.0000,SEAL,READ_CRITICAL,NORMAL
rtp_mc_v2a_rep01,2227251,2,13,191,2099216,0.00,4337.48,2227251,52628,868.33,0,0.00,17963,1111.19,23957,99.76,0,0,3109921,18.9299,191.0000,0.0000,SEAL,READ_CRITICAL,NORMAL
rtp_mc_v2a_rep01,2288057,2,14,271,1050632,1315.66,4407.44,2288057,45072,287.01,0,0.00,15028,413.85,12974,91.59,0,0,3475489,3.5780,402.5660,0.0000,SEAL,READ_CRITICAL,NORMAL
rtp_mc_v2a_rep01,2347576,2,15,189,1050632,0.00,4407.44,2347576,44223,287.88,0,0.00,14803,414.35,12622,86.89,0,0,3952784,3.5982,189.0000,0.0000,SEAL,READ_CRITICAL,NORMAL
rtp_mc_v2a_rep02,50264,0,0,0,2048,0.00,1647000.49,0,0,0.00,0,0.00,0,0.00,0,0.00,0,0,0,0.0000,0.0000,0.0000,HOLD,INSUFFICIENT_SAMPLES,NORMAL
rtp_mc_v2a_rep02,102487,0,0,74,1050632,1417.00,10914.73,102487,3205,48.53,0,0.00,1123,259.70,977,64.92,0,0,0,0.0000,215.7000,0.0000,HOLD,LOW_READ_DEBT,NORMAL
rtp_mc_v2a_rep02,155628,0,0,252,2099216,3349.58,6400.99,102487,12651,69.23,0,0.00,4304,203.06,3861,52.39,0,0,0,0.0000,589.6291,0.0000,HOLD,LOW_READ_DEBT,NORMAL
rtp_mc_v2a_rep02,210183,0,0,462,3147800,3849.33,4967.65,102487,22882,107.02,0,0.00,7723,179.02,7096,46.49,0,0,0,0.0000,856.8194,0.0000,HOLD,LOW_READ_DEBT,NORMAL
rtp_mc_v2a_rep02,267755,0,0,658,4196384,3404.43,4345.71,102487,32417,139.05,0,0.00,10856,199.28,10110,47.60,0,0,0,0.0000,1020.1573,0.0000,HOLD,LOW_READ_DEBT,NORMAL
rtp_mc_v2a_rep02,326110,0,0,822,5244968,2810.38,3984.91,102487,40974,172.21,0,0.00,13703,232.16,12765,47.09,0,0,0,0.0000,1139.6997,0.0000,HOLD,LOW_READ_DEBT,NORMAL
rtp_mc_v2a_rep02,385263,0,0,973,5244968,2552.70,5692.73,102487,48453,203.93,0,0.00,16206,262.87,15124,49.67,0,0,0,0.2469,1283.1474,0.0000,SEAL,READ_WARN,NORMAL
rtp_mc_v2a_rep02,447839,0,1,209,2099216,0.00,5982.20,447839,58228,203.31,0,0.00,19473,262.87,18280,49.85,0,0,141479447,0.2152,209.0000,0.3694,YIELD,PENDING_COMPACTION_PRESSURE,NORMAL
rtp_mc_v2a_rep02,508984,1,1,488,3147800,4562.92,5015.86,447839,60677,202.69,0,0.00,20351,268.01,20843,67.73,0,0,141479447,0.1606,950.2460,0.3694,SEAL,READ_CRITICAL,NORMAL
rtp_mc_v2a_rep02,571566,1,2,539,3147800,814.93,5015.86,571566,62615,203.43,0,0.00,21305,272.77,26891,83.08,0,0,143154896,0.2062,620.4931,0.3777,SEAL,READ_CRITICAL,NORMAL
rtp_mc_v2a_rep02,632385,1,3,607,3147800,1118.07,5015.86,632385,61402,206.04,0,0.00,21178,276.26,32286,84.29,0,0,144832368,0.3498,718.8072,0.3861,SEAL,READ_CRITICAL,NORMAL
rtp_mc_v2a_rep02,693217,1,4,622,3147800,246.58,5015.86,693217,53983,213.28,0,0.00,19019,284.93,36194,86.57,0,0,146587458,0.6667,646.6581,0.3948,SEAL,READ_CRITICAL,NORMAL
rtp_mc_v2a_rep02,1010947,1,5,337,2099216,0.00,5098.09,1010947,10618,880.52,0,0.00,5390,1157.94,34299,102.70,0,1,0,8.6104,337.0000,2.0000,YIELD,INFLIGHT_FLUSH,READ_MAINTENANCE_CONFLICT
rtp_mc_v2a_rep02,1069405,1,5,643,3147800,5234.53,4470.47,1010947,11555,873.61,0,0.00,5862,1141.22,37481,105.16,0,0,10010857,8.2858,1173.9115,0.0000,SEAL,READ_CRITICAL,NORMAL
rtp_mc_v2a_rep02,1129038,1,6,396,3147800,0.00,4470.47,1129038,10966,876.79,0,0.00,5549,1153.73,35589,109.12,0,0,11765435,7.9580,396.0000,0.0000,SEAL,READ_CRITICAL,NORMAL
rtp_mc_v2a_rep02,1188474,1,7,468,3147800,1211.39,4470.47,1188474,10509,881.05,0,0.00,5307,1157.94,34130,110.45,0,0,12977490,7.6910,589.1387,0.0000,SEAL,READ_CRITICAL,NORMAL
rtp_mc_v2a_rep02,1248031,2,8,513,2099216,755.58,4543.76,1248031,10183,890.17,0,0.00,5126,1160.75,32694,111.93,0,0,14351068,7.5546,588.5579,0.0000,SEAL,READ_CRITICAL,NORMAL
rtp_mc_v2a_rep02,1739458,2,9,153,2099216,0.00,4543.76,1739458,11039,963.71,0,0.00,4443,1300.80,17125,95.44,0,0,8565050,8.9420,153.0000,0.0000,SEAL,READ_CRITICAL,NORMAL
rtp_mc_v2a_rep02,1806028,2,10,241,1050632,1321.92,4617.05,1806028,14436,949.80,0,0.00,5265,1275.05,13276,97.43,0,0,8849738,11.1617,373.1917,0.0000,SEAL,READ_CRITICAL,NORMAL
rtp_mc_v2a_rep02,1871085,2,11,302,2099216,937.64,4543.76,1871085,20467,933.25,0,0.00,7241,1248.29,15073,95.73,0,0,9286520,13.7828,395.7639,0.0000,SEAL,READ_CRITICAL,NORMAL
rtp_mc_v2a_rep02,1930823,2,12,329,1050632,451.97,4617.05,1930823,27373,913.12,0,0.00,9498,1227.29,17095,92.03,0,0,9800159,16.3178,374.1974,0.0000,SEAL,READ_CRITICAL,NORMAL
rtp_mc_v2a_rep02,2213187,2,13,235,2099216,0.00,4543.76,2213187,48432,825.24,0,0.00,16603,1113.21,23091,87.15,0,0,3036930,17.7971,235.0000,0.0000,SEAL,READ_CRITICAL,NORMAL
rtp_mc_v2a_rep02,2271621,2,14,292,1050632,975.46,4617.05,2271621,45590,287.53,0,0.00,15188,430.47,13124,80.40,0,0,3453246,3.7493,389.5459,0.0000,SEAL,READ_CRITICAL,NORMAL
rtp_mc_v2a_rep02,2330920,2,15,289,1050632,0.00,4617.05,2330920,46972,285.79,0,0.00,15686,426.58,13480,77.11,0,0,3982949,3.8388,289.0000,0.0000,SEAL,READ_CRITICAL,NORMAL
native_t512_rep02,50282,0,0,0,2048,0.00,1647590.29,0,0,0.00,0,0.00,0,0.00,0,0.00,0,0,0,0.0000,0.0000,0.0000,HOLD,INSUFFICIENT_SAMPLES,NORMAL
native_t512_rep02,104167,0,0,60,1050632,1113.48,11260.42,104167,2297,34.03,0,0.00,807,143.06,685,123.77,0,0,0,0.0000,171.3482,0.0000,HOLD,LOW_READ_DEBT,NORMAL
native_t512_rep02,159042,0,0,244,2099216,3353.08,6607.30,104167,11600,64.33,0,0.00,3970,153.76,3577,50.82,0,0,0,0.0000,581.9427,0.0000,HOLD,LOW_READ_DEBT,NORMAL
native_t512_rep02,214492,0,0,431,3147800,3372.41,5092.25,104167,21354,114.68,0,0.00,7203,172.42,6618,49.07,0,0,0,0.0000,777.7228,0.0000,HOLD,LOW_READ_DEBT,NORMAL
native_t512_rep02,268776,0,1,151,1050632,0.00,5259.21,268776,32209,120.74,0,0.00,10816,177.08,9978,49.07,0,0,139530006,0.0000,151.0000,0.3597,HOLD,LOW_READ_DEBT,NORMAL
native_t512_rep02,328566,0,1,357,2099216,3445.39,4625.81,268776,43816,116.00,0,0.00,14715,169.52,13616,48.15,0,0,139530006,0.0000,705.7518,0.3597,HOLD,LOW_READ_DEBT,NORMAL
native_t512_rep02,385252,0,2,51,2099216,0.00,4625.81,385252,53165,117.28,0,0.00,17819,174.94,16683,48.30,0,1,139530006,0.0000,51.0000,0.3597,HOLD,LOW_READ_DEBT,NORMAL
native_t512_rep02,440882,0,2,162,2099216,1995.33,6608.30,385252,59200,115.72,0,0.00,19710,172.63,18552,47.52,0,0,141732933,0.0000,363.3146,0.3707,HOLD,LOW_READ_DEBT,NORMAL
native_t512_rep02,496076,1,3,9,1050632,0.00,6714.89,496076,61074,120.01,0,0.00,20555,186.66,22031,61.70,0,1,141732933,0.0000,9.0000,0.3707,HOLD,LOW_READ_DEBT,NORMAL
native_t512_rep02,551934,1,3,472,2099216,8288.88,5193.30,496076,62797,125.74,0,0.00,21404,210.84,27419,76.55,0,0,143468860,0.0000,1306.0795,0.3793,HOLD,LOW_READ_DEBT,NORMAL
native_t512_rep02,607104,1,5,2,1050632,0.00,5277.06,607104,62333,134.24,0,0.00,21478,240.03,32590,82.12,0,1,145086936,0.0000,2.0000,0.3873,HOLD,LOW_READ_DEBT,NORMAL
native_t512_rep02,662106,1,5,484,3147800,8763.32,3166.19,607104,54612,142.28,0,0.00,19129,253.79,35020,88.05,0,0,146573306,0.0000,1365.6558,0.3947,HOLD,LOW_READ_DEBT,NORMAL
native_t512_rep02,717417,1,6,415,3147800,0.00,3166.19,717417,46235,151.63,0,0.00,16579,273.76,36453,99.28,0,0,147747276,0.0000,415.0000,0.4005,HOLD,LOW_READ_DEBT,NORMAL
native_t512_rep02,772728,1,7,464,2099216,885.90,3218.10,772728,37180,160.13,0,0.00,13957,290.68,39082,99.70,0,0,149177335,0.0000,552.5900,0.4076,HOLD,LOW_READ_DEBT,NORMAL
native_t512_rep02,827546,1,9,99,1050632,0.00,3270.00,827546,39101,159.55,0,0.00,14963,292.98,45264,96.84,0,1,11194829,0.0000,99.0000,0.0000,HOLD,LOW_READ_DEBT,NORMAL
native_t512_rep02,889719,1,10,317,2099216,3506.35,3218.10,889719,20501,181.75,0,0.00,9147,312.99,46267,98.50,0,1,12729359,0.0000,667.6345,0.0000,HOLD,LOW_READ_DEBT,NORMAL
native_t512_rep02,949934,1,11,503,2099216,3088.93,3218.10,949934,16770,188.25,0,0.00,8342,317.57,51826,95.73,0,0,15662599,0.0000,811.8931,0.0000,HOLD,LOW_READ_DEBT,NORMAL
native_t512_rep02,1010102,1,13,14,1050632,0.00,3270.00,1010102,16800,181.64,0,0.00,8406,312.80,54281,98.14,0,1,17135936,0.0000,14.0000,0.0000,HOLD,LOW_READ_DEBT,NORMAL
native_t512_rep02,1069775,1,13,392,3147800,6334.52,2591.17,1010102,16374,172.31,0,0.00,8184,309.97,52822,98.20,0,0,18284611,0.0000,1030.0779,0.0000,HOLD,LOW_READ_DEBT,NORMAL
native_t512_rep02,1129785,2,14,73,2099216,0.00,2633.65,1129785,15528,160.81,0,0.00,7765,308.28,49587,96.72,0,1,18284611,0.0000,73.0000,0.0000,HOLD,LOW_READ_DEBT,NORMAL
native_t512_rep02,1189655,2,14,314,2099216,4025.39,3762.36,1129785,19063,157.15,0,0.00,8645,388.10,45694,92.48,0,0,19922509,0.0000,720.2440,0.0000,HOLD,LOW_READ_DEBT,NORMAL
native_t512_rep02,1250006,2,15,43,2099216,0.00,3762.36,1250006,22643,161.59,0,0.00,9565,401.50,42686,81.14,0,1,19922509,0.0000,43.0000,0.0000,HOLD,LOW_READ_DEBT,NORMAL
native_t512_rep02,1310180,2,15,314,2099216,4503.61,5374.81,1250006,27037,147.64,0,0.00,10635,394.51,38464,76.37,0,0,20849347,0.0000,768.1286,0.0000,HOLD,LOW_READ_DEBT,NORMAL
native_t512_rep02,1370402,2,16,106,1050632,0.00,5461.50,1370402,30769,144.46,0,0.00,11551,392.60,33969,77.30,0,1,20849347,0.0000,106.0000,0.0000,HOLD,LOW_READ_DEBT,NORMAL
native_t512_rep02,1438144,2,16,391,1050632,4207.14,7802.14,1370402,34592,140.83,0,0.00,12398,390.46,28109,76.18,0,0,0,0.0000,816.9533,0.0000,HOLD,LOW_READ_DEBT,NORMAL
native_t512_rep02,1505188,2,17,172,1050632,0.00,7802.14,1505188,39249,138.71,0,0.00,13631,386.23,22607,81.43,0,0,0,0.0000,172.0000,0.0000,HOLD,LOW_READ_DEBT,NORMAL
native_t512_rep02,1565562,2,18,12,1050632,0.00,7802.14,1565562,44730,135.22,0,0.00,15120,374.02,18792,69.44,0,1,0,0.0000,12.0000,0.0000,HOLD,LOW_READ_DEBT,NORMAL
native_t512_rep02,1625770,2,18,320,1050632,5115.60,11145.92,1565562,50463,133.43,0,0.00,16918,361.10,16809,65.59,0,0,12085968,0.0000,835.3999,0.0000,HOLD,LOW_READ_DEBT,NORMAL
native_t512_rep02,1681590,2,19,14,1050632,0.00,11145.92,1681590,54233,132.55,0,0.00,18057,353.53,15519,67.61,0,1,12085968,0.0000,14.0000,0.0000,HOLD,LOW_READ_DEBT,NORMAL
native_t512_rep02,1736667,2,19,230,1050632,3921.78,15922.74,1681590,53882,130.79,0,0.00,17956,301.63,15473,64.72,0,0,12975299,0.0000,624.7082,0.0000,HOLD,LOW_READ_DEBT,NORMAL
native_t512_rep03,50293,0,0,0,2048,0.00,1647950.73,0,0,0.00,0,0.00,0,0.00,0,0.00,0,0,0,0.0000,0.0000,0.0000,HOLD,INSUFFICIENT_SAMPLES,NORMAL
native_t512_rep03,102836,0,0,21,1050632,399.67,10981.32,102836,637,42.81,0,0.00,264,175.79,198,216.27,0,0,0,0.0000,60.9673,0.4418,HOLD,LOW_READ_DEBT,NORMAL
native_t512_rep03,156872,0,0,188,2099216,3090.53,6479.94,102836,9382,65.31,0,0.00,3246,151.17,2888,46.97,0,0,0,0.0000,499.0836,0.0000,HOLD,LOW_READ_DEBT,NORMAL
native_t512_rep03,211466,0,0,378,3147800,3480.24,5002.90,102836,18363,110.78,0,0.00,6210,168.39,5623,48.74,0,0,0,0.0000,734.1884,0.0000,HOLD,LOW_READ_DEBT,NORMAL
native_t512_rep03,268732,0,1,54,1050632,0.00,5166.94,268732,27533,132.95,0,0.00,9253,194.39,8582,49.94,0,1,0,0.0000,54.0000,0.0000,HOLD,LOW_READ_DEBT,NORMAL
native_t512_rep03,327018,0,1,288,2099216,4014.69,4531.41,268732,39382,125.82,0,0.00,13202,185.65,12191,48.80,0,0,139534736,0.0000,692.8094,0.3597,HOLD,LOW_READ_DEBT,NORMAL
native_t512_rep03,385927,0,1,505,3147800,3683.65,4158.03,268732,50129,122.51,0,0.00,16787,182.63,15655,48.62,0,0,139534736,0.0000,885.1818,0.3597,HOLD,LOW_READ_DEBT,NORMAL
native_t512_rep03,446634,0,2,176,2099216,0.00,4226.20,446634,59713,120.66,0,0.00,19888,180.87,18718,48.01,0,0,141745987,0.0000,176.0000,0.3707,HOLD,LOW_READ_DEBT,NORMAL
native_t512_rep03,507717,1,3,401,2099216,3683.51,4226.20,507717,62234,123.03,0,0.00,21111,188.59,25645,63.40,0,0,143432324,0.0000,769.3513,0.3791,HOLD,LOW_READ_DEBT,NORMAL
native_t512_rep03,569340,1,5,147,1050632,0.00,4294.37,569340,64793,123.70,0,0.00,22387,195.81,33879,66.03,0,1,145088197,0.0000,147.0000,0.3873,HOLD,LOW_READ_DEBT,NORMAL
native_t512_rep03,629362,1,6,122,2099216,0.00,4226.20,629362,65890,124.68,0,0.00,22998,201.10,39391,73.46,0,1,146178717,0.0000,122.0000,0.3927,HOLD,LOW_READ_DEBT,NORMAL
native_t512_rep03,689921,1,7,311,2099216,3120.92,4226.20,689921,59265,128.28,0,0.00,21158,212.50,43815,76.97,0,1,147680713,0.0000,623.0923,0.4002,HOLD,LOW_READ_DEBT,NORMAL
native_t512_rep03,750328,1,8,467,2099216,2582.48,4226.20,750328,52672,130.47,0,0.00,19384,217.98,48757,77.20,0,0,150754474,0.0000,725.2482,0.4155,HOLD,LOW_READ_DEBT,NORMAL
native_t512_rep03,810777,1,9,231,1050632,0.00,4294.37,810777,44412,118.63,0,0.00,16796,228.39,48642,119.36,0,0,152224182,0.0000,231.0000,0.4228,HOLD,LOW_READ_DEBT,NORMAL
native_t512_rep03,871279,1,10,211,2099216,0.00,4226.20,871279,34027,149.35,0,0.00,13562,302.54,49666,229.09,0,1,0,0.0000,211.0000,0.5272,HOLD,LOW_READ_DEBT,NORMAL
native_t512_rep03,931772,1,11,308,2099216,1603.49,4226.20,931772,25233,163.27,0,0.00,10987,321.44,52750,175.05,0,1,0,0.0000,468.3491,0.1670,HOLD,LOW_READ_DEBT,NORMAL
native_t512_rep03,992247,1,12,480,3147800,2844.15,4158.03,992247,17953,174.31,0,0.00,9013,331.53,56929,118.85,0,0,16855525,0.0000,764.4150,0.0000,HOLD,LOW_READ_DEBT,NORMAL
native_t512_rep03,1052680,1,13,456,3147800,0.00,4158.03,1052680,17352,170.96,0,0.00,8690,331.53,55898,124.75,0,0,18415722,0.0000,456.0000,0.0000,HOLD,LOW_READ_DEBT,NORMAL
native_t512_rep03,1112999,2,14,89,2099216,0.00,4226.20,1112999,15759,172.63,0,0.00,7793,339.87,49103,218.64,0,0,19924874,0.0000,89.0000,0.4576,HOLD,LOW_READ_DEBT,NORMAL
native_t512_rep03,1173473,2,14,330,2099216,3985.18,6037.43,1112999,19236,166.26,0,0.00,8656,360.01,44855,104.84,0,0,19924874,0.0000,732.4784,0.0000,HOLD,LOW_READ_DEBT,NORMAL
native_t512_rep03,1233821,2,15,52,1050632,0.00,6134.81,1233821,21941,177.50,0,0.00,9068,371.54,39153,113.71,0,1,19924874,0.0000,52.0000,0.0000,HOLD,LOW_READ_DEBT,NORMAL
native_t512_rep03,1294198,2,15,326,1050632,4538.15,8764.01,1233821,25139,173.15,0,0.00,9768,369.96,33121,158.78,0,0,20858318,0.0000,783.7272,0.0585,HOLD,LOW_READ_DEBT,NORMAL
native_t512_rep03,1354633,2,16,120,2099216,0.00,8624.89,1354633,30625,168.49,0,0.00,11415,364.40,32093,79.58,0,0,21467934,0.0000,120.0000,0.0000,HOLD,LOW_READ_DEBT,NORMAL
native_t512_rep03,1415028,2,16,495,2099216,6209.12,12321.28,1354633,36413,146.04,0,0.00,13046,342.56,29598,72.01,0,0,21467934,0.0000,1121.8523,0.0000,HOLD,LOW_READ_DEBT,NORMAL
native_t512_rep03,1492362,2,17,362,2099216,0.00,12321.28,1492362,40898,136.96,0,0.00,13898,338.84,18297,67.32,0,0,0,0.0000,362.0000,0.0000,HOLD,LOW_READ_DEBT,NORMAL
native_t512_rep03,1558763,2,18,214,2099216,0.00,12321.28,1558763,47117,134.33,0,0.00,15697,331.33,14696,69.10,0,0,7855736,0.0000,214.0000,0.0000,HOLD,LOW_READ_DEBT,NORMAL
native_t512_rep03,1618341,2,18,478,2099216,4431.17,17601.83,1558763,52384,132.31,0,0.00,17492,324.77,15009,68.72,0,0,7855736,0.0000,926.7570,0.0000,HOLD,LOW_READ_DEBT,NORMAL
native_t512_rep03,1677997,2,19,230,1050632,0.00,17885.74,1677997,52698,132.71,0,0.00,17580,289.45,15125,66.43,0,0,8737384,0.0000,230.0000,0.0000,HOLD,LOW_READ_DEBT,NORMAL
rtp_mc_v2a_rep03,50313,0,0,0,2048,0.00,1648606.07,0,0,0.00,0,0.00,0,0.00,0,0.00,0,0,0,0.0000,0.0000,0.0000,HOLD,INSUFFICIENT_SAMPLES,NORMAL
rtp_mc_v2a_rep03,102928,0,0,22,1050632,418.13,10996.32,102928,583,41.86,0,0.00,236,250.88,187,169.11,0,0,0,0.0000,63.8132,0.1274,HOLD,LOW_READ_DEBT,NORMAL
rtp_mc_v2a_rep03,157765,0,0,188,2099216,3027.15,6539.11,102928,9206,63.83,0,0.00,3188,154.88,2853,56.64,0,0,0,0.0000,492.7457,0.0000,HOLD,LOW_READ_DEBT,NORMAL
rtp_mc_v2a_rep03,211954,0,0,374,3147800,3432.43,5010.93,102928,18496,109.18,0,0.00,6250,171.89,5637,52.48,0,0,0,0.0000,725.3963,0.0000,HOLD,LOW_READ_DEBT,NORMAL
rtp_mc_v2a_rep03,268465,0,0,548,3147800,3079.05,7158.47,102928,27286,144.98,0,0.00,9179,204.55,8451,53.31,0,0,0,0.0000,873.9887,0.0000,HOLD,LOW_READ_DEBT,NORMAL
rtp_mc_v2a_rep03,326572,0,0,714,4196384,2856.80,5391.77,102928,35242,169.93,0,0.00,11847,233.57,10935,52.80,0,0,0,0.0000,1031.5243,0.0000,HOLD,LOW_READ_DEBT,NORMAL
rtp_mc_v2a_rep03,385590,0,0,853,5244968,2355.21,4583.22,102928,42642,199.16,0,0.00,14251,260.49,13242,53.70,0,0,0,0.0000,1136.6306,0.0000,HOLD,LOW_READ_DEBT,NORMAL
rtp_mc_v2a_rep03,446272,0,0,985,6293552,2175.27,4156.17,102928,49210,234.85,0,0.00,16471,301.08,15358,55.79,0,0,0,1.9214,1270.0984,0.0000,SEAL,READ_WARN,NORMAL
rtp_mc_v2a_rep03,508505,0,1,176,2099216,0.00,4442.81,508505,57090,233.15,0,0.00,18984,296.73,17930,56.00,0,0,141536623,1.8608,176.0000,0.3697,YIELD,PENDING_COMPACTION_PRESSURE,NORMAL
rtp_mc_v2a_rep03,570193,1,1,503,3147800,5300.87,4168.95,508505,60731,230.34,0,0.00,20384,294.05,21035,59.64,0,0,141536623,1.7721,1039.2235,0.3697,SEAL,READ_CRITICAL,NORMAL
rtp_mc_v2a_rep03,631021,1,2,592,3147800,1463.14,4168.95,631021,62328,229.23,0,0.00,21211,292.98,27633,71.05,0,0,143238789,1.7247,738.3142,0.3781,SEAL,READ_CRITICAL,NORMAL
rtp_mc_v2a_rep03,691958,1,3,623,3147800,508.72,4168.95,691958,55651,235.56,0,0.00,19241,301.63,31359,77.91,0,0,145100344,1.8524,673.8722,0.3874,SEAL,READ_CRITICAL,NORMAL
rtp_mc_v2a_rep03,752800,1,4,667,3147800,723.18,4168.95,752800,48551,243.25,0,0.00,17255,307.54,35627,77.72,0,0,146892159,1.9412,739.3185,0.3963,SEAL,READ_CRITICAL,NORMAL
rtp_mc_v2a_rep03,1080194,1,5,423,3147800,0.00,4168.95,1080194,11997,898.84,0,0.00,6064,1079.34,38805,86.99,0,1,0,9.5973,423.0000,2.0000,YIELD,INFLIGHT_FLUSH,READ_MAINTENANCE_CONFLICT
rtp_mc_v2a_rep03,1138653,1,5,789,4196384,6260.80,3902.59,1080194,10981,912.56,0,0.00,5564,1084.58,35740,90.32,0,0,10838862,8.9885,1424.2322,0.0000,SEAL,READ_CRITICAL,NORMAL
rtp_mc_v2a_rep03,1197901,1,6,500,3147800,0.00,3967.64,1197901,10779,913.67,0,0.00,5415,1086.56,34706,91.59,0,0,13100201,8.8579,500.0000,0.0000,SEAL,READ_CRITICAL,NORMAL
rtp_mc_v2a_rep03,1257096,1,7,486,3147800,0.00,3967.64,1257096,10344,914.78,0,0.00,5224,1096.48,33273,92.87,0,0,14621074,8.5665,486.0000,0.0000,SEAL,READ_CRITICAL,NORMAL
rtp_mc_v2a_rep03,1316093,2,8,476,2099216,0.00,4032.68,1316093,11953,898.84,0,0.00,6022,1079.34,38283,90.32,0,0,16141766,8.6534,476.0000,0.0000,SEAL,READ_CRITICAL,NORMAL
rtp_mc_v2a_rep03,1756190,2,9,238,2099216,0.00,4032.68,1756190,19020,690.16,0,0.00,6962,1026.40,18125,87.41,0,0,8228167,9.6623,238.0000,0.0000,SEAL,READ_CRITICAL,NORMAL
rtp_mc_v2a_rep03,1822195,2,10,327,2099216,1348.38,4032.68,1822195,22117,674.45,0,0.00,7435,1018.96,9399,104.84,0,0,8665372,11.8916,461.8383,0.0000,SEAL,READ_CRITICAL,NORMAL
rtp_mc_v2a_rep03,1888296,2,11,338,1050632,166.41,4097.73,1888296,29645,632.87,0,0.00,9916,970.75,11567,99.82,0,0,9221307,12.8448,354.6412,0.0000,SEAL,READ_CRITICAL,NORMAL
rtp_mc_v2a_rep03,1948145,2,12,348,2099216,167.09,4032.68,1948145,36935,602.56,0,0.00,12350,928.18,13655,96.78,0,0,9802361,13.4354,364.7087,0.0000,SEAL,READ_CRITICAL,NORMAL
rtp_mc_v2a_rep03,2245855,2,13,181,1050632,0.00,4097.73,2245855,58073,513.17,0,0.00,19513,836.31,19621,86.89,0,0,3489133,11.1920,181.0000,0.0000,SEAL,READ_CRITICAL,NORMAL
rtp_mc_v2a_rep03,2306108,2,14,134,1050632,0.00,4097.73,2306108,45231,255.49,0,0.00,15169,360.01,12927,69.31,0,0,3794540,2.2819,134.0000,0.0000,SEAL,READ_CRITICAL,NORMAL
rtp_mc_v2a_rep04,50234,0,0,0,2048,0.00,1646017.48,0,0,0.00,0,0.00,0,0.00,0,0.00,0,0,0,0.0000,0.0000,0.0000,HOLD,INSUFFICIENT_SAMPLES,NORMAL
rtp_mc_v2a_rep04,103990,0,0,63,1050632,1171.96,11233.54,103990,2568,41.09,0,0.00,895,223.33,762,49.37,0,0,0,0.0000,180.1962,0.0000,HOLD,LOW_READ_DEBT,NORMAL
rtp_mc_v2a_rep04,157874,0,0,251,2099216,3488.98,6530.80,103990,12016,67.12,0,0.00,4100,150.44,3685,46.63,0,0,0,0.0000,602.5582,0.0000,HOLD,LOW_READ_DEBT,NORMAL
rtp_mc_v2a_rep04,213236,0,0,470,3147800,3955.78,5056.14,103990,22865,104.59,0,0.00,7706,160.62,7049,43.78,0,0,0,0.0000,875.8242,0.0000,HOLD,LOW_READ_DEBT,NORMAL
rtp_mc_v2a_rep04,272021,0,0,683,4196384,3623.37,4428.46,103990,33298,135.80,0,0.00,11144,184.86,10307,43.68,0,0,0,0.0000,1068.2861,0.0000,HOLD,LOW_READ_DEBT,NORMAL
rtp_mc_v2a_rep04,331872,0,0,866,5244968,3057.59,4069.87,103990,42489,162.67,0,0.00,14209,211.22,13222,43.89,0,0,0,0.0000,1211.0757,0.0000,HOLD,LOW_READ_DEBT,NORMAL
rtp_mc_v2a_rep04,392417,0,0,1015,6293552,2460.98,3840.31,103990,50646,198.44,0,0.00,16886,251.65,15862,45.76,0,0,0,0.0000,1319.5619,0.0000,HOLD,LOW_READ_DEBT,NORMAL
rtp_mc_v2a_rep04,453176,0,0,1141,6293552,2073.77,5486.16,103990,56741,245.32,0,0.00,18867,299.08,17791,48.39,0,0,0,2.8373,1428.0185,0.0000,SEAL,READ_CRITICAL,NORMAL
rtp_mc_v2a_rep04,515769,0,1,57,1050632,0.00,5959.12,515769,59554,249.07,0,0.00,19852,302.54,18659,48.77,0,0,142135786,2.8328,57.0000,0.3727,SEAL,READ_CRITICAL,NORMAL
rtp_mc_v2a_rep04,577671,1,2,339,2099216,4555.59,5864.53,577671,60961,247.86,0,0.00,20492,315.65,21721,98.68,0,0,142351411,2.7660,794.5588,0.3737,SEAL,READ_CRITICAL,NORMAL
rtp_mc_v2a_rep04,641818,1,3,400,3147800,950.94,5769.93,641818,59905,251.04,0,0.00,20320,334.97,25614,115.16,0,0,143353761,2.8423,495.0941,0.3787,SEAL,READ_CRITICAL,NORMAL
rtp_mc_v2a_rep04,703299,1,4,453,2099216,862.05,5864.53,703299,51942,262.55,0,0.00,17887,355.24,27559,122.88,0,0,144626744,2.9783,539.2055,0.3850,SEAL,READ_CRITICAL,NORMAL
rtp_mc_v2a_rep04,1044227,1,5,284,2099216,0.00,5864.53,1044227,8642,868.86,0,0.00,4291,1093.16,26527,145.07,0,0,6719549,6.4322,284.0000,0.0000,SEAL,READ_CRITICAL,NORMAL
rtp_mc_v2a_rep04,1105361,1,6,358,3147800,1210.46,5769.93,1105361,8482,870.96,0,0.00,4304,1092.50,27492,141.08,0,0,7558593,6.3590,479.0456,0.0000,SEAL,READ_CRITICAL,NORMAL
rtp_mc_v2a_rep04,1164364,1,7,431,2099216,1237.23,5864.53,1164364,8317,872.55,0,0.00,4290,1093.16,27272,131.19,0,0,8669728,6.3262,554.7225,0.0000,SEAL,READ_CRITICAL,NORMAL
rtp_mc_v2a_rep04,1221460,1,8,489,3147800,1015.83,5769.93,1221460,8387,872.55,0,0.00,4294,1093.16,27469,127.12,0,0,9886193,6.4261,590.5833,0.0000,SEAL,READ_CRITICAL,NORMAL
rtp_mc_v2a_rep04,1590982,1,9,393,3147800,0.00,5769.93,1590982,9185,955.57,0,0.00,4603,1267.34,29457,120.30,0,0,7834909,7.6385,393.0000,0.0000,SEAL,READ_CRITICAL,NORMAL
rtp_mc_v2a_rep04,1664107,1,10,390,2099216,0.00,5864.53,1664107,9417,950.95,0,0.00,4619,1267.34,29947,122.36,0,0,8930820,7.5969,390.0000,0.0000,SEAL,READ_CRITICAL,NORMAL
rtp_mc_v2a_rep04,1732378,1,11,269,2099216,0.00,5864.53,1732378,7610,980.80,0,0.00,3697,1306.33,23925,123.70,0,0,10173709,6.9818,269.0000,0.0000,SEAL,READ_CRITICAL,NORMAL
rtp_mc_v2a_rep04,1789187,2,12,99,2099216,0.00,5864.53,1789187,9418,950.95,0,0.00,4286,1277.37,24607,123.47,0,0,10995690,7.4025,99.0000,0.0000,SEAL,READ_CRITICAL,NORMAL
rtp_mc_v2a_rep04,2265358,2,13,160,2099216,128.11,5864.53,2265358,25517,528.00,0,0.00,8422,756.28,7585,106.76,0,0,5000945,8.6616,172.8105,0.0000,SEAL,READ_CRITICAL,NORMAL
rtp_mc_v2a_rep04,2322984,2,14,215,2099216,954.43,5864.53,2322984,28620,520.06,0,0.00,9416,743.56,8277,107.41,0,0,5274657,9.4394,310.4430,0.0000,SEAL,READ_CRITICAL,NORMAL
rtp_mc_v2a_rep04,2380670,2,15,289,2099216,1282.81,5864.53,2380670,34417,499.37,0,0.00,11407,713.54,9993,105.86,0,0,5673622,9.5334,417.2807,0.0000,SEAL,READ_CRITICAL,NORMAL
rtp_mc_v2a_rep04,2439074,2,16,328,2099216,667.76,5864.53,2439074,41329,478.34,0,0.00,13729,699.84,11885,104.33,0,0,6167524,9.6947,394.7762,0.0000,SEAL,READ_CRITICAL,NORMAL
native_t512_rep04,50328,0,0,0,2048,0.00,1649097.58,0,0,0.00,0,0.00,0,0.00,0,0.00,0,0,0,0.0000,0.0000,0.0000,HOLD,INSUFFICIENT_SAMPLES,NORMAL
native_t512_rep04,103000,0,0,7,1050632,132.90,11008.19,103000,53,0.00,0,0.00,21,0.00,19,0.00,0,0,0,0.0000,20.2898,0.0000,HOLD,INSUFFICIENT_SAMPLES,NORMAL
native_t512_rep04,156339,0,0,185,2099216,3337.15,6437.72,103000,8759,57.82,0,0.00,3025,179.78,2701,48.21,0,0,0,0.0000,520.6755,0.0000,HOLD,LOW_READ_DEBT,NORMAL
native_t512_rep04,212012,0,0,406,3147800,3969.61,5028.71,103000,19685,94.18,0,0.00,6648,155.73,6091,48.15,0,0,0,0.0000,811.8116,0.0000,HOLD,LOW_READ_DEBT,NORMAL
native_t512_rep04,270785,0,1,140,1050632,0.00,5193.59,270785,31499,111.93,0,0.00,10609,164.86,9819,46.21,0,0,139487539,0.0000,140.0000,0.3595,HOLD,LOW_READ_DEBT,NORMAL
native_t512_rep04,330932,0,1,361,2099216,3674.33,4599.68,270785,43079,106.57,0,0.00,14425,160.81,13403,47.49,0,0,139487539,0.0000,732.7651,0.3595,HOLD,LOW_READ_DEBT,NORMAL
native_t512_rep04,391389,0,2,75,2099216,0.00,4599.68,391389,53743,108.85,0,0.00,17918,166.66,16836,47.83,0,1,139487539,0.0000,75.0000,0.3595,HOLD,LOW_READ_DEBT,NORMAL
native_t512_rep04,452303,0,2,176,2099216,1658.08,6570.97,391389,59778,107.35,0,0.00,19906,164.36,18716,47.06,0,0,141748873,0.0000,343.9195,0.3707,HOLD,LOW_READ_DEBT,NORMAL
native_t512_rep04,513652,1,3,209,2099216,537.91,6570.97,513652,61570,117.06,0,0.00,20802,199.65,23598,77.62,0,1,141748873,0.0000,262.7906,0.3707,HOLD,LOW_READ_DEBT,NORMAL
native_t512_rep04,575593,1,4,286,1050632,1243.12,6676.95,575593,63690,126.89,0,0.00,21823,230.48,30242,85.53,0,1,143434692,0.0000,410.3118,0.3791,HOLD,LOW_READ_DEBT,NORMAL
native_t512_rep04,635617,1,5,347,2099216,1016.26,6570.97,635617,65628,129.53,0,0.00,22807,234.99,36922,86.73,0,0,146566908,0.0000,448.6260,0.3947,HOLD,LOW_READ_DEBT,NORMAL
native_t512_rep04,695725,1,6,169,2099216,0.00,6570.97,695725,57967,139.21,0,0.00,20300,250.28,37488,102.14,0,1,146178945,0.0000,169.0000,0.3927,HOLD,LOW_READ_DEBT,NORMAL
native_t512_rep04,756088,1,7,196,1050632,447.29,6676.95,756088,48653,148.90,0,0.00,17583,267.69,39580,108.79,0,1,147747667,0.0000,240.7294,0.4005,HOLD,LOW_READ_DEBT,NORMAL
native_t512_rep04,816584,1,8,286,2099216,1487.70,6570.97,816584,38856,153.95,0,0.00,14654,277.10,42268,108.59,0,1,0,0.0000,434.7702,0.0000,HOLD,LOW_READ_DEBT,NORMAL
native_t512_rep04,876909,1,9,408,2099216,2022.38,6570.97,876909,29225,164.86,0,0.00,11850,289.80,45091,109.18,0,0,12662366,0.0000,610.2379,0.0000,HOLD,LOW_READ_DEBT,NORMAL
native_t512_rep04,937433,1,11,5,1050632,0.00,6676.95,937433,20619,177.29,0,0.00,9332,299.81,48307,108.66,0,1,14137563,0.0000,5.0000,0.0000,HOLD,LOW_READ_DEBT,NORMAL
native_t512_rep04,997574,1,12,129,1050632,2061.82,6676.95,997574,16642,183.30,0,0.00,8347,306.98,52957,108.99,0,1,15647186,0.0000,335.1821,0.0000,HOLD,LOW_READ_DEBT,NORMAL
native_t512_rep04,1057790,1,13,29,1050632,0.00,6676.95,1057790,16421,169.11,0,0.00,8244,299.99,53007,113.85,0,1,17149400,0.0000,29.0000,0.0000,HOLD,LOW_READ_DEBT,NORMAL
native_t512_rep04,1117957,1,13,477,3147800,7445.94,3679.70,1057790,15911,158.68,0,0.00,7981,295.66,51245,118.28,0,0,18376196,0.0000,1227.3182,0.0000,HOLD,LOW_READ_DEBT,NORMAL
native_t512_rep04,1178506,2,14,173,2099216,0.00,3740.02,1178506,16423,157.53,0,0.00,7847,316.42,46475,125.74,0,0,19960598,0.0000,173.0000,0.0000,HOLD,LOW_READ_DEBT,NORMAL
native_t512_rep04,1238779,2,14,391,2099216,3616.88,5342.89,1178506,20311,153.48,0,0.00,9016,330.33,44600,104.14,0,0,19960598,0.0000,757.3797,0.0000,HOLD,LOW_READ_DEBT,NORMAL
native_t512_rep04,1298858,2,15,135,2099216,0.00,5342.89,1298858,23902,155.54,0,0.00,9786,344.02,40659,102.08,0,1,19960598,0.0000,135.0000,0.0000,HOLD,LOW_READ_DEBT,NORMAL
native_t512_rep04,1359135,2,15,374,2099216,3965.03,7632.69,1298858,27368,151.26,0,0.00,10612,335.37,35838,102.14,0,0,9685724,0.0000,774.9908,0.0000,HOLD,LOW_READ_DEBT,NORMAL
native_t512_rep04,1419777,2,16,212,1050632,0.00,7755.81,1419777,30744,149.90,0,0.00,11359,342.15,30984,103.89,0,0,10571861,0.0000,212.0000,0.0000,HOLD,LOW_READ_DEBT,NORMAL
native_t512_rep04,1497203,2,17,3,1050632,0.00,7755.81,1497203,37018,146.04,0,0.00,13108,332.34,26813,105.54,0,1,10571861,0.0000,3.0000,0.0000,HOLD,LOW_READ_DEBT,NORMAL
native_t512_rep04,1564360,2,17,336,2099216,4958.53,6106.34,1497203,40457,143.93,0,0.00,13642,329.13,17293,90.60,0,0,11499921,0.0000,836.3554,0.0000,HOLD,LOW_READ_DEBT,NORMAL
native_t512_rep04,1624217,2,18,103,2099216,0.00,6106.34,1624217,44680,145.51,0,0.00,14938,325.36,14064,84.70,0,1,11499921,0.0000,103.0000,0.0000,HOLD,LOW_READ_DEBT,NORMAL
native_t512_rep04,1683922,2,18,414,2099216,5208.94,8723.34,1624217,49340,142.80,0,0.00,16408,312.80,14135,82.57,0,0,12353688,0.0000,939.7796,0.0000,HOLD,LOW_READ_DEBT,NORMAL
native_t512_rep04,1743607,2,19,137,1050632,0.00,8864.04,1743607,49850,139.64,0,0.00,16601,290.68,14325,81.43,0,0,3565997,0.0000,137.0000,0.0000,HOLD,LOW_READ_DEBT,NORMAL
native_t512_rep04,1803392,2,19,272,1050632,2258.09,12662.92,1743607,47572,133.76,0,0.00,15922,270.63,13628,77.20,0,0,3565997,0.0000,501.0187,0.0000,HOLD,LOW_READ_DEBT,NORMAL
native_t512_rep05,50297,0,0,0,2048,0.00,1648081.80,0,0,0.00,0,0.00,0,0.00,0,0.00,0,0,0,0.0000,0.0000,0.0000,HOLD,INSUFFICIENT_SAMPLES,NORMAL
native_t512_rep05,102901,0,0,22,1050632,418.22,10994.01,102901,704,36.84,0,0.00,295,196.05,220,162.18,0,0,0,0.0000,63.8219,0.0812,HOLD,LOW_READ_DEBT,NORMAL
native_t512_rep05,156616,0,0,199,2099216,3295.17,6460.67,102901,9818,66.27,0,0.00,3379,152.74,3019,47.86,0,0,0,0.0000,530.6263,0.0000,HOLD,LOW_READ_DEBT,NORMAL
native_t512_rep05,212294,0,0,404,3147800,3681.89,5038.86,102901,19403,114.68,0,0.00,6540,174.62,5891,50.15,0,0,0,0.0000,780.9957,0.0000,HOLD,LOW_READ_DEBT,NORMAL
native_t512_rep05,270371,0,1,114,2099216,0.00,5121.47,270371,30111,132.95,0,0.00,10097,190.32,9350,53.48,0,1,0,0.0000,114.0000,0.0000,HOLD,LOW_READ_DEBT,NORMAL
native_t512_rep05,330342,0,1,338,2099216,3735.14,7316.38,270371,42038,125.36,0,0.00,14108,183.30,13085,52.35,0,0,139547533,0.0000,715.5023,0.3598,HOLD,LOW_READ_DEBT,NORMAL
native_t512_rep05,390570,0,2,28,1050632,0.00,7434.39,390570,52269,124.98,0,0.00,17426,183.30,16317,52.86,0,1,139547533,0.0000,28.0000,0.3598,HOLD,LOW_READ_DEBT,NORMAL
native_t512_rep05,447352,0,2,171,2099216,2518.40,5528.08,390570,59152,122.51,0,0.00,19708,180.32,18601,50.36,0,0,141738804,0.0000,424.7556,0.3707,HOLD,LOW_READ_DEBT,NORMAL
native_t512_rep05,508459,1,3,133,2099216,0.00,5528.08,508459,61324,127.58,0,0.00,20672,199.65,22840,68.97,0,1,141738804,0.0000,133.0000,0.3707,HOLD,LOW_READ_DEBT,NORMAL
native_t512_rep05,570108,1,4,152,1050632,308.20,5617.25,570108,63218,134.57,0,0.00,21596,228.95,28840,88.64,0,1,143421663,0.0000,182.8196,0.3790,HOLD,LOW_READ_DEBT,NORMAL
native_t512_rep05,630196,1,5,246,2099216,1564.37,5528.08,630196,64560,137.37,0,0.00,22330,237.71,35165,91.98,0,1,145076937,0.0000,402.4372,0.3873,HOLD,LOW_READ_DEBT,NORMAL
native_t512_rep05,690151,1,6,144,2099216,0.00,5528.08,690151,56652,144.72,0,0.00,19898,254.56,36590,107.02,0,1,146144162,0.0000,144.0000,0.3926,HOLD,LOW_READ_DEBT,NORMAL
native_t512_rep05,750383,1,7,240,2099216,1593.84,5528.08,750383,49080,149.71,0,0.00,17761,264.63,40204,108.99,0,0,149186266,0.0000,399.3837,0.4077,HOLD,LOW_READ_DEBT,NORMAL
native_t512_rep05,810758,1,8,380,3147800,2318.84,5438.91,810758,40474,148.27,0,0.00,15300,270.30,43633,109.05,0,1,149186266,0.0000,611.8841,0.4077,HOLD,LOW_READ_DEBT,NORMAL
native_t512_rep05,871062,1,9,315,2099216,0.00,5528.08,871062,30068,158.01,0,0.00,12056,283.04,44663,122.51,0,0,12637588,0.0000,315.0000,0.0000,HOLD,LOW_READ_DEBT,NORMAL
native_t512_rep05,931363,1,10,439,2099216,2056.35,5528.08,931363,21854,169.93,0,0.00,9739,294.58,48136,118.20,0,0,14156980,0.0000,644.6351,0.0000,HOLD,LOW_READ_DEBT,NORMAL
native_t512_rep05,991852,1,12,52,2099216,0.00,5528.08,991852,16985,179.13,0,0.00,8452,300.90,52300,116.92,0,1,15652518,0.0000,52.0000,0.0000,HOLD,LOW_READ_DEBT,NORMAL
native_t512_rep05,1052108,1,13,9,1050632,0.00,5617.25,1052108,16581,163.27,0,0.00,8299,289.28,53353,122.95,0,1,17096839,0.0000,9.0000,0.0000,HOLD,LOW_READ_DEBT,NORMAL
native_t512_rep05,1112302,1,13,409,3147800,6645.18,3423.31,1052108,16090,152.18,0,0.00,8061,284.41,51856,123.25,0,0,18296517,0.0000,1078.4261,0.0000,HOLD,LOW_READ_DEBT,NORMAL
native_t512_rep05,1172616,2,14,121,2099216,0.00,3479.43,1172616,15970,148.54,0,0.00,7782,288.58,47776,126.58,0,0,19914455,0.0000,121.0000,0.0000,HOLD,LOW_READ_DEBT,NORMAL
native_t512_rep05,1233062,2,14,335,2099216,3540.35,4970.62,1172616,19457,143.15,0,0.00,8668,335.78,44838,109.25,0,0,19914455,0.0000,693.0550,0.0000,HOLD,LOW_READ_DEBT,NORMAL
native_t512_rep05,1293176,2,15,23,2099216,0.00,4970.62,1293176,21781,161.10,0,0.00,9117,365.95,39630,108.13,0,1,19914455,0.0000,23.0000,0.0000,HOLD,LOW_READ_DEBT,NORMAL
native_t512_rep05,1353339,2,15,312,2099216,4803.62,7100.89,1293176,25206,157.44,0,0.00,9783,375.84,34398,112.20,0,0,9653706,0.0000,796.1057,0.0000,HOLD,LOW_READ_DEBT,NORMAL
native_t512_rep05,1420719,2,16,93,2099216,0.00,7100.89,1420719,29359,153.48,0,0.00,10907,370.41,31325,99.76,0,1,9653706,0.0000,93.0000,0.0000,HOLD,LOW_READ_DEBT,NORMAL
native_t512_rep05,1487663,2,16,404,2099216,4645.67,10144.12,1420719,34863,148.27,0,0.00,12400,365.06,26781,100.49,0,0,10536261,0.0000,873.9002,0.0000,HOLD,LOW_READ_DEBT,NORMAL
native_t512_rep05,1547896,2,17,225,2099216,0.00,10144.12,1547896,39661,146.66,0,0.00,13669,356.54,22249,104.14,0,0,11462652,0.0000,225.0000,0.0000,HOLD,LOW_READ_DEBT,NORMAL
native_t512_rep05,1608051,2,18,2,2099216,0.00,10144.12,1608051,44366,143.67,0,0.00,15045,349.27,18762,93.44,0,1,11462652,0.0000,2.0000,0.0000,HOLD,LOW_READ_DEBT,NORMAL
native_t512_rep05,1668246,2,18,315,2099216,5199.77,14491.60,1608051,49882,141.85,0,0.00,16783,343.81,16278,88.32,0,0,12303734,0.0000,838.7567,0.0000,HOLD,LOW_READ_DEBT,NORMAL
native_t512_rep05,1728303,2,19,77,1050632,0.00,14725.35,1728303,53906,140.57,0,0.00,18036,335.78,15490,89.72,0,1,12303734,0.0000,77.0000,0.0000,HOLD,LOW_READ_DEBT,NORMAL
native_t512_rep05,1788298,2,19,224,1050632,2450.20,21036.21,1728303,53009,138.63,0,0.00,17697,302.91,15264,85.22,0,0,0,0.0000,471.6636,0.0000,HOLD,LOW_READ_DEBT,NORMAL
native_t512_rep05,1842941,2,19,263,1050632,713.72,30051.73,1728303,49522,128.28,0,0.00,16511,271.78,14234,84.96,0,0,0,0.0000,340.3688,0.0000,HOLD,LOW_READ_DEBT,NORMAL
rtp_mc_v2a_rep05,50293,0,0,0,2048,0.00,1647950.73,0,0,0.00,0,0.00,0,0.00,0,0.00,0,0,0,0.0000,0.0000,0.0000,HOLD,INSUFFICIENT_SAMPLES,NORMAL
rtp_mc_v2a_rep05,103521,0,0,7,1050632,131.51,11123.79,103521,96,0.00,0,0.00,46,0.00,38,0.00,0,0,0,0.0000,20.1510,0.0000,HOLD,INSUFFICIENT_SAMPLES,NORMAL
rtp_mc_v2a_rep05,156679,0,0,194,2099216,3517.81,6452.79,103521,9149,61.21,0,0.00,3154,147.73,2801,47.66,0,0,0,0.0000,547.8379,0.0000,HOLD,LOW_READ_DEBT,NORMAL
rtp_mc_v2a_rep05,212096,0,0,410,3147800,3897.72,5024.92,103521,19757,99.52,0,0.00,6604,160.62,6077,44.86,0,0,0,0.0000,808.6281,0.0000,HOLD,LOW_READ_DEBT,NORMAL
rtp_mc_v2a_rep05,269962,0,0,614,4196384,3525.39,4385.24,103521,29922,136.13,0,0.00,10019,187.11,9240,46.32,0,0,0,0.0000,986.9234,0.0000,HOLD,LOW_READ_DEBT,NORMAL
rtp_mc_v2a_rep05,329464,0,0,793,4196384,3008.30,6264.63,103521,39313,159.36,0,0.00,13152,211.35,12240,47.03,0,0,0,0.0000,1129.5152,0.0000,HOLD,LOW_READ_DEBT,NORMAL
rtp_mc_v2a_rep05,389394,0,0,951,5244968,2636.41,5038.27,103521,47133,194.04,0,0.00,15783,243.99,14712,48.36,0,0,0,0.0000,1268.8479,0.0000,HOLD,LOW_READ_DEBT,NORMAL
rtp_mc_v2a_rep05,450022,0,0,1080,6293552,2127.73,4412.10,103521,53245,243.10,0,0.00,17811,300.53,16670,50.61,0,0,0,2.5499,1367.5090,0.0000,SEAL,READ_CRITICAL,NORMAL
rtp_mc_v2a_rep05,512463,0,1,105,1050632,0.00,4792.47,512463,58920,244.58,0,0.00,19672,302.36,18482,50.61,0,0,141884545,2.5628,105.0000,0.3714,SEAL,READ_CRITICAL,NORMAL
rtp_mc_v2a_rep05,570666,1,2,223,2099216,2027.39,4716.39,570666,60611,243.10,0,0.00,20324,302.73,20661,87.20,0,0,142335581,2.5102,425.7387,0.3737,SEAL,READ_CRITICAL,NORMAL
rtp_mc_v2a_rep05,627836,1,3,382,2099216,2781.18,4716.39,627836,61904,241.93,0,0.00,20949,321.44,24867,108.33,0,0,143005964,2.4751,660.1179,0.3770,SEAL,READ_CRITICAL,NORMAL
rtp_mc_v2a_rep05,684975,1,4,425,3147800,752.55,4640.32,684975,54366,248.92,0,0.00,18585,332.34,26949,119.43,0,0,144192685,2.5169,500.2551,0.3829,SEAL,READ_CRITICAL,NORMAL
rtp_mc_v2a_rep05,1119410,1,5,249,2099216,0.00,4716.39,1119410,8010,1062.47,0,0.00,4058,1261.98,25900,143.32,0,1,0,7.4217,249.0000,2.0000,YIELD,INFLIGHT_FLUSH,READ_MAINTENANCE_CONFLICT
rtp_mc_v2a_rep05,1176953,1,5,519,3147800,4692.14,4231.51,1119410,7479,1070.22,0,0.00,3827,1264.28,24543,142.80,0,0,7322373,6.9915,994.1309,0.0000,SEAL,READ_CRITICAL,NORMAL
rtp_mc_v2a_rep05,1235147,1,6,364,2099216,0.00,4300.88,1235147,7142,1071.52,0,0.00,3646,1268.11,23364,145.60,0,0,8894235,6.6748,364.0000,0.0000,SEAL,READ_CRITICAL,NORMAL
rtp_mc_v2a_rep05,1293710,1,7,434,3147800,1195.29,4231.51,1293710,8497,1059.25,0,0.00,4359,1259.69,27722,142.98,0,0,9935099,7.0849,553.5294,0.0000,SEAL,READ_CRITICAL,NORMAL
rtp_mc_v2a_rep05,1352687,1,8,490,2099216,949.52,4300.88,1352687,10084,1037.03,0,0.00,5156,1251.32,32899,138.71,0,0,11180346,7.4808,584.9523,0.0000,SEAL,READ_CRITICAL,NORMAL
rtp_mc_v2a_rep05,1848447,1,9,275,1050632,0.00,4370.25,1848447,6967,1121.34,0,0.00,3396,1443.69,22155,149.26,0,1,0,6.9410,275.0000,2.0000,YIELD,INFLIGHT_FLUSH,READ_MAINTENANCE_CONFLICT
rtp_mc_v2a_rep05,1913106,1,9,485,3147800,3247.81,3149.07,1848447,6169,1125.42,0,0.00,2992,1451.58,19432,154.98,0,0,8974371,6.1095,815.9888,0.0332,SEAL,READ_CRITICAL,NORMAL
rtp_mc_v2a_rep05,1978499,2,10,97,2099216,0.00,3200.70,1978499,7316,1117.95,0,0.00,3401,1441.94,20426,151.91,0,0,10429250,6.3894,97.0000,0.0127,SEAL,READ_CRITICAL,NORMAL
rtp_mc_v2a_rep05,2036930,2,11,168,1050632,1215.11,3252.33,2036930,10636,1093.16,0,0.00,4485,1423.71,21350,152.28,0,0,10648029,8.1527,289.5108,0.0152,SEAL,READ_CRITICAL,NORMAL
rtp_mc_v2a_rep05,2095834,2,12,197,1050632,492.33,3252.33,2095834,15113,1065.69,0,0.00,6001,1399.76,22613,151.82,0,0,10918095,10.2557,246.2326,0.0121,SEAL,READ_CRITICAL,NORMAL
rtp_mc_v2a_rep05,2474739,2,13,190,1050632,0.00,3252.33,2474739,32168,416.36,0,0.00,10618,588.84,10021,103.08,0,0,3877382,6.5322,190.0000,0.0000,SEAL,READ_CRITICAL,NORMAL
rtp_mc_v2a_rep05,2533393,2,14,281,2099216,1551.47,3200.70,2533393,36761,403.94,0,0.00,12159,576.49,10616,100.49,0,0,4219987,7.0905,436.1471,0.0000,SEAL,READ_CRITICAL,NORMAL
rtp_mc_v2a_rep05,2592293,2,15,306,2099216,424.45,3200.70,2592293,40232,391.17,0,0.00,13433,563.71,11623,94.23,0,0,4677276,7.2327,348.4448,0.0000,SEAL,READ_CRITICAL,NORMAL
rtp_mc_v2a_rep05,2651238,2,16,316,2099216,169.65,3200.70,2651238,42883,385.29,0,0.00,14330,553.89,12376,91.37,0,0,5231747,7.4313,332.9650,0.0000,SEAL,READ_CRITICAL,NORMAL
