exp_id,group_name,threshold,phase,elapsed_sec,completed_ops,true_phase_iops,scan_us_per_key,scan_p99_us,scan_intersect_p99_us,scan_non_intersect_p99_us,get_live_p99_us,get_del_p99_us,put_p99_us,scan_limit_truncated_count
rtc_native_t512_rep01,RTC-NATIVE-T512,512,"Phase A (Read Sensitive)",0.5546,100000,180302.7129,1.1007,260.9630,0.0000,260.9630,159.9364,0.0000,54.0296,29
rtc_native_t512_rep01,RTC-NATIVE-T512,512,"Phase B (Write Burst)",1.0194,100000,98096.9711,2.7576,608.0613,0.0000,608.0613,342.9755,0.0000,151.1728,32
rtc_native_t512_rep01,RTC-NATIVE-T512,512,"Phase B-Inject (20% Window)",0.2039,0,0.0000,0.0000,0.0000,0.0000,0.0000,0.0000,0.0000,0.0000,0
rtc_native_t512_rep01,RTC-NATIVE-T512,512,"Phase B-PostBurst (80% Window)",0.8155,0,0.0000,0.0000,0.0000,0.0000,0.0000,0.0000,0.0000,0.0000,0
rtc_native_t512_rep01,RTC-NATIVE-T512,512,"Phase C (Read Recovery)",0.9727,100000,102810.2018,2.1699,537.3573,0.0000,537.3573,199.6472,0.0000,95.3258,38
rtc_controller_observe_rep01,RTC-CONTROLLER-OBSERVE,0,"Phase A (Read Sensitive)",0.8075,100000,123833.2263,1.4010,565.7591,0.0000,565.7591,444.5235,0.0000,67.2814,29
rtc_controller_observe_rep01,RTC-CONTROLLER-OBSERVE,0,"Phase B (Write Burst)",10.9193,100000,9158.1377,27.8089,7399.6389,0.0000,7399.6389,6989.9438,0.0000,286.6609,32
rtc_controller_observe_rep01,RTC-CONTROLLER-OBSERVE,0,"Phase B-Inject (20% Window)",2.1839,0,0.0000,0.0000,0.0000,0.0000,0.0000,0.0000,0.0000,0.0000,0
rtc_controller_observe_rep01,RTC-CONTROLLER-OBSERVE,0,"Phase B-PostBurst (80% Window)",8.7354,0,0.0000,0.0000,0.0000,0.0000,0.0000,0.0000,0.0000,0.0000,0
rtc_controller_observe_rep01,RTC-CONTROLLER-OBSERVE,0,"Phase C (Read Recovery)",18.7848,100000,5323.4548,21.0997,10121.9260,0.0000,10121.9260,9719.2237,0.0000,253.6358,38
rtc_controller_active_rep01,RTC-CONTROLLER-ACTIVE,0,"Phase A (Read Sensitive)",0.8051,100000,124206.7051,1.3767,576.4869,0.0000,576.4869,466.8857,0.0000,67.5673,29
rtc_controller_active_rep01,RTC-CONTROLLER-ACTIVE,0,"Phase B (Write Burst)",3.2311,100000,30948.9478,8.2945,2448.7665,0.0000,2448.7665,2064.1290,0.0000,220.2393,32
rtc_controller_active_rep01,RTC-CONTROLLER-ACTIVE,0,"Phase B-Inject (20% Window)",0.6462,0,0.0000,0.0000,0.0000,0.0000,0.0000,0.0000,0.0000,0.0000,0
rtc_controller_active_rep01,RTC-CONTROLLER-ACTIVE,0,"Phase B-PostBurst (80% Window)",2.5849,0,0.0000,0.0000,0.0000,0.0000,0.0000,0.0000,0.0000,0.0000,0
rtc_controller_active_rep01,RTC-CONTROLLER-ACTIVE,0,"Phase C (Read Recovery)",4.0116,100000,24927.4973,5.9856,2871.8245,0.0000,2871.8245,2394.4762,0.0000,179.5604,38
rtc_controller_observe_rep02,RTC-CONTROLLER-OBSERVE,0,"Phase A (Read Sensitive)",0.7566,100000,132174.2049,1.3036,574.3948,0.0000,574.3948,447.2253,0.0000,66.6322,29
rtc_controller_observe_rep02,RTC-CONTROLLER-OBSERVE,0,"Phase B (Write Burst)",10.9303,100000,9148.8754,27.9574,7297.2276,0.0000,7297.2276,6935.0985,0.0000,298.1767,32
rtc_controller_observe_rep02,RTC-CONTROLLER-OBSERVE,0,"Phase B-Inject (20% Window)",2.1861,0,0.0000,0.0000,0.0000,0.0000,0.0000,0.0000,0.0000,0.0000,0
rtc_controller_observe_rep02,RTC-CONTROLLER-OBSERVE,0,"Phase B-PostBurst (80% Window)",8.7442,0,0.0000,0.0000,0.0000,0.0000,0.0000,0.0000,0.0000,0.0000,0
rtc_controller_observe_rep02,RTC-CONTROLLER-OBSERVE,0,"Phase C (Read Recovery)",17.1789,100000,5821.1060,17.1638,9987.8885,0.0000,9987.8885,9613.7923,0.0000,231.8799,38
rtc_controller_active_rep02,RTC-CONTROLLER-ACTIVE,0,"Phase A (Read Sensitive)",0.6853,100000,145928.2063,1.2200,514.4176,0.0000,514.4176,419.9116,0.0000,62.2979,29
rtc_controller_active_rep02,RTC-CONTROLLER-ACTIVE,0,"Phase B (Write Burst)",3.3679,100000,29692.0126,8.8845,2454.7089,0.0000,2454.7089,2030.6337,0.0000,226.7390,32
rtc_controller_active_rep02,RTC-CONTROLLER-ACTIVE,0,"Phase B-Inject (20% Window)",0.6736,0,0.0000,0.0000,0.0000,0.0000,0.0000,0.0000,0.0000,0.0000,0
rtc_controller_active_rep02,RTC-CONTROLLER-ACTIVE,0,"Phase B-PostBurst (80% Window)",2.6943,0,0.0000,0.0000,0.0000,0.0000,0.0000,0.0000,0.0000,0.0000,0
rtc_controller_active_rep02,RTC-CONTROLLER-ACTIVE,0,"Phase C (Read Recovery)",4.0293,100000,24818.3549,6.3396,2721.0520,0.0000,2721.0520,2306.1882,0.0000,186.8869,38
rtc_native_t512_rep02,RTC-NATIVE-T512,512,"Phase A (Read Sensitive)",0.5333,100000,187497.8693,1.1016,265.7503,0.0000,265.7503,162.3777,0.0000,58.7418,29
rtc_native_t512_rep02,RTC-NATIVE-T512,512,"Phase B (Write Burst)",0.9469,100000,105604.2114,2.3262,500.2770,0.0000,500.2770,262.0723,0.0000,117.1343,32
rtc_native_t512_rep02,RTC-NATIVE-T512,512,"Phase B-Inject (20% Window)",0.1894,0,0.0000,0.0000,0.0000,0.0000,0.0000,0.0000,0.0000,0.0000,0
rtc_native_t512_rep02,RTC-NATIVE-T512,512,"Phase B-PostBurst (80% Window)",0.7575,0,0.0000,0.0000,0.0000,0.0000,0.0000,0.0000,0.0000,0.0000,0
rtc_native_t512_rep02,RTC-NATIVE-T512,512,"Phase C (Read Recovery)",0.9591,100000,104262.6949,1.9739,552.8809,0.0000,552.8809,192.0530,0.0000,87.2548,38
rtc_controller_active_rep03,RTC-CONTROLLER-ACTIVE,0,"Phase A (Read Sensitive)",0.8408,100000,118938.3461,1.3682,592.7816,0.0000,592.7816,475.7386,0.0000,72.3997,29
rtc_controller_active_rep03,RTC-CONTROLLER-ACTIVE,0,"Phase B (Write Burst)",3.4724,100000,28798.5094,9.2136,2374.2493,0.0000,2374.2493,1938.0654,0.0000,250.7324,32
rtc_controller_active_rep03,RTC-CONTROLLER-ACTIVE,0,"Phase B-Inject (20% Window)",0.6945,0,0.0000,0.0000,0.0000,0.0000,0.0000,0.0000,0.0000,0.0000,0
rtc_controller_active_rep03,RTC-CONTROLLER-ACTIVE,0,"Phase B-PostBurst (80% Window)",2.7779,0,0.0000,0.0000,0.0000,0.0000,0.0000,0.0000,0.0000,0.0000,0
rtc_controller_active_rep03,RTC-CONTROLLER-ACTIVE,0,"Phase C (Read Recovery)",4.3845,100000,22807.5576,6.7352,3019.9517,0.0000,3019.9517,2487.6511,0.0000,205.1659,38
rtc_native_t512_rep03,RTC-NATIVE-T512,512,"Phase A (Read Sensitive)",0.5334,100000,187460.9827,1.0535,236.7067,0.0000,236.7067,149.8958,0.0000,53.6056,29
rtc_native_t512_rep03,RTC-NATIVE-T512,512,"Phase B (Write Burst)",0.9661,100000,103507.2688,2.6224,536.3814,0.0000,536.3814,306.0479,0.0000,121.6186,32
rtc_native_t512_rep03,RTC-NATIVE-T512,512,"Phase B-Inject (20% Window)",0.1932,0,0.0000,0.0000,0.0000,0.0000,0.0000,0.0000,0.0000,0.0000,0
rtc_native_t512_rep03,RTC-NATIVE-T512,512,"Phase B-PostBurst (80% Window)",0.7729,0,0.0000,0.0000,0.0000,0.0000,0.0000,0.0000,0.0000,0.0000,0
rtc_native_t512_rep03,RTC-NATIVE-T512,512,"Phase C (Read Recovery)",0.9260,100000,107987.7984,2.1511,488.8893,0.0000,488.8893,190.6616,0.0000,79.1925,38
rtc_controller_observe_rep03,RTC-CONTROLLER-OBSERVE,0,"Phase A (Read Sensitive)",0.7616,100000,131304.8900,1.2365,511.6198,0.0000,511.6198,412.5972,0.0000,67.6493,29
rtc_controller_observe_rep03,RTC-CONTROLLER-OBSERVE,0,"Phase B (Write Burst)",10.5410,100000,9486.7362,25.0900,7266.3412,0.0000,7266.3412,6922.5031,0.0000,258.2886,32
rtc_controller_observe_rep03,RTC-CONTROLLER-OBSERVE,0,"Phase B-Inject (20% Window)",2.1082,0,0.0000,0.0000,0.0000,0.0000,0.0000,0.0000,0.0000,0.0000,0
rtc_controller_observe_rep03,RTC-CONTROLLER-OBSERVE,0,"Phase B-PostBurst (80% Window)",8.4328,0,0.0000,0.0000,0.0000,0.0000,0.0000,0.0000,0.0000,0.0000,0
rtc_controller_observe_rep03,RTC-CONTROLLER-OBSERVE,0,"Phase C (Read Recovery)",17.9694,100000,5565.0259,18.2082,10103.5428,0.0000,10103.5428,9596.3320,0.0000,259.7010,38
rtc_controller_active_rep04,RTC-CONTROLLER-ACTIVE,0,"Phase A (Read Sensitive)",0.8707,100000,114855.2000,1.4336,535.7317,0.0000,535.7317,419.1490,0.0000,91.7554,29
rtc_controller_active_rep04,RTC-CONTROLLER-ACTIVE,0,"Phase B (Write Burst)",3.0700,100000,32572.9508,7.7412,2456.1968,0.0000,2456.1968,2054.1473,0.0000,194.0416,32
rtc_controller_active_rep04,RTC-CONTROLLER-ACTIVE,0,"Phase B-Inject (20% Window)",0.6140,0,0.0000,0.0000,0.0000,0.0000,0.0000,0.0000,0.0000,0.0000,0
rtc_controller_active_rep04,RTC-CONTROLLER-ACTIVE,0,"Phase B-PostBurst (80% Window)",2.4560,0,0.0000,0.0000,0.0000,0.0000,0.0000,0.0000,0.0000,0.0000,0
rtc_controller_active_rep04,RTC-CONTROLLER-ACTIVE,0,"Phase C (Read Recovery)",3.8818,100000,25761.4637,6.2738,2801.3568,0.0000,2801.3568,2378.5692,0.0000,198.6817,38
rtc_controller_observe_rep04,RTC-CONTROLLER-OBSERVE,0,"Phase A (Read Sensitive)",0.7062,100000,141609.6899,1.2376,491.2650,0.0000,491.2650,377.4349,0.0000,62.5248,29
rtc_controller_observe_rep04,RTC-CONTROLLER-OBSERVE,0,"Phase B (Write Burst)",10.6023,100000,9431.9133,25.2593,7306.0764,0.0000,7306.0764,6930.8975,0.0000,245.9175,32
rtc_controller_observe_rep04,RTC-CONTROLLER-OBSERVE,0,"Phase B-Inject (20% Window)",2.1205,0,0.0000,0.0000,0.0000,0.0000,0.0000,0.0000,0.0000,0.0000,0
rtc_controller_observe_rep04,RTC-CONTROLLER-OBSERVE,0,"Phase B-PostBurst (80% Window)",8.4818,0,0.0000,0.0000,0.0000,0.0000,0.0000,0.0000,0.0000,0.0000,0
rtc_controller_observe_rep04,RTC-CONTROLLER-OBSERVE,0,"Phase C (Read Recovery)",17.8031,100000,5616.9969,18.5919,9981.8382,0.0000,9981.8382,9549.9259,0.0000,220.5063,38
rtc_native_t512_rep04,RTC-NATIVE-T512,512,"Phase A (Read Sensitive)",0.5179,100000,193104.3596,0.9899,218.2465,0.0000,218.2465,137.7877,0.0000,49.8764,29
rtc_native_t512_rep04,RTC-NATIVE-T512,512,"Phase B (Write Burst)",0.9711,100000,102979.2320,2.7445,592.4225,0.0000,592.4225,324.3789,0.0000,125.4357,32
rtc_native_t512_rep04,RTC-NATIVE-T512,512,"Phase B-Inject (20% Window)",0.1942,0,0.0000,0.0000,0.0000,0.0000,0.0000,0.0000,0.0000,0.0000,0
rtc_native_t512_rep04,RTC-NATIVE-T512,512,"Phase B-PostBurst (80% Window)",0.7769,0,0.0000,0.0000,0.0000,0.0000,0.0000,0.0000,0.0000,0.0000,0
rtc_native_t512_rep04,RTC-NATIVE-T512,512,"Phase C (Read Recovery)",0.8927,100000,112021.7226,1.9418,441.5704,0.0000,441.5704,181.9701,0.0000,84.9078,38
rtc_controller_observe_rep05,RTC-CONTROLLER-OBSERVE,0,"Phase A (Read Sensitive)",0.7719,100000,129558.5142,1.2654,543.5796,0.0000,543.5796,430.7354,0.0000,65.3923,29
rtc_controller_observe_rep05,RTC-CONTROLLER-OBSERVE,0,"Phase B (Write Burst)",10.5201,100000,9505.6284,25.5831,7301.6507,0.0000,7301.6507,6905.7448,0.0000,261.4378,32
rtc_controller_observe_rep05,RTC-CONTROLLER-OBSERVE,0,"Phase B-Inject (20% Window)",2.1040,0,0.0000,0.0000,0.0000,0.0000,0.0000,0.0000,0.0000,0.0000,0
rtc_controller_observe_rep05,RTC-CONTROLLER-OBSERVE,0,"Phase B-PostBurst (80% Window)",8.4161,0,0.0000,0.0000,0.0000,0.0000,0.0000,0.0000,0.0000,0.0000,0
rtc_controller_observe_rep05,RTC-CONTROLLER-OBSERVE,0,"Phase C (Read Recovery)",17.8252,100000,5610.0445,18.2198,10048.5932,0.0000,10048.5932,9642.9636,0.0000,238.8680,38
rtc_native_t512_rep05,RTC-NATIVE-T512,512,"Phase A (Read Sensitive)",0.7134,100000,140180.4229,1.3568,389.7530,0.0000,389.7530,185.0838,0.0000,69.6458,29
rtc_native_t512_rep05,RTC-NATIVE-T512,512,"Phase B (Write Burst)",1.1241,100000,88963.5998,2.9856,644.0912,0.0000,644.0912,349.9028,0.0000,164.7563,32
rtc_native_t512_rep05,RTC-NATIVE-T512,512,"Phase B-Inject (20% Window)",0.2248,0,0.0000,0.0000,0.0000,0.0000,0.0000,0.0000,0.0000,0.0000,0
rtc_native_t512_rep05,RTC-NATIVE-T512,512,"Phase B-PostBurst (80% Window)",0.8992,0,0.0000,0.0000,0.0000,0.0000,0.0000,0.0000,0.0000,0.0000,0
rtc_native_t512_rep05,RTC-NATIVE-T512,512,"Phase C (Read Recovery)",0.9872,100000,101292.1393,2.2829,574.7430,0.0000,574.7430,216.6654,0.0000,111.6593,38
rtc_controller_active_rep05,RTC-CONTROLLER-ACTIVE,0,"Phase A (Read Sensitive)",0.8572,100000,116663.9121,1.4518,556.2412,0.0000,556.2412,453.5017,0.0000,76.6897,29
rtc_controller_active_rep05,RTC-CONTROLLER-ACTIVE,0,"Phase B (Write Burst)",3.4606,100000,28896.8547,9.1844,2750.8929,0.0000,2750.8929,2306.1882,0.0000,234.4229,32
rtc_controller_active_rep05,RTC-CONTROLLER-ACTIVE,0,"Phase B-Inject (20% Window)",0.6921,0,0.0000,0.0000,0.0000,0.0000,0.0000,0.0000,0.0000,0.0000,0
rtc_controller_active_rep05,RTC-CONTROLLER-ACTIVE,0,"Phase B-PostBurst (80% Window)",2.7685,0,0.0000,0.0000,0.0000,0.0000,0.0000,0.0000,0.0000,0.0000,0
rtc_controller_active_rep05,RTC-CONTROLLER-ACTIVE,0,"Phase C (Read Recovery)",3.9668,100000,25209.2061,6.3948,2781.0611,0.0000,2781.0611,2317.3946,0.0000,220.9075,38
